"ring","parent","site","field_sex","tagID","tag_type","date_dep","date_local","temp","volt","latitude","longitude","locationClass","time_since_deployment"
"CP9042","RRYY","KK","F","55843","GPS",2021-10-02 18:50:00,2021-10-16 12:57:56,NA,4.08,-42.413045,173.664143,NA,1188476
"CP9042","RRYY","KK","F","55843","GPS",2021-10-02 18:50:00,2021-10-23 12:58:02,NA,4.08,-42.426872,173.713988,NA,1793282
"CP9042","RRYY","KK","F","55843","GPS",2021-10-02 18:50:00,2021-10-30 12:58:08,NA,4.08,-42.413984,173.666394,NA,2398088
"CP9042","RRYY","KK","F","55843","GPS",2021-10-02 18:50:00,2021-11-06 12:58:14,NA,4.08,-42.413706,173.667587,NA,3002894
"CP9042","RRYY","KK","F","55843","GPS",2021-10-02 18:50:00,2021-11-13 12:58:20,NA,4.08,-42.421844,173.713363,NA,3607700
"CP9042","RRYY","KK","F","55843","GPS",2021-10-02 18:50:00,2021-11-20 12:58:28,NA,4.08,-42.413387,173.667272,NA,4212508
"CP9042","RRYY","KK","F","55843","GPS",2021-10-02 18:50:00,2021-11-27 12:58:32,NA,4.08,-42.413912,173.666903,NA,4817312
"CP9042","RRYY","KK","F","55843","GPS",2021-10-02 18:50:00,2021-12-04 12:58:37,NA,4.06,-42.413722,173.668333,NA,5422117
"CP9042","RRYY","KK","F","55843","GPS",2021-10-02 18:50:00,2021-12-11 12:58:43,NA,4.04,-42.413495,173.667838,NA,6026923
"CP9042","RRYY","KK","F","55843","GPS",2021-10-02 18:50:00,2021-12-18 12:58:48,NA,4.02,-42.413528,173.667324,NA,6631728
"CP9042","RRYY","KK","F","55843","GPS",2021-10-02 18:50:00,2021-12-25 12:58:57,NA,4.02,-42.431414,173.703536,NA,7236537
"CP9042","RRYY","KK","F","55843","GPS",2021-10-02 18:50:00,2022-01-01 12:59:04,NA,4.02,-42.431641,173.703679,NA,7841344
"CP9042","RRYY","KK","F","55843","GPS",2021-10-02 18:50:00,2022-01-08 12:59:11,NA,4.02,-42.429254,173.709084,NA,8446151
"CP9042","RRYY","KK","F","55843","GPS",2021-10-02 18:50:00,2022-01-15 12:59:19,NA,4.02,-42.432135,173.701683,NA,9050959
"CP9042","RRYY","KK","F","55843","GPS",2021-10-02 18:50:00,2022-01-22 12:59:27,NA,4.02,-42.429662,173.708943,NA,9655767
"CP9042","RRYY","KK","F","55843","GPS",2021-10-02 18:50:00,2022-01-29 12:59:33,NA,4,-42.42976,173.708589,NA,10260573
"CP9042","RRYY","KK","F","55843","GPS",2021-10-02 18:50:00,2022-02-05 12:59:40,NA,3.98,-42.429741,173.709001,NA,10865380
"CP9055","RRLR","KK","M","20865","GPS",2021-10-05 18:32:00,2021-12-04 12:56:14,NA,4,-42.413571,173.662395,NA,5163854
"CP9055","RRLR","KK","M","20865","GPS",2021-10-05 18:32:00,2021-12-11 12:56:18,NA,3.98,-42.413344,173.660141,NA,5768658
"CP9055","RRLR","KK","M","20865","GPS",2021-10-05 18:32:00,2021-12-18 12:56:22,NA,3.96,-42.413582,173.666867,NA,6373462
"CP9055","RRLR","KK","M","20865","GPS",2021-10-05 18:32:00,2022-01-01 12:56:31,NA,3.94,-42.41313,173.665059,NA,7583071
"CP9055","RRLR","KK","M","20865","GPS",2021-10-05 18:32:00,2022-01-15 12:56:40,NA,3.92,-42.413083,173.665106,NA,8792680
"CP9055","RRLR","KK","M","20865","GPS",2021-10-05 18:32:00,2022-01-29 12:56:49,NA,3.9,-42.413275,173.66566,NA,10002289
"CP9055","RRLR","KK","M","20865","GPS",2021-10-05 18:32:00,2022-02-12 12:56:56,NA,3.88,-42.41368,173.660583,NA,11211896
"CP9055","RRLR","KK","M","20865","GPS",2021-10-05 18:32:00,2022-02-26 12:57:04,NA,3.83,-42.413609,173.66362,NA,12421504
"CP9098","RWLB","KK","F","21146","GPS",2021-10-09 15:24:00,2021-12-04 13:00:23,NA,4.1,-42.394323,173.681413,NA,4829783
"CP9098","RWLB","KK","F","21146","GPS",2021-10-09 15:24:00,2021-12-11 13:00:28,NA,4.08,-42.392768,173.681348,NA,5434588
"CP9098","RWLB","KK","F","21146","GPS",2021-10-09 15:24:00,2021-12-18 13:00:33,NA,4.08,-42.42156,173.712841,NA,6039393
"CP9098","RWLB","KK","F","21146","GPS",2021-10-09 15:24:00,2021-12-25 13:00:46,NA,4.1,-42.414552,173.705211,NA,6644206
"CP9098","RWLB","KK","F","21146","GPS",2021-10-09 15:24:00,2022-01-01 13:00:48,NA,4.1,-42.422048,173.713929,NA,7249008
"CP9098","RWLB","KK","F","21146","GPS",2021-10-09 15:24:00,2022-01-08 13:00:54,NA,4.04,-42.414434,173.70478,NA,7853814
"CP9098","RWLB","KK","F","21146","GPS",2021-10-09 15:24:00,2022-01-15 13:01:03,NA,3.96,-42.421926,173.714156,NA,8458623
"CP9032","RBBR","KK","M","55687","GPS",2021-10-09 19:58:00,2021-10-16 13:00:20,NA,4.18,-42.414828,173.673496,NA,579740
"CP9032","RBBR","KK","M","55687","GPS",2021-10-09 19:58:00,2021-10-23 13:00:23,NA,4.12,-42.418052,173.632602,NA,1184543
"CP9032","RBBR","KK","M","55687","GPS",2021-10-09 19:58:00,2021-10-30 13:00:26,NA,4.04,-42.413437,173.670397,NA,1789346
"CP9032","RBBR","KK","M","55687","GPS",2021-10-09 19:58:00,2021-11-06 13:00:29,NA,4,-42.43288,173.701654,NA,2394149
"CP9032","RBBR","KK","M","55687","GPS",2021-10-09 19:58:00,2021-11-13 13:00:31,NA,3.98,-42.414541,173.673051,NA,2998951
"CP9032","RBBR","KK","M","55687","GPS",2021-10-09 19:58:00,2021-11-20 13:00:36,NA,4,-42.416877,173.632784,NA,3603756
"CP9032","RBBR","KK","M","55687","GPS",2021-10-09 19:58:00,2021-11-27 13:00:39,NA,3.98,-42.426747,173.690524,NA,4208559
"CP9032","RBBR","KK","M","55687","GPS",2021-10-09 19:58:00,2021-12-04 13:00:42,NA,3.98,-42.417059,173.632477,NA,4813362
"CP9032","RBBR","KK","M","55687","GPS",2021-10-09 19:58:00,2021-12-11 13:00:45,NA,3.96,-42.416765,173.63234,NA,5418165
"CP9032","RBBR","KK","M","55687","GPS",2021-10-09 19:58:00,2021-12-25 13:00:53,NA,3.96,-42.426894,173.691069,NA,6627773
"CP9032","RBBR","KK","M","55687","GPS",2021-10-09 19:58:00,2022-01-08 13:01:02,NA,3.94,-42.426558,173.690848,NA,7837382
"CP9032","RBBR","KK","M","55687","GPS",2021-10-09 19:58:00,2022-01-22 13:01:11,NA,3.92,-42.427124,173.690645,NA,9046991
"CP9032","RBBR","KK","M","55687","GPS",2021-10-09 19:58:00,2022-02-05 13:01:18,NA,3.86,-42.413361,173.666109,NA,10256598
"CP9032","RBBR","KK","M","55687","GPS",2021-10-09 19:58:00,2022-02-26 13:01:27,NA,3.79,-42.421872,173.713872,NA,12071007
"CP9032","RBBR","KK","M","55687","GPS",2021-10-09 19:58:00,2022-03-19 13:01:36,NA,3.73,-36.322094,174.761551,NA,13885416
"CP9032","RBBR","KK","M","55687","GPS",2021-10-09 19:58:00,2022-04-16 12:01:48,NA,3.69,-36.321135,174.762617,NA,16304628
"CP9032","RBBR","KK","M","55687","GPS",2021-10-09 19:58:00,2022-05-14 12:01:57,NA,3.65,-36.321006,174.762627,NA,18723837
"CP9066","RBBY","KK","F","55660","GPS",2021-10-04 13:50:00,2021-10-09 13:00:26,NA,4.14,-42.338073,173.693667,NA,429026
"CP9066","RBBY","KK","F","55660","GPS",2021-10-04 13:50:00,2021-10-16 13:00:36,NA,4.14,-42.368464,173.642632,NA,1033836
"CP9066","RBBY","KK","F","55660","GPS",2021-10-04 13:50:00,2021-10-23 13:00:48,NA,4.14,-42.369429,173.642171,NA,1638648
"CP9066","RBBY","KK","F","55660","GPS",2021-10-04 13:50:00,2021-10-30 13:01:00,NA,4.12,-42.368581,173.64099,NA,2243460
"CP9066","RBBY","KK","F","55660","GPS",2021-10-04 13:50:00,2021-11-06 13:01:13,NA,4.12,-42.411002,173.622368,NA,2848273
"CP9066","RBBY","KK","F","55660","GPS",2021-10-04 13:50:00,2021-11-13 13:01:24,NA,4.12,-42.413489,173.664856,NA,3453084
"CP9066","RBBY","KK","F","55660","GPS",2021-10-04 13:50:00,2021-11-20 13:01:42,NA,4.1,-42.413167,173.664053,NA,4057902
"CP9066","RBBY","KK","F","55660","GPS",2021-10-04 13:50:00,2021-11-27 13:01:53,NA,4.1,-42.413269,173.663597,NA,4662713
"CP9066","RBBY","KK","F","55660","GPS",2021-10-04 13:50:00,2021-12-04 13:02:05,NA,4.08,-42.413068,173.664286,NA,5267525
"CP9066","RBBY","KK","F","55660","GPS",2021-10-04 13:50:00,2021-12-11 13:02:18,NA,4.06,-42.413048,173.664011,NA,5872338
"CP9066","RBBY","KK","F","55660","GPS",2021-10-04 13:50:00,2021-12-18 13:02:28,NA,4.04,-42.428873,173.680686,NA,6477148
"CP9066","RBBY","KK","F","55660","GPS",2021-10-04 13:50:00,2021-12-25 13:02:42,NA,4.04,-42.41385,173.659197,NA,7081962
"CP9066","RBBY","KK","F","55660","GPS",2021-10-04 13:50:00,2022-01-01 13:02:55,NA,4.04,-42.431499,173.703629,NA,7686775
"CP9066","RBBY","KK","F","55660","GPS",2021-10-04 13:50:00,2022-01-08 13:03:09,NA,4.04,-42.428645,173.691519,NA,8291589
"CP9066","RBBY","KK","F","55660","GPS",2021-10-04 13:50:00,2022-01-15 13:03:24,NA,4.02,-42.432196,173.701564,NA,8896404
"CP9066","RBBY","KK","F","55660","GPS",2021-10-04 13:50:00,2022-01-22 13:03:38,NA,4.02,-42.43291,173.70146,NA,9501218
"CP9066","RBBY","KK","F","55660","GPS",2021-10-04 13:50:00,2022-01-29 13:03:51,NA,4,-42.431467,173.703688,NA,10106031
"CP9066","RBBY","KK","F","55660","GPS",2021-10-04 13:50:00,2022-02-05 13:04:04,NA,3.98,-42.430403,173.69118,NA,10710844
"CP9066","RBBY","KK","F","55660","GPS",2021-10-04 13:50:00,2022-02-12 13:04:16,NA,3.96,-42.43175,173.70382,NA,11315656
"CP9066","RBBY","KK","F","55660","GPS",2021-10-04 13:50:00,2022-02-26 13:04:41,NA,3.94,-42.432458,173.701593,NA,12525281
"CP9066","RBBY","KK","F","55660","GPS",2021-10-04 13:50:00,2022-03-12 13:05:06,NA,3.92,-42.393029,173.681856,NA,13734906
"CP9066","RBBY","KK","F","55660","GPS",2021-10-04 13:50:00,2022-03-26 13:05:33,NA,3.9,-42.423039,173.717253,NA,14944533
"CP9066","RBBY","KK","F","55660","GPS",2021-10-04 13:50:00,2022-04-09 12:05:50,NA,3.86,-42.432471,173.701586,NA,16154150
"CP9066","RBBY","KK","F","55660","GPS",2021-10-04 13:50:00,2022-04-30 12:06:21,NA,3.81,-42.339187,173.692324,NA,17968581
"CP9066","RBBY","KK","F","55660","GPS",2021-10-04 13:50:00,2022-05-21 12:06:51,NA,3.79,-42.340103,173.691427,NA,19783011
"CP9066","RBBY","KK","F","55660","GPS",2021-10-04 13:50:00,2022-06-11 12:07:20,NA,3.73,-42.342872,173.694932,NA,21597440
"CP9066","RBBY","KK","F","55660","GPS",2021-10-04 13:50:00,2022-07-09 12:07:56,NA,3.69,-42.381965,173.67623,NA,24016676
"CP9096","RWBY","KK","F","55795","GPS",2021-10-03 17:58:00,2021-10-09 13:00:24,NA,4.22,-42.412728,173.667801,NA,500544
"CP9096","RWBY","KK","F","55795","GPS",2021-10-03 17:58:00,2021-10-16 13:00:28,NA,4.18,-42.421564,173.680952,NA,1105348
"CP9096","RWBY","KK","F","55795","GPS",2021-10-03 17:58:00,2021-10-23 13:00:29,NA,4.16,-42.423245,173.679288,NA,1710149
"CP9096","RWBY","KK","F","55795","GPS",2021-10-03 17:58:00,2021-10-30 13:00:36,NA,4.14,-42.422099,173.680636,NA,2314956
"CP9096","RWBY","KK","F","55795","GPS",2021-10-03 17:58:00,2021-11-06 13:00:43,NA,4.14,-42.420512,173.680755,NA,2919763
"CP9096","RWBY","KK","F","55795","GPS",2021-10-03 17:58:00,2021-11-13 13:00:48,NA,4.08,-42.421093,173.680695,NA,3524568
"CP9096","RWBY","KK","F","55795","GPS",2021-10-03 17:58:00,2021-11-20 13:00:53,NA,4.1,-42.422474,173.681385,NA,4129373
"CP9096","RWBY","KK","F","55795","GPS",2021-10-03 17:58:00,2021-11-27 13:00:53,NA,4.08,-42.432581,173.701985,NA,4734173
"CP9096","RWBY","KK","F","55795","GPS",2021-10-03 17:58:00,2021-12-04 13:00:58,NA,4.08,-42.42213,173.680838,NA,5338978
"CP9096","RWBY","KK","F","55795","GPS",2021-10-03 17:58:00,2021-12-11 13:01:03,NA,4.08,-42.426596,173.691887,NA,5943783
"CP9096","RWBY","KK","F","55795","GPS",2021-10-03 17:58:00,2021-12-18 13:01:11,NA,4.08,-42.413726,173.671755,NA,6548591
"CP9096","RWBY","KK","F","55795","GPS",2021-10-03 17:58:00,2021-12-25 13:01:23,NA,4.1,-42.431652,173.703502,NA,7153403
"CP9096","RWBY","KK","F","55795","GPS",2021-10-03 17:58:00,2022-01-01 13:01:20,NA,4.08,-42.432138,173.701782,NA,7758200
"CP9096","RWBY","KK","F","55795","GPS",2021-10-03 17:58:00,2022-01-08 13:01:26,NA,4.06,-42.432558,173.703474,NA,8363006
"CP9096","RWBY","KK","F","55795","GPS",2021-10-03 17:58:00,2022-01-15 13:01:36,NA,4.06,-42.432139,173.701689,NA,8967816
"CP9096","RWBY","KK","F","55795","GPS",2021-10-03 17:58:00,2022-01-22 13:01:38,NA,4.04,-42.432355,173.703559,NA,9572618
"CP9096","RWBY","KK","F","55795","GPS",2021-10-03 17:58:00,2022-01-29 13:01:43,NA,4.02,-42.431158,173.70284,NA,10177423
"CP9096","RWBY","KK","F","55795","GPS",2021-10-03 17:58:00,2022-02-05 13:01:48,NA,4,-42.432488,173.704178,NA,10782228
"CP9096","RWBY","KK","F","55795","GPS",2021-10-03 17:58:00,2022-02-12 13:01:52,NA,3.98,-42.413087,173.667708,NA,11387032
"CP9096","RWBY","KK","F","55795","GPS",2021-10-03 17:58:00,2022-02-19 13:01:57,NA,3.98,-42.432718,173.701461,NA,11991837
"CP9096","RWBY","KK","F","55795","GPS",2021-10-03 17:58:00,2022-02-26 13:02:09,NA,3.96,-42.431482,173.703876,NA,12596649
"CP9096","RWBY","KK","F","55795","GPS",2021-10-03 17:58:00,2022-03-12 13:02:11,NA,3.94,-42.423246,173.717548,NA,13806251
"CP9096","RWBY","KK","F","55795","GPS",2021-10-03 17:58:00,2022-03-26 13:02:25,NA,3.92,-42.423263,173.717479,NA,15015865
"CP9096","RWBY","KK","F","55795","GPS",2021-10-03 17:58:00,2022-04-09 12:02:27,NA,3.88,-42.413824,173.667263,NA,16225467
"CP9096","RWBY","KK","F","55795","GPS",2021-10-03 17:58:00,2022-04-23 12:02:41,NA,3.86,-42.371735,173.623927,NA,17435081
"CP9096","RWBY","KK","F","55795","GPS",2021-10-03 17:58:00,2022-05-14 12:02:48,NA,3.79,-42.420238,173.70904,NA,19249488
"CP9096","RWBY","KK","F","55795","GPS",2021-10-03 17:58:00,2022-06-04 12:02:56,NA,3.75,-42.333524,173.695517,NA,21063896
"CP9096","RWBY","KK","F","55795","GPS",2021-10-03 17:58:00,2022-07-02 12:03:14,NA,3.71,-42.34425,173.693527,NA,23483114
"CP16607","RROW","KK","M","66894","PTT",2022-10-27 12:20:00,2022-10-30 07:12:29,-35.662,NA,-42.411,173.686,"3",240749
"CP16607","RROW","KK","M","66894","PTT",2022-10-27 12:20:00,2022-10-30 07:12:29,45.866,3.7401,-42.411,173.686,"3",240749
"CP16607","RROW","KK","M","66894","PTT",2022-10-27 12:20:00,2022-11-04 08:17:10,-35.662,NA,-42.406,173.659,"A",676630
"CP16607","RROW","KK","M","66894","PTT",2022-10-27 12:20:00,2022-11-04 09:08:55,44.444,3.7085,-42.416,173.687,"1",679735
"CP16607","RROW","KK","M","66894","PTT",2022-10-27 12:20:00,2022-11-04 09:08:55,-35.662,NA,-42.416,173.687,"1",679735
"CP16607","RROW","KK","M","66894","PTT",2022-10-27 12:20:00,2022-10-27 14:00:15,34.964,3.985,-42.409,173.668,"1",6015
"CP16607","RROW","KK","M","66894","PTT",2022-10-27 12:20:00,2022-10-27 14:00:15,35.912,3.985,-42.409,173.668,"1",6015
"CP16607","RROW","KK","M","66894","PTT",2022-10-27 12:20:00,2022-10-27 15:11:43,33.542,3.9139,-42.413,173.67,"3",10303
"CP16607","RROW","KK","M","66894","PTT",2022-10-27 12:20:00,2022-10-27 15:11:43,34.016,3.9139,-42.413,173.67,"3",10303
"CP16607","RROW","KK","M","66894","PTT",2022-10-27 12:20:00,2022-10-27 15:11:43,34.016,3.9139,-42.413,173.67,"3",10303
"CP16607","RROW","KK","M","66894","PTT",2022-10-27 12:20:00,2022-10-27 15:40:32,32.594,3.8981,-42.412,173.68,"3",12032
"CP16607","RROW","KK","M","66894","PTT",2022-10-27 12:20:00,2022-10-27 15:40:32,-35.662,NA,-42.412,173.68,"3",12032
"CP16607","RROW","KK","M","66894","PTT",2022-10-27 12:20:00,2022-10-27 15:11:43,34.016,3.9139,-42.413,173.67,"3",10303
"CP16607","RROW","KK","M","66894","PTT",2022-10-27 12:20:00,2022-10-27 14:00:15,35.438,3.985,-42.409,173.668,"1",6015
"CP16607","RROW","KK","M","66894","PTT",2022-10-27 12:20:00,2022-10-27 14:00:15,35.438,3.985,-42.409,173.668,"1",6015
"CP16607","RROW","KK","M","66894","PTT",2022-10-27 12:20:00,2022-10-27 15:40:32,32.594,3.8981,-42.412,173.68,"3",12032
"CP16607","RROW","KK","M","66894","PTT",2022-10-27 12:20:00,2022-10-27 15:40:32,-35.662,NA,-42.412,173.68,"3",12032
"CP16607","RROW","KK","M","66894","PTT",2022-10-27 12:20:00,2022-10-27 17:50:44,33.542,3.8428,-42.411,173.682,"3",19844
"CP16607","RROW","KK","M","66894","PTT",2022-10-27 12:20:00,2022-10-27 17:50:44,-35.662,NA,-42.411,173.682,"3",19844
"CP16607","RROW","KK","M","66894","PTT",2022-10-27 12:20:00,2022-10-27 18:50:09,33.068,3.8191,-42.409,173.689,"3",23409
"CP16607","RROW","KK","M","66894","PTT",2022-10-27 12:20:00,2022-10-27 18:50:09,-35.662,NA,-42.409,173.689,"3",23409
"CP16607","RROW","KK","M","66894","PTT",2022-10-27 12:20:00,2022-10-27 19:38:29,-35.662,NA,-42.405,173.687,"A",26309
"CP16918","RRGO","KK","M","66891_2","PTT",2022-10-28 22:57:00,2022-11-05 06:41:51,26.906,3.8823,-42.39,173.704,"2",632691
"CP16918","RRGO","KK","M","66891_2","PTT",2022-10-28 22:57:00,2022-11-05 06:41:51,-35.662,NA,-42.39,173.704,"2",632691
"CP16918","RRGO","KK","M","66891_2","PTT",2022-10-28 22:57:00,2022-11-05 07:07:22,-35.662,NA,-42.402,173.699,"B",634222
"CP16918","RRGO","KK","M","66891_2","PTT",2022-10-28 22:57:00,2022-11-05 07:22:38,30.224,3.8665,-42.419,173.656,"0",635138
"CP16918","RRGO","KK","M","66891_2","PTT",2022-10-28 22:57:00,2022-11-05 07:22:38,-35.662,NA,-42.419,173.656,"0",635138
"CP16918","RRGO","KK","M","66891_2","PTT",2022-10-28 22:57:00,2022-11-05 08:46:50,31.172,3.9692,-42.436,173.695,"2",640190
"CP16918","RRGO","KK","M","66891_2","PTT",2022-10-28 22:57:00,2022-11-05 08:46:50,-35.662,NA,-42.436,173.695,"2",640190
"CP16918","RRGO","KK","M","66891_2","PTT",2022-10-28 22:57:00,2022-11-05 16:19:13,-35.662,NA,-42.403,173.685,"1",667333
"CP16918","RRGO","KK","M","66891_2","PTT",2022-10-28 22:57:00,2022-11-05 16:19:13,22.64,3.9218,-42.403,173.685,"1",667333
"CP16918","RRGO","KK","M","66891_2","PTT",2022-10-28 22:57:00,2022-11-05 16:19:13,21.692,3.9218,-42.403,173.685,"1",667333
"CP16609","RBOY","KK","M","234750","PTT",2022-10-28 07:26:00,2022-11-05 08:48:47,-35.662,NA,-42.409,173.664,"0",696167
"CP16609","RBOY","KK","M","234750","PTT",2022-10-28 07:26:00,2022-11-05 08:48:47,40.652,3.8033,-42.409,173.664,"0",696167
"CP16609","RBOY","KK","M","234750","PTT",2022-10-28 07:26:00,2022-11-05 08:48:47,36.386,3.8033,-42.409,173.664,"0",696167
"CP16609","RBOY","KK","M","234750","PTT",2022-10-28 07:26:00,2022-11-05 07:55:18,-35.662,NA,-42.415,173.663,"B",692958
"CP16609","RBOY","KK","M","234750","PTT",2022-10-28 07:26:00,2022-11-05 07:23:41,-35.662,NA,-42.408,173.675,"1",691061
"CP16609","RBOY","KK","M","234750","PTT",2022-10-28 07:26:00,2022-11-05 07:23:41,39.23,3.7638,-42.408,173.675,"1",691061
"CP16609","RBOY","KK","M","234750","PTT",2022-10-28 07:26:00,2022-11-05 07:23:41,38.756,3.7717,-42.408,173.675,"1",691061
"CP16609","RBOY","KK","M","234750","PTT",2022-10-28 07:26:00,2022-11-05 07:07:03,-35.662,NA,-42.392,173.691,"A",690063
"CP16609","RBOY","KK","M","234750","PTT",2022-10-28 07:26:00,2022-11-05 06:40:38,-35.662,NA,-42.417,173.67,"1",688478
"CP16609","RBOY","KK","M","234750","PTT",2022-10-28 07:26:00,2022-11-05 05:43:35,34.016,3.7717,-42.381,173.835,"A",685055
"CP16609","RBOY","KK","M","234750","PTT",2022-10-28 07:26:00,2022-11-05 05:43:35,-35.662,NA,-42.381,173.835,"A",685055
"CP16609","RBOY","KK","M","234750","PTT",2022-10-28 07:26:00,2022-11-05 05:01:01,-35.662,NA,-42.422,173.682,"2",682501
"CP16609","RBOY","KK","M","234750","PTT",2022-10-28 07:26:00,2022-11-05 16:18:49,34.49,3.7401,-42.424,173.627,"0",723169
"CP16918","RRGO","KK","M","66891_2","PTT",2022-10-28 22:57:00,2022-11-08 07:43:18,32.594,3.827,-42.418,173.71,"1",895578
"CP16918","RRGO","KK","M","66891_2","PTT",2022-10-28 22:57:00,2022-11-08 06:49:07,-35.662,NA,-42.375,173.535,"0",892327
"CP16918","RRGO","KK","M","66891_2","PTT",2022-10-28 22:57:00,2022-11-08 06:49:07,24.536,3.7796,-42.375,173.535,"0",892327
"CP16918","RRGO","KK","M","66891_2","PTT",2022-10-28 22:57:00,2022-11-08 06:49:07,22.64,3.7638,-42.375,173.535,"0",892327
"CP16918","RRGO","KK","M","66891_2","PTT",2022-10-28 22:57:00,2022-11-08 06:45:23,-35.662,NA,-42.361,173.754,"B",892103
"CP16918","RRGO","KK","M","66891_2","PTT",2022-10-28 22:57:00,2022-11-08 06:19:26,-35.662,NA,-42.358,173.764,"B",890546
"CP16609","RBOY","KK","M","234750","PTT",2022-10-28 07:26:00,2022-11-07 22:04:26,-35.662,NA,-42.41,173.69,"2",916706
"CP16609","RBOY","KK","M","234750","PTT",2022-10-28 07:26:00,2022-11-07 21:10:25,-35.662,NA,-42.411,173.693,"B",913465
"CP16609","RBOY","KK","M","234750","PTT",2022-10-28 07:26:00,2022-11-07 21:01:16,-35.662,NA,-42.393,173.712,"B",912916
"CP16609","RBOY","KK","M","234750","PTT",2022-10-28 07:26:00,2022-11-07 20:22:41,-35.662,NA,-42.414,173.69,"1",910601
"CP16609","RBOY","KK","M","234750","PTT",2022-10-28 07:26:00,2022-11-07 20:22:41,33.068,3.7401,-42.414,173.69,"1",910601
"CP16609","RBOY","KK","M","234750","PTT",2022-10-28 07:26:00,2022-11-07 19:20:01,-35.662,NA,-42.408,173.685,"3",906841
"CP16609","RBOY","KK","M","234750","PTT",2022-10-28 07:26:00,2022-11-07 19:20:01,34.016,3.7559,-42.408,173.685,"3",906841
"CP16918","RRGO","KK","M","66891_2","PTT",2022-10-28 22:57:00,2022-11-07 22:04:24,-35.662,NA,-42.419,173.675,"1",860844
"CP16918","RRGO","KK","M","66891_2","PTT",2022-10-28 22:57:00,2022-11-07 22:04:24,19.796,3.7954,-42.419,173.675,"1",860844
"CP16918","RRGO","KK","M","66891_2","PTT",2022-10-28 22:57:00,2022-11-07 21:03:36,-35.662,NA,-42.443,173.54,"B",857196
"CP16609","RBOY","KK","M","234750","PTT",2022-10-28 07:26:00,2022-11-07 18:36:29,-35.662,NA,-42.436,173.625,"B",904229
"CP16918","RRGO","KK","M","66891_2","PTT",2022-10-28 22:57:00,2022-11-08 07:43:18,-35.662,NA,-42.418,173.71,"1",895578
"CP16918","RRGO","KK","M","66891_2","PTT",2022-10-28 22:57:00,2022-11-08 07:43:18,32.594,3.8349,-42.418,173.71,"1",895578
"CP16918","RRGO","KK","M","66891_2","PTT",2022-10-28 22:57:00,2022-11-08 08:33:11,-35.662,NA,-42.441,173.644,"B",898571
"CP16918","RRGO","KK","M","66891_2","PTT",2022-10-28 22:57:00,2022-11-08 09:27:10,31.646,3.9692,-42.44,173.763,"A",901810
"CP16918","RRGO","KK","M","66891_2","PTT",2022-10-28 22:57:00,2022-11-08 09:27:10,-35.662,NA,-42.44,173.763,"A",901810
"CP16617","RBWO","KK","M","66967","PTT",2022-10-29 14:35:00,2022-11-08 09:30:55,-35.662,NA,-42.92,172.596,"A",845755
"CP16616","RBWR","KK","M","66969","PTT",2022-10-28 18:07:00,2022-11-08 09:25:31,-35.662,NA,-42.416,173.702,"1",919111
"CP16609","RBOY","KK","M","234750","PTT",2022-10-28 07:26:00,2022-11-08 07:45:02,-35.662,NA,-42.43,173.655,"0",951542
"CP16609","RBOY","KK","M","234750","PTT",2022-10-28 07:26:00,2022-11-08 07:45:02,45.392,3.7559,-42.43,173.655,"0",951542
"CP16609","RBOY","KK","M","234750","PTT",2022-10-28 07:26:00,2022-11-08 08:33:18,-35.662,NA,-42.435,173.61,"A",954438
"CP16609","RBOY","KK","M","234750","PTT",2022-10-28 07:26:00,2022-11-08 09:27:58,34.964,3.748,-42.392,173.734,"A",957718
"CP16609","RBOY","KK","M","234750","PTT",2022-10-28 07:26:00,2022-11-08 09:27:58,-35.662,NA,-42.392,173.734,"A",957718
"CP16918","RRGO","KK","M","66891_2","PTT",2022-10-28 22:57:00,2022-11-08 16:25:48,-35.662,NA,-42.417,173.725,"1",926928
"CP16918","RRGO","KK","M","66891_2","PTT",2022-10-28 22:57:00,2022-11-08 16:25:48,34.016,4.0245,-42.417,173.725,"1",926928
"CP16918","RRGO","KK","M","66891_2","PTT",2022-10-28 22:57:00,2022-11-08 16:58:53,-35.662,NA,-42.41,173.663,"A",928913
"CP9099","RWLG","KK","F","234673","PTT",2022-10-26 17:55:00,2022-11-15 20:56:49,-35.662,NA,-42.422,173.717,"3",1738909
"CP9099","RWLG","KK","F","234673","PTT",2022-10-26 20:02:00,2022-11-15 20:56:49,-35.662,NA,-42.422,173.717,"3",1731289
"CP9099","RWLG","KK","F","234673","PTT",2022-10-26 17:55:00,2022-11-15 19:24:53,-35.662,NA,-42.398,173.698,"0",1733393
"CP9099","RWLG","KK","F","234673","PTT",2022-10-26 20:02:00,2022-11-15 19:24:53,-35.662,NA,-42.398,173.698,"0",1725773
"CP9099","RWLG","KK","F","234673","PTT",2022-10-26 17:55:00,2022-11-15 19:24:53,31.646,3.7559,-42.398,173.698,"0",1733393
"CP9099","RWLG","KK","F","234673","PTT",2022-10-26 20:02:00,2022-11-15 19:24:53,31.646,3.7559,-42.398,173.698,"0",1725773
"CP9099","RWLG","KK","F","234673","PTT",2022-10-26 17:55:00,2022-11-15 19:18:08,-35.662,NA,-42.421,173.669,"B",1732988
"CP9099","RWLG","KK","F","234673","PTT",2022-10-26 20:02:00,2022-11-15 19:18:08,-35.662,NA,-42.421,173.669,"B",1725368
"CP16918","RRGO","KK","M","66891_2","PTT",2022-10-28 22:57:00,2022-11-15 20:57:46,-35.662,NA,-42.416,173.678,"3",1548046
"CP16918","RRGO","KK","M","66891_2","PTT",2022-10-28 22:57:00,2022-11-15 20:57:46,23.588,3.8349,-42.416,173.678,"3",1548046
"CP16918","RRGO","KK","M","66891_2","PTT",2022-10-28 22:57:00,2022-11-15 20:57:46,23.588,3.8349,-42.416,173.678,"3",1548046
"CP16918","RRGO","KK","M","66891_2","PTT",2022-10-28 22:57:00,2022-11-15 19:26:25,-35.662,NA,-42.419,173.652,"A",1542565
"CP16918","RRGO","KK","M","66891_2","PTT",2022-10-28 22:57:00,2022-11-15 19:26:25,23.114,3.2661,-42.419,173.652,"A",1542565
"CP16609","RBOY","KK","M","234750","PTT",2022-10-28 07:26:00,2022-11-15 16:36:21,37.334,4.0087,-42.414,173.673,"3",1588221
"CP16609","RBOY","KK","M","234750","PTT",2022-10-28 07:26:00,2022-11-15 16:36:21,36.86,4.0087,-42.414,173.673,"3",1588221
"CP16609","RBOY","KK","M","234750","PTT",2022-10-28 07:26:00,2022-11-15 16:36:21,36.86,4.0087,-42.414,173.673,"3",1588221
"CP16609","RBOY","KK","M","234750","PTT",2022-10-28 07:26:00,2022-11-15 16:36:21,36.386,4.0087,-42.414,173.673,"3",1588221
"CP16609","RBOY","KK","M","234750","PTT",2022-10-28 07:26:00,2022-11-15 16:07:00,39.23,4.0324,-42.411,173.667,"3",1586460
"CP16609","RBOY","KK","M","234750","PTT",2022-10-28 07:26:00,2022-11-15 16:07:00,39.704,4.0324,-42.411,173.667,"3",1586460
"CP16609","RBOY","KK","M","234750","PTT",2022-10-28 07:26:00,2022-11-15 16:07:00,40.178,4.0324,-42.411,173.667,"3",1586460
"CP16609","RBOY","KK","M","234750","PTT",2022-10-28 07:26:00,2022-11-15 16:07:00,40.652,4.0324,-42.411,173.667,"3",1586460
"CP16609","RBOY","KK","M","234750","PTT",2022-10-28 07:26:00,2022-11-15 16:07:00,41.126,4.0403,-42.411,173.667,"3",1586460
"CP16609","RBOY","KK","M","234750","PTT",2022-10-28 07:26:00,2022-11-15 16:07:00,41.126,4.0403,-42.411,173.667,"3",1586460
"CP16609","RBOY","KK","M","234750","PTT",2022-10-28 07:26:00,2022-11-15 16:07:00,41.6,4.0403,-42.411,173.667,"3",1586460
"CP9099","RWLG","KK","F","234673","PTT",2022-10-26 17:55:00,2022-11-15 17:46:33,-35.662,NA,-42.413,173.668,"3",1727493
"CP9099","RWLG","KK","F","234673","PTT",2022-10-26 20:02:00,2022-11-15 17:46:33,-35.662,NA,-42.413,173.668,"3",1719873
"CP9099","RWLG","KK","F","234673","PTT",2022-10-26 17:55:00,2022-11-15 17:46:33,34.016,3.8033,-42.413,173.668,"3",1727493
"CP9099","RWLG","KK","F","234673","PTT",2022-10-26 20:02:00,2022-11-15 17:46:33,34.016,3.8033,-42.413,173.668,"3",1719873
"CP9099","RWLG","KK","F","234673","PTT",2022-10-26 17:55:00,2022-11-15 16:37:05,-35.662,NA,-42.415,173.676,"3",1723325
"CP9099","RWLG","KK","F","234673","PTT",2022-10-26 20:02:00,2022-11-15 16:37:05,-35.662,NA,-42.415,173.676,"3",1715705
"CP9099","RWLG","KK","F","234673","PTT",2022-10-26 17:55:00,2022-11-15 16:07:07,-35.662,NA,-42.426,173.656,"2",1721527
"CP9099","RWLG","KK","F","234673","PTT",2022-10-26 20:02:00,2022-11-15 16:07:07,-35.662,NA,-42.426,173.656,"2",1713907
"CP9099","RWLG","KK","F","234673","PTT",2022-10-26 17:55:00,2022-11-15 16:07:07,39.704,3.8428,-42.426,173.656,"2",1721527
"CP9099","RWLG","KK","F","234673","PTT",2022-10-26 20:02:00,2022-11-15 16:07:07,39.704,3.8428,-42.426,173.656,"2",1713907
"CP16616","RBWR","KK","M","66969","PTT",2022-10-28 18:07:00,2022-11-15 16:36:15,-35.662,NA,-42.416,173.674,"1",1549755
"CP16616","RBWR","KK","M","66969","PTT",2022-10-28 18:07:00,2022-11-15 16:07:30,-35.662,NA,-42.411,173.673,"3",1548030
"CP16616","RBWR","KK","M","66969","PTT",2022-10-28 18:07:00,2022-11-15 16:07:30,41.126,3.748,-42.411,173.673,"3",1548030
"CP16617","RBWO","KK","M","66967","PTT",2022-10-29 14:35:00,2022-11-15 16:36:13,-35.662,NA,-42.373,173.655,"1",1476073
"CP16617","RBWO","KK","M","66967","PTT",2022-10-29 14:35:00,2022-11-15 16:36:13,37.334,3.7243,-42.373,173.655,"1",1476073
"CP16617","RBWO","KK","M","66967","PTT",2022-10-29 14:35:00,2022-11-15 16:06:36,-35.662,NA,-42.385,173.677,"1",1474296
"CP16918","RRGO","KK","M","66891_2","PTT",2022-10-28 22:57:00,2022-11-15 17:46:21,26.906,3.9613,-42.411,173.589,"B",1536561
"CP16918","RRGO","KK","M","66891_2","PTT",2022-10-28 22:57:00,2022-11-15 17:46:21,-35.662,NA,-42.411,173.589,"B",1536561
"CP16918","RRGO","KK","M","66891_2","PTT",2022-10-28 22:57:00,2022-11-15 16:37:30,-35.662,NA,-42.415,173.561,"0",1532430
"CP16918","RRGO","KK","M","66891_2","PTT",2022-10-28 22:57:00,2022-11-15 16:37:30,32.594,3.8112,-42.415,173.561,"0",1532430
"CP16918","RRGO","KK","M","66891_2","PTT",2022-10-28 22:57:00,2022-11-15 16:07:24,-35.662,NA,-42.452,173.694,"2",1530624
"CP16918","RRGO","KK","M","66891_2","PTT",2022-10-28 22:57:00,2022-11-15 16:07:24,32.594,3.985,-42.452,173.694,"2",1530624
"CP16617","RBWO","KK","M","66967","PTT",2022-10-29 14:35:00,2022-11-15 08:40:59,-35.662,NA,-42.367,173.594,"1",1447559
"CP16617","RBWO","KK","M","66967","PTT",2022-10-29 14:35:00,2022-11-15 08:40:59,42.074,3.7164,-42.367,173.594,"1",1447559
"CP16617","RBWO","KK","M","66967","PTT",2022-10-29 14:35:00,2022-11-15 07:08:00,-35.662,NA,-42.337,173.577,"A",1441980
"CP16617","RBWO","KK","M","66967","PTT",2022-10-29 14:35:00,2022-11-15 07:08:00,45.392,3.7559,-42.337,173.577,"A",1441980
"CP9099","RWLG","KK","F","234673","PTT",2022-10-26 17:55:00,2022-11-15 20:56:49,31.646,3.7164,-42.422,173.717,"3",1738909
"CP9099","RWLG","KK","F","234673","PTT",2022-10-26 20:02:00,2022-11-15 20:56:49,31.646,3.7164,-42.422,173.717,"3",1731289
"CP9099","RWLG","KK","F","234673","PTT",2022-10-26 17:55:00,2022-11-15 21:05:49,31.172,3.7164,-42.419,173.73,"3",1739449
"CP9099","RWLG","KK","F","234673","PTT",2022-10-26 20:02:00,2022-11-15 21:05:49,31.172,3.7164,-42.419,173.73,"3",1731829
"CP16918","RRGO","KK","M","66891_2","PTT",2022-10-28 22:57:00,2022-11-05 19:45:52,21.692,3.8033,-42.437,173.75,"0",679732
"CP16609","RBOY","KK","M","234750","PTT",2022-10-28 07:26:00,2022-11-05 16:18:49,-35.662,NA,-42.424,173.627,"0",723169
"CP16617","RBWO","KK","M","66967","PTT",2022-10-29 14:35:00,2022-10-29 17:27:16,34.49,3.8191,-42.398,173.687,"1",10336
"CP16617","RBWO","KK","M","66967","PTT",2022-10-29 14:35:00,2022-10-29 18:08:03,-35.662,NA,-42.408,173.687,"1",12783
"CP16617","RBWO","KK","M","66967","PTT",2022-10-29 14:35:00,2022-10-29 18:08:03,33.542,3.8033,-42.408,173.687,"1",12783
"CP16617","RBWO","KK","M","66967","PTT",2022-10-29 14:35:00,2022-10-29 17:27:16,-35.662,NA,-42.398,173.687,"1",10336
"CP16617","RBWO","KK","M","66967","PTT",2022-10-29 14:35:00,2022-10-29 14:37:47,35.912,3.8744,-42.406,173.649,"0",167
"CP16617","RBWO","KK","M","66967","PTT",2022-10-29 14:35:00,2022-10-29 14:37:47,-35.662,NA,-42.406,173.649,"0",167
"CP16617","RBWO","KK","M","66967","PTT",2022-10-29 14:35:00,2022-10-29 14:38:29,-35.662,NA,-42.404,173.686,"1",209
"CP16617","RBWO","KK","M","66967","PTT",2022-10-29 14:35:00,2022-10-29 19:49:13,-35.662,NA,-42.406,173.681,"3",18853
"CP16617","RBWO","KK","M","66967","PTT",2022-10-29 14:35:00,2022-10-29 19:49:13,33.068,3.7717,-42.406,173.681,"3",18853
"CP16617","RBWO","KK","M","66967","PTT",2022-10-29 14:35:00,2022-10-30 07:12:26,-35.662,NA,-42.425,173.702,"2",59846
"CP16617","RBWO","KK","M","66967","PTT",2022-10-29 14:35:00,2022-10-30 07:12:26,37.808,3.6848,-42.425,173.702,"2",59846
"CP16617","RBWO","KK","M","66967","PTT",2022-10-29 14:35:00,2022-10-30 14:26:45,-35.662,NA,-42.342,173.761,"B",85905
"CP16617","RBWO","KK","M","66967","PTT",2022-10-29 14:35:00,2022-10-31 08:50:47,-35.662,NA,-42.414,173.724,"2",152147
"CP16617","RBWO","KK","M","66967","PTT",2022-10-29 14:35:00,2022-10-31 08:50:47,43.022,3.7401,-42.414,173.724,"2",152147
"CP16617","RBWO","KK","M","66967","PTT",2022-10-29 14:35:00,2022-11-01 15:49:23,-35.662,NA,-42.404,173.754,"B",263663
"CP16617","RBWO","KK","M","66967","PTT",2022-10-29 14:35:00,2022-11-01 08:30:26,-35.662,NA,-42.422,173.713,"2",237326
"CP16617","RBWO","KK","M","66967","PTT",2022-10-29 14:35:00,2022-11-01 08:30:26,41.6,3.7243,-42.422,173.713,"2",237326
"CP16617","RBWO","KK","M","66967","PTT",2022-10-29 14:35:00,2022-11-01 08:10:02,-35.662,NA,-42.442,173.713,"B",236102
"CP16617","RBWO","KK","M","66967","PTT",2022-10-29 14:35:00,2022-11-02 17:05:52,-35.662,NA,-42.382,173.648,"2",354652
"CP16617","RBWO","KK","M","66967","PTT",2022-10-29 14:35:00,2022-11-02 16:12:55,37.808,3.7322,-42.379,173.647,"2",351475
"CP16617","RBWO","KK","M","66967","PTT",2022-10-29 14:35:00,2022-11-02 16:12:55,-35.662,NA,-42.379,173.647,"2",351475
"CP16617","RBWO","KK","M","66967","PTT",2022-10-29 14:35:00,2022-11-03 09:27:58,41.6,3.748,-42.443,173.645,"A",413578
"CP16617","RBWO","KK","M","66967","PTT",2022-10-29 14:35:00,2022-11-03 09:27:58,-35.662,NA,-42.443,173.645,"A",413578
"CP16617","RBWO","KK","M","66967","PTT",2022-10-29 14:35:00,2022-11-03 08:40:37,-35.662,NA,-42.263,173.672,"B",410737
"CP16617","RBWO","KK","M","66967","PTT",2022-10-29 14:35:00,2022-11-04 05:36:10,-35.662,NA,-42.04,173.812,"B",486070
"CP16617","RBWO","KK","M","66967","PTT",2022-10-29 14:35:00,2022-11-04 05:53:14,37.334,3.7401,-42.366,173.693,"0",487094
"CP16617","RBWO","KK","M","66967","PTT",2022-10-29 14:35:00,2022-11-04 05:53:14,-35.662,NA,-42.366,173.693,"0",487094
"CP16617","RBWO","KK","M","66967","PTT",2022-10-29 14:35:00,2022-11-04 05:55:44,-35.662,NA,-42.374,173.688,"A",487244
"CP16617","RBWO","KK","M","66967","PTT",2022-10-29 14:35:00,2022-11-04 07:28:18,39.23,3.7006,-42.377,173.628,"1",492798
"CP16617","RBWO","KK","M","66967","PTT",2022-10-29 14:35:00,2022-11-04 07:28:18,-35.662,NA,-42.377,173.628,"1",492798
"CP16617","RBWO","KK","M","66967","PTT",2022-10-29 14:35:00,2022-11-04 07:35:31,41.126,3.7006,-42.354,173.651,"2",493231
"CP16617","RBWO","KK","M","66967","PTT",2022-10-29 14:35:00,2022-11-04 07:35:31,-35.662,NA,-42.354,173.651,"2",493231
"CP16918","RRGO","KK","M","66891_2","PTT",2022-10-28 22:57:00,2022-11-05 19:45:52,-35.662,NA,-42.437,173.75,"0",679732
"CP16918","RRGO","KK","M","66891_2","PTT",2022-10-28 22:57:00,2022-11-05 21:04:34,21.692,3.748,-42.411,173.729,"1",684454
"CP16918","RRGO","KK","M","66891_2","PTT",2022-10-28 22:57:00,2022-11-05 21:04:34,18.848,2.4366,-42.411,173.729,"1",684454
"CP16918","RRGO","KK","M","66891_2","PTT",2022-10-28 22:57:00,2022-11-05 21:04:34,-35.662,NA,-42.411,173.729,"1",684454
"CP16609","RBOY","KK","M","234750","PTT",2022-10-28 07:26:00,2022-11-05 19:44:31,32.594,3.6848,-42.412,173.69,"1",735511
"CP16609","RBOY","KK","M","234750","PTT",2022-10-28 07:26:00,2022-11-05 19:44:31,-35.662,NA,-42.412,173.69,"1",735511
"CP9099","RWLG","KK","F","234673","PTT",2022-10-26 17:55:00,2022-11-15 21:45:34,-35.662,NA,-42.422,173.734,"B",1741834
"CP9099","RWLG","KK","F","234673","PTT",2022-10-26 20:02:00,2022-11-15 21:45:34,-35.662,NA,-42.422,173.734,"B",1734214
"CP9099","RWLG","KK","F","234673","PTT",2022-10-26 17:55:00,2022-11-15 21:05:49,-35.662,NA,-42.419,173.73,"3",1739449
"CP9099","RWLG","KK","F","234673","PTT",2022-10-26 20:02:00,2022-11-15 21:05:49,-35.662,NA,-42.419,173.73,"3",1731829
"CP9099","RWLG","KK","F","234673","PTT",2022-10-26 17:55:00,2022-11-15 22:36:59,-35.662,NA,-42.426,173.698,"A",1744919
"CP9099","RWLG","KK","F","234673","PTT",2022-10-26 20:02:00,2022-11-15 22:36:59,-35.662,NA,-42.426,173.698,"A",1737299
"CP16609","RBOY","KK","M","234750","PTT",2022-10-28 07:26:00,2022-11-15 19:25:20,34.016,3.8981,-42.408,173.683,"2",1598360
"CP16609","RBOY","KK","M","234750","PTT",2022-10-28 07:26:00,2022-11-15 19:25:20,-35.662,NA,-42.408,173.683,"2",1598360
"CP16609","RBOY","KK","M","234750","PTT",2022-10-28 07:26:00,2022-11-15 20:57:03,34.49,3.8586,-42.407,173.684,"3",1603863
"CP16609","RBOY","KK","M","234750","PTT",2022-10-28 07:26:00,2022-11-15 20:57:03,-35.662,NA,-42.407,173.684,"3",1603863
"CP16609","RBOY","KK","M","234750","PTT",2022-10-28 07:26:00,2022-11-15 21:04:56,-35.662,NA,-42.404,173.693,"B",1604336
"CP16609","RBOY","KK","M","234750","PTT",2022-10-28 07:26:00,2022-11-15 21:46:02,-35.662,NA,-42.404,173.694,"B",1606802
"CP16918","RRGO","KK","M","66891_2","PTT",2022-10-28 22:57:00,2022-11-16 05:40:29,25.958,3.7638,-42.422,173.596,"0",1579409
"CP16918","RRGO","KK","M","66891_2","PTT",2022-10-28 22:57:00,2022-11-16 05:40:29,-35.662,NA,-42.422,173.596,"0",1579409
"CP16918","RRGO","KK","M","66891_2","PTT",2022-10-28 22:57:00,2022-11-16 05:57:29,23.114,3.7875,-42.48,173.483,"0",1580429
"CP16918","RRGO","KK","M","66891_2","PTT",2022-10-28 22:57:00,2022-11-16 05:57:29,-35.662,NA,-42.48,173.483,"0",1580429
"CP16918","RRGO","KK","M","66891_2","PTT",2022-10-28 22:57:00,2022-11-16 06:53:59,27.38,3.7717,-42.438,173.743,"0",1583819
"CP16918","RRGO","KK","M","66891_2","PTT",2022-10-28 22:57:00,2022-11-16 06:53:59,-35.662,NA,-42.438,173.743,"0",1583819
"CP16918","RRGO","KK","M","66891_2","PTT",2022-10-28 22:57:00,2022-11-16 08:22:20,32.594,3.8665,-42.272,173.303,"0",1589120
"CP16918","RRGO","KK","M","66891_2","PTT",2022-10-28 22:57:00,2022-11-16 08:22:20,-35.662,NA,-42.272,173.303,"0",1589120
"CP16918","RRGO","KK","M","66891_2","PTT",2022-10-28 22:57:00,2022-11-16 08:22:20,33.068,3.8507,-42.272,173.303,"0",1589120
"CP16918","RRGO","KK","M","66891_2","PTT",2022-10-28 22:57:00,2022-11-16 10:00:01,42.074,3.8823,-42.239,173.229,"B",1594981
"CP9068","RBRL","KK","F","66903","PTT",2021-10-03 19:06:00,2022-11-16 06:53:17,36.386,3.7559,-42.385,173.625,"0",35293637
"CP9068","RBRL","KK","F","66903","PTT",2021-10-03 19:06:00,2022-11-16 06:53:17,-35.662,NA,-42.385,173.625,"0",35293637
"CP9068","RBRL","KK","F","66903","PTT",2021-10-03 19:06:00,2022-11-16 08:21:22,35.912,3.7085,-42.318,173.41,"0",35298922
"CP9068","RBRL","KK","F","66903","PTT",2021-10-03 19:06:00,2022-11-16 08:21:22,34.016,3.7006,-42.318,173.41,"0",35298922
"CP9068","RBRL","KK","F","66903","PTT",2021-10-03 19:06:00,2022-11-16 08:21:22,-35.662,NA,-42.318,173.41,"0",35298922
"CP16617","RBWO","KK","M","66967","PTT",2022-10-29 14:35:00,2022-11-16 06:53:50,45.866,3.7559,-42.353,173.592,"1",1527530
"CP16617","RBWO","KK","M","66967","PTT",2022-10-29 14:35:00,2022-11-16 06:53:50,-35.662,NA,-42.353,173.592,"1",1527530
"CP16617","RBWO","KK","M","66967","PTT",2022-10-29 14:35:00,2022-11-16 08:21:19,42.548,3.8033,-42.36,173.602,"0",1532779
"CP16617","RBWO","KK","M","66967","PTT",2022-10-29 14:35:00,2022-11-16 08:21:19,-35.662,NA,-42.36,173.602,"0",1532779
"CP16609","RBOY","KK","M","234750","PTT",2022-10-28 07:26:00,2022-11-16 05:40:46,40.652,3.7638,-42.408,173.696,"1",1635286
"CP16609","RBOY","KK","M","234750","PTT",2022-10-28 07:26:00,2022-11-16 05:40:46,-35.662,NA,-42.408,173.696,"1",1635286
"CP16609","RBOY","KK","M","234750","PTT",2022-10-28 07:26:00,2022-11-16 05:57:25,37.334,3.7559,-42.415,173.663,"1",1636285
"CP16609","RBOY","KK","M","234750","PTT",2022-10-28 07:26:00,2022-11-16 05:57:25,-35.662,NA,-42.415,173.663,"1",1636285
"CP16609","RBOY","KK","M","234750","PTT",2022-10-28 07:26:00,2022-11-16 06:53:35,36.86,3.7559,-42.397,173.607,"1",1639655
"CP16609","RBOY","KK","M","234750","PTT",2022-10-28 07:26:00,2022-11-16 06:53:35,35.912,3.748,-42.397,173.607,"1",1639655
"CP16609","RBOY","KK","M","234750","PTT",2022-10-28 07:26:00,2022-11-16 06:53:35,-35.662,NA,-42.397,173.607,"1",1639655
"CP16609","RBOY","KK","M","234750","PTT",2022-10-28 07:26:00,2022-11-16 08:21:24,43.97,3.7322,-42.402,173.619,"1",1644924
"CP16609","RBOY","KK","M","234750","PTT",2022-10-28 07:26:00,2022-11-16 08:21:24,-35.662,NA,-42.402,173.619,"1",1644924
"CP16918","RRGO","KK","M","66891_2","PTT",2022-10-28 22:57:00,2022-11-16 15:36:18,-35.662,NA,-41.984,173.101,"B",1615158
"CP16918","RRGO","KK","M","66891_2","PTT",2022-10-28 22:57:00,2022-11-16 16:19:35,-35.662,NA,-42.25,173.76,"Z",1617755
"CP16918","RRGO","KK","M","66891_2","PTT",2022-10-28 22:57:00,2022-11-16 16:19:35,24.536,3.9929,-42.25,173.76,"Z",1617755
"CP16918","RRGO","KK","M","66891_2","PTT",2022-10-28 22:57:00,2022-11-16 17:15:11,24.062,3.9613,-42.416,173.709,"0",1621091
"CP16918","RRGO","KK","M","66891_2","PTT",2022-10-28 22:57:00,2022-11-16 17:15:11,24.536,3.9534,-42.416,173.709,"0",1621091
"CP16918","RRGO","KK","M","66891_2","PTT",2022-10-28 22:57:00,2022-11-16 17:15:11,-35.662,NA,-42.416,173.709,"0",1621091
"CP16617","RBWO","KK","M","66967","PTT",2022-10-29 14:35:00,2022-11-16 15:32:13,35.912,3.8349,-42.43,173.718,"2",1558633
"CP16617","RBWO","KK","M","66967","PTT",2022-10-29 14:35:00,2022-11-16 15:32:13,-35.662,NA,-42.43,173.718,"2",1558633
"CP16617","RBWO","KK","M","66967","PTT",2022-10-29 14:35:00,2022-11-16 16:19:03,35.912,3.8191,-42.421,173.711,"3",1561443
"CP16617","RBWO","KK","M","66967","PTT",2022-10-29 14:35:00,2022-11-16 16:19:03,-35.662,NA,-42.421,173.711,"3",1561443
"CP16617","RBWO","KK","M","66967","PTT",2022-10-29 14:35:00,2022-11-16 16:19:03,36.386,3.8191,-42.421,173.711,"3",1561443
"CP16617","RBWO","KK","M","66967","PTT",2022-10-29 14:35:00,2022-11-16 17:14:51,29.276,3.8033,-42.396,173.704,"0",1564791
"CP16617","RBWO","KK","M","66967","PTT",2022-10-29 14:35:00,2022-11-16 17:14:51,34.964,3.7954,-42.396,173.704,"0",1564791
"CP16617","RBWO","KK","M","66967","PTT",2022-10-29 14:35:00,2022-11-16 17:14:51,-35.662,NA,-42.396,173.704,"0",1564791
"CP16609","RBOY","KK","M","234750","PTT",2022-10-28 07:26:00,2022-11-16 16:19:39,38.282,3.8744,-42.42,173.638,"2",1673619
"CP16609","RBOY","KK","M","234750","PTT",2022-10-28 07:26:00,2022-11-16 16:19:39,-35.662,NA,-42.42,173.638,"2",1673619
"CP16609","RBOY","KK","M","234750","PTT",2022-10-28 07:26:00,2022-11-16 17:15:17,35.912,3.8586,-42.412,173.666,"3",1676957
"CP16609","RBOY","KK","M","234750","PTT",2022-10-28 07:26:00,2022-11-16 17:15:17,-35.662,NA,-42.412,173.666,"3",1676957
"CP16918","RRGO","KK","M","66891_2","PTT",2022-10-28 22:57:00,2022-11-16 20:53:38,-35.662,NA,-42.451,173.786,"B",1634198
"CP16918","RRGO","KK","M","66891_2","PTT",2022-10-28 22:57:00,2022-11-16 21:24:29,-35.662,NA,-42.44,173.796,"B",1636049
"CP16918","RRGO","KK","M","66891_2","PTT",2022-10-28 22:57:00,2022-11-16 22:17:56,-35.662,NA,-42.455,173.817,"B",1639256
"CP16617","RBWO","KK","M","66967","PTT",2022-10-29 14:35:00,2022-11-16 19:13:57,-35.662,NA,-42.413,173.681,"2",1571937
"CP16617","RBWO","KK","M","66967","PTT",2022-10-29 14:35:00,2022-11-16 20:36:11,34.49,3.7243,-42.421,173.68,"A",1576871
"CP16617","RBWO","KK","M","66967","PTT",2022-10-29 14:35:00,2022-11-16 20:36:11,-35.662,NA,-42.421,173.68,"A",1576871
"CP16617","RBWO","KK","M","66967","PTT",2022-10-29 14:35:00,2022-11-16 20:55:24,34.964,3.7164,-42.418,173.688,"1",1578024
"CP16617","RBWO","KK","M","66967","PTT",2022-10-29 14:35:00,2022-11-16 20:55:24,-35.662,NA,-42.418,173.688,"1",1578024
"CP16617","RBWO","KK","M","66967","PTT",2022-10-29 14:35:00,2022-11-16 21:24:34,-35.662,NA,-42.418,173.688,"B",1579774
"CP16609","RBOY","KK","M","234750","PTT",2022-10-28 07:26:00,2022-11-16 20:37:11,-35.662,NA,-42.419,173.676,"3",1689071
"CP16609","RBOY","KK","M","234750","PTT",2022-10-28 07:26:00,2022-11-16 20:37:11,34.49,3.8033,-42.419,173.676,"3",1689071
"CP16609","RBOY","KK","M","234750","PTT",2022-10-28 07:26:00,2022-11-16 20:54:24,34.49,3.7954,-42.418,173.685,"3",1690104
"CP16918","RRGO","KK","M","66891_2","PTT",2022-10-28 22:57:00,2022-11-20 07:45:03,-35.662,NA,-42.465,173.678,"B",1932483
"CP16918","RRGO","KK","M","66891_2","PTT",2022-10-28 22:57:00,2022-11-19 17:21:29,-35.662,NA,-42.402,173.658,"0",1880669
"CP16918","RRGO","KK","M","66891_2","PTT",2022-10-28 22:57:00,2022-11-19 17:21:29,21.692,3.827,-42.402,173.658,"0",1880669
"CP16918","RRGO","KK","M","66891_2","PTT",2022-10-28 22:57:00,2022-11-19 17:21:29,24.062,3.827,-42.402,173.658,"0",1880669
"CP16918","RRGO","KK","M","66891_2","PTT",2022-10-28 22:57:00,2022-11-19 17:02:31,25.01,3.8428,-42.427,173.58,"B",1879531
"CP16918","RRGO","KK","M","66891_2","PTT",2022-10-28 22:57:00,2022-11-19 17:02:31,-35.662,NA,-42.427,173.58,"B",1879531
"CP16616","RBWR","KK","M","66969","PTT",2022-10-28 18:07:00,2022-11-18 16:14:05,-35.662,NA,-42.417,173.683,"2",1807625
"CP16918","RRGO","KK","M","66891_2","PTT",2022-10-28 22:57:00,2022-11-18 17:53:47,21.692,3.7875,-42.495,173.708,"B",1796207
"CP16918","RRGO","KK","M","66891_2","PTT",2022-10-28 22:57:00,2022-11-18 17:53:47,-35.662,NA,-42.495,173.708,"B",1796207
"CP16918","RRGO","KK","M","66891_2","PTT",2022-10-28 22:57:00,2022-11-18 17:20:49,-35.662,NA,-42.462,173.778,"B",1794229
"CP16918","RRGO","KK","M","66891_2","PTT",2022-10-28 22:57:00,2022-11-18 16:15:14,-35.662,NA,-42.473,173.816,"A",1790294
"CP9068","RBRL","KK","F","66903","PTT",2021-10-03 19:06:00,2022-11-18 09:18:06,-35.662,NA,-42.387,173.649,"A",35475126
"CP9068","RBRL","KK","F","66903","PTT",2021-10-03 19:06:00,2022-11-18 09:18:06,32.594,3.7085,-42.387,173.649,"A",35475126
"CP16918","RRGO","KK","M","66891_2","PTT",2022-10-28 22:57:00,2022-11-18 08:07:14,-35.662,NA,-42.41,173.708,"B",1761014
"CP16918","RRGO","KK","M","66891_2","PTT",2022-10-28 22:57:00,2022-11-18 07:39:45,-35.662,NA,-42.412,173.708,"A",1759365
"CP16918","RRGO","KK","M","66891_2","PTT",2022-10-28 22:57:00,2022-11-18 07:39:45,32.594,3.8191,-42.412,173.708,"A",1759365
"CP16918","RRGO","KK","M","66891_2","PTT",2022-10-28 22:57:00,2022-11-18 06:34:11,24.536,3.7559,-42.399,173.676,"0",1755431
"CP16918","RRGO","KK","M","66891_2","PTT",2022-10-28 22:57:00,2022-11-18 06:34:11,-35.662,NA,-42.399,173.676,"0",1755431
"CP16918","RRGO","KK","M","66891_2","PTT",2022-10-28 22:57:00,2022-11-18 06:34:11,25.01,3.748,-42.399,173.676,"0",1755431
"CP16918","RRGO","KK","M","66891_2","PTT",2022-10-28 22:57:00,2022-11-18 06:30:49,-35.662,NA,-42.218,173.113,"B",1755229
"CP16609","RBOY","KK","M","234750","PTT",2022-10-28 07:26:00,2022-11-17 20:42:55,-35.662,NA,-42.412,173.672,"3",1775815
"CP16609","RBOY","KK","M","234750","PTT",2022-10-28 07:26:00,2022-11-17 19:00:27,-35.662,NA,-42.377,173.765,"B",1769667
"CP16609","RBOY","KK","M","234750","PTT",2022-10-28 07:26:00,2022-11-17 19:00:27,34.964,3.7243,-42.377,173.765,"B",1769667
"CP16609","RBOY","KK","M","234750","PTT",2022-10-28 07:26:00,2022-11-17 16:44:24,30.224,3.7717,-42.478,173.993,"0",1761504
"CP16609","RBOY","KK","M","234750","PTT",2022-10-28 07:26:00,2022-11-17 16:44:24,-35.662,NA,-42.478,173.993,"0",1761504
"CP16609","RBOY","KK","M","234750","PTT",2022-10-28 07:26:00,2022-11-17 16:02:50,-35.662,NA,-42.436,173.678,"B",1759010
"CP9099","RWLG","KK","F","234673","PTT",2022-10-26 17:55:00,2022-11-17 16:45:06,-35.662,NA,-42.4,173.615,"0",1896606
"CP9099","RWLG","KK","F","234673","PTT",2022-10-26 20:02:00,2022-11-17 16:45:06,-35.662,NA,-42.4,173.615,"0",1888986
"CP9099","RWLG","KK","F","234673","PTT",2022-10-26 17:55:00,2022-11-17 16:45:06,28.802,3.6848,-42.4,173.615,"0",1896606
"CP9099","RWLG","KK","F","234673","PTT",2022-10-26 20:02:00,2022-11-17 16:45:06,28.802,3.6848,-42.4,173.615,"0",1888986
"CP16918","RRGO","KK","M","66891_2","PTT",2022-10-28 22:57:00,2022-11-17 17:36:41,-35.662,NA,-42.382,173.34,"B",1708781
"CP16918","RRGO","KK","M","66891_2","PTT",2022-10-28 22:57:00,2022-11-17 15:01:48,24.536,3.9771,-42.352,173.351,"B",1699488
"CP16918","RRGO","KK","M","66891_2","PTT",2022-10-28 22:57:00,2022-11-17 09:39:20,-35.662,NA,-42.421,173.6,"B",1680140
"CP16918","RRGO","KK","M","66891_2","PTT",2022-10-28 22:57:00,2022-11-17 09:39:20,33.542,3.9929,-42.421,173.6,"B",1680140
"CP16918","RRGO","KK","M","66891_2","PTT",2022-10-28 22:57:00,2022-11-17 07:58:43,-35.662,NA,-42.422,173.692,"0",1674103
"CP16918","RRGO","KK","M","66891_2","PTT",2022-10-28 22:57:00,2022-11-17 07:58:43,27.38,3.7796,-42.422,173.692,"0",1674103
"CP16918","RRGO","KK","M","66891_2","PTT",2022-10-28 22:57:00,2022-11-17 07:58:43,27.854,3.7954,-42.422,173.692,"0",1674103
"CP16918","RRGO","KK","M","66891_2","PTT",2022-10-28 22:57:00,2022-11-17 06:42:35,-35.662,NA,-42.56,174.148,"B",1669535
"CP16609","RBOY","KK","M","234750","PTT",2022-10-28 07:26:00,2022-11-16 22:16:24,33.542,3.7796,-42.409,173.69,"3",1695024
"CP16609","RBOY","KK","M","234750","PTT",2022-10-28 07:26:00,2022-11-16 22:16:24,-35.662,NA,-42.409,173.69,"3",1695024
"CP16609","RBOY","KK","M","234750","PTT",2022-10-28 07:26:00,2022-11-16 20:54:24,-35.662,NA,-42.418,173.685,"3",1690104
"CP16616","RBWR","KK","M","66969","PTT",2022-10-28 18:07:00,2022-10-29 07:32:36,35.912,3.7559,-42.425,173.695,"A",48336
"CP16918","RRGO","KK","M","66891_2","PTT",2022-10-28 22:57:00,2022-11-20 08:38:05,29.276,3.7322,-42.428,173.683,"0",1935665
"CP16918","RRGO","KK","M","66891_2","PTT",2022-10-28 22:57:00,2022-11-20 08:38:05,28.328,3.8823,-42.428,173.683,"0",1935665
"CP16918","RRGO","KK","M","66891_2","PTT",2022-10-28 22:57:00,2022-11-20 08:38:05,-35.662,NA,-42.428,173.683,"0",1935665
"CP16616","RBWR","KK","M","66969","PTT",2022-10-28 18:07:00,2022-10-29 07:32:36,-35.662,NA,-42.425,173.695,"A",48336
"CP16616","RBWR","KK","M","66969","PTT",2022-10-28 18:07:00,2022-10-28 18:28:07,33.068,3.7322,-42.419,173.634,"2",1267
"CP16616","RBWR","KK","M","66969","PTT",2022-10-28 18:07:00,2022-10-28 18:28:07,-35.662,NA,-42.419,173.634,"2",1267
"CP16616","RBWR","KK","M","66969","PTT",2022-10-28 18:07:00,2022-10-28 19:18:57,-35.662,NA,-42.418,173.638,"B",4317
"CP16616","RBWR","KK","M","66969","PTT",2022-10-28 18:07:00,2022-10-29 14:37:39,-35.662,NA,-42.419,173.635,"2",73839
"CP16616","RBWR","KK","M","66969","PTT",2022-10-28 18:07:00,2022-10-29 14:37:39,36.86,3.8823,-42.419,173.635,"2",73839
"CP16616","RBWR","KK","M","66969","PTT",2022-10-28 18:07:00,2022-10-29 14:37:14,36.86,3.8823,-42.419,173.633,"2",73814
"CP16616","RBWR","KK","M","66969","PTT",2022-10-28 18:07:00,2022-10-29 14:37:14,-35.662,NA,-42.419,173.633,"2",73814
"CP16616","RBWR","KK","M","66969","PTT",2022-10-28 18:07:00,2022-10-29 16:19:03,31.646,3.8428,-42.438,173.649,"B",79923
"CP16616","RBWR","KK","M","66969","PTT",2022-10-28 18:07:00,2022-10-29 19:50:46,-35.662,NA,-42.421,173.677,"2",92626
"CP16616","RBWR","KK","M","66969","PTT",2022-10-28 18:07:00,2022-10-29 19:50:46,32.12,3.7559,-42.421,173.677,"2",92626
"CP16616","RBWR","KK","M","66969","PTT",2022-10-28 18:07:00,2022-10-29 19:09:07,-35.662,NA,-42.437,173.654,"1",90127
"CP16616","RBWR","KK","M","66969","PTT",2022-10-28 18:07:00,2022-10-29 18:57:54,-35.662,NA,-42.415,173.679,"B",89454
"CP16616","RBWR","KK","M","66969","PTT",2022-10-28 18:07:00,2022-10-29 18:11:19,-35.662,NA,-42.419,173.675,"B",86659
"CP16616","RBWR","KK","M","66969","PTT",2022-10-28 18:07:00,2022-10-29 17:28:01,-35.662,NA,-42.419,173.674,"3",84061
"CP16616","RBWR","KK","M","66969","PTT",2022-10-28 18:07:00,2022-10-29 17:28:01,33.542,3.8112,-42.419,173.674,"3",84061
"CP16616","RBWR","KK","M","66969","PTT",2022-10-28 18:07:00,2022-10-31 08:52:14,37.808,3.7164,-42.414,173.721,"1",225914
"CP16616","RBWR","KK","M","66969","PTT",2022-10-28 18:07:00,2022-10-31 08:52:14,-35.662,NA,-42.414,173.721,"1",225914
"CP16616","RBWR","KK","M","66969","PTT",2022-10-28 18:07:00,2022-11-01 15:49:06,-35.662,NA,-42.414,173.69,"1",337326
"CP16616","RBWR","KK","M","66969","PTT",2022-10-28 18:07:00,2022-11-01 16:43:39,34.964,3.7322,-42.417,173.652,"1",340599
"CP16616","RBWR","KK","M","66969","PTT",2022-10-28 18:07:00,2022-11-03 15:40:49,-35.662,NA,-42.412,173.655,"B",509629
"CP16616","RBWR","KK","M","66969","PTT",2022-10-28 18:07:00,2022-11-04 16:32:13,35.438,3.7401,-42.412,173.683,"2",599113
"CP16616","RBWR","KK","M","66969","PTT",2022-10-28 18:07:00,2022-11-04 16:53:02,-35.662,NA,-42.422,173.697,"1",600362
"CP16616","RBWR","KK","M","66969","PTT",2022-10-28 18:07:00,2022-11-04 16:32:13,-35.662,NA,-42.412,173.683,"2",599113
"CP16616","RBWR","KK","M","66969","PTT",2022-10-28 18:07:00,2022-11-01 08:31:52,-35.662,NA,-42.421,173.666,"1",311092
"CP16616","RBWR","KK","M","66969","PTT",2022-10-28 18:07:00,2022-11-01 08:31:52,39.23,3.7085,-42.421,173.666,"1",311092
"CP16616","RBWR","KK","M","66969","PTT",2022-10-28 18:07:00,2022-11-01 08:10:03,39.704,3.7243,-42.427,173.665,"A",309783
"CP16616","RBWR","KK","M","66969","PTT",2022-10-28 18:07:00,2022-11-01 08:10:03,-35.662,NA,-42.427,173.665,"A",309783
"CP16616","RBWR","KK","M","66969","PTT",2022-10-28 18:07:00,2022-11-04 16:53:02,35.438,3.7401,-42.422,173.697,"1",600362
"CP16616","RBWR","KK","M","66969","PTT",2022-10-28 18:07:00,2022-11-01 17:21:08,-35.662,NA,-42.42,173.676,"A",342848
"CP16616","RBWR","KK","M","66969","PTT",2022-10-28 18:07:00,2022-11-01 16:43:39,-35.662,NA,-42.417,173.652,"1",340599
"CP16616","RBWR","KK","M","66969","PTT",2022-10-28 18:07:00,2022-11-03 09:30:40,-35.662,NA,-42.414,173.67,"B",487420
"CP16616","RBWR","KK","M","66969","PTT",2022-10-28 18:07:00,2022-11-03 08:36:56,-35.662,NA,-42.406,173.688,"B",484196
"CP16616","RBWR","KK","M","66969","PTT",2022-10-28 18:07:00,2022-11-03 09:30:40,37.808,3.7322,-42.414,173.67,"B",487420
"CP16616","RBWR","KK","M","66969","PTT",2022-10-28 18:07:00,2022-11-04 09:09:10,-35.662,NA,-42.419,173.665,"1",572530
"CP16616","RBWR","KK","M","66969","PTT",2022-10-28 18:07:00,2022-11-04 09:09:10,42.074,3.7243,-42.419,173.665,"1",572530
"CP16617","RBWO","KK","M","66967","PTT",2022-10-29 14:35:00,2022-11-20 08:37:34,-35.662,NA,-42.373,173.668,"3",1879354
"CP16918","RRGO","KK","M","66891_2","PTT",2022-10-28 22:57:00,2022-11-20 16:45:52,26.906,3.9929,-42.419,173.692,"1",1964932
"CP16918","RRGO","KK","M","66891_2","PTT",2022-10-28 22:57:00,2022-11-20 16:45:52,-35.662,NA,-42.419,173.692,"1",1964932
"CP16918","RRGO","KK","M","66891_2","PTT",2022-10-28 22:57:00,2022-11-20 16:50:07,26.432,3.985,-42.412,173.708,"0",1965187
"CP16918","RRGO","KK","M","66891_2","PTT",2022-10-28 22:57:00,2022-11-20 16:50:07,-35.662,NA,-42.412,173.708,"0",1965187
"CP16616","RBWR","KK","M","66969","PTT",2022-10-28 18:07:00,2022-11-20 16:46:59,-35.662,NA,-42.421,173.699,"B",1982399
"CP16616","RBWR","KK","M","66969","PTT",2022-10-28 18:07:00,2022-11-20 16:46:09,-35.662,NA,-42.421,173.7,"2",1982349
"CP9099","RWLG","KK","F","234673","PTT",2022-10-26 17:55:00,2022-11-20 16:47:28,-35.662,NA,-42.415,173.67,"2",2155948
"CP9099","RWLG","KK","F","234673","PTT",2022-10-26 20:02:00,2022-11-20 16:47:28,-35.662,NA,-42.415,173.67,"2",2148328
"CP9099","RWLG","KK","F","234673","PTT",2022-10-26 17:55:00,2022-11-20 16:51:28,35.438,3.6769,-42.41,173.677,"0",2156188
"CP9099","RWLG","KK","F","234673","PTT",2022-10-26 20:02:00,2022-11-20 16:51:28,35.438,3.6769,-42.41,173.677,"0",2148568
"CP9099","RWLG","KK","F","234673","PTT",2022-10-26 17:55:00,2022-11-20 16:51:28,-35.662,NA,-42.41,173.677,"0",2156188
"CP9099","RWLG","KK","F","234673","PTT",2022-10-26 20:02:00,2022-11-20 16:51:28,-35.662,NA,-42.41,173.677,"0",2148568
"CP16918","RRGO","KK","M","66891_2","PTT",2022-10-28 22:57:00,2022-11-20 20:53:15,25.484,3.8349,-42.413,173.681,"3",1979775
"CP16918","RRGO","KK","M","66891_2","PTT",2022-10-28 22:57:00,2022-11-20 20:53:15,25.484,3.8349,-42.413,173.681,"3",1979775
"CP16918","RRGO","KK","M","66891_2","PTT",2022-10-28 22:57:00,2022-11-20 20:53:15,-35.662,NA,-42.413,173.681,"3",1979775
"CP16918","RRGO","KK","M","66891_2","PTT",2022-10-28 22:57:00,2022-11-21 05:50:07,27.854,3.748,-42.401,173.699,"A",2011987
"CP16918","RRGO","KK","M","66891_2","PTT",2022-10-28 22:57:00,2022-11-21 05:50:07,-35.662,NA,-42.401,173.699,"A",2011987
"CP16918","RRGO","KK","M","66891_2","PTT",2022-10-28 22:57:00,2022-11-21 05:55:44,29.75,3.7401,-42.402,173.696,"B",2012324
"CP16918","RRGO","KK","M","66891_2","PTT",2022-10-28 22:57:00,2022-11-21 06:40:53,-35.662,NA,-42.545,173.77,"A",2015033
"CP16918","RRGO","KK","M","66891_2","PTT",2022-10-28 22:57:00,2022-11-21 07:34:06,29.75,3.8112,-42.418,173.676,"1",2018226
"CP16918","RRGO","KK","M","66891_2","PTT",2022-10-28 22:57:00,2022-11-21 07:34:06,29.75,3.8033,-42.418,173.676,"1",2018226
"CP16918","RRGO","KK","M","66891_2","PTT",2022-10-28 22:57:00,2022-11-21 07:34:06,-35.662,NA,-42.418,173.676,"1",2018226
"CP16918","RRGO","KK","M","66891_2","PTT",2022-10-28 22:57:00,2022-11-21 08:18:04,34.964,3.827,-42.427,173.764,"0",2020864
"CP16918","RRGO","KK","M","66891_2","PTT",2022-10-28 22:57:00,2022-11-21 08:18:04,34.49,3.827,-42.427,173.764,"0",2020864
"CP16918","RRGO","KK","M","66891_2","PTT",2022-10-28 22:57:00,2022-11-21 08:18:04,-35.662,NA,-42.427,173.764,"0",2020864
"CP16918","RRGO","KK","M","66891_2","PTT",2022-10-28 22:57:00,2022-11-21 09:58:13,-35.662,NA,-42.416,173.762,"B",2026873
"CP9068","RBRL","KK","F","66903","PTT",2021-10-03 19:06:00,2022-11-21 05:50:32,32.594,3.7164,-42.376,173.621,"1",35721872
"CP9068","RBRL","KK","F","66903","PTT",2021-10-03 19:06:00,2022-11-21 05:50:32,-35.662,NA,-42.376,173.621,"1",35721872
"CP9068","RBRL","KK","F","66903","PTT",2021-10-03 19:06:00,2022-11-21 05:52:12,-35.662,NA,-42.368,173.662,"B",35721972
"CP9068","RBRL","KK","F","66903","PTT",2021-10-03 19:06:00,2022-11-21 06:39:24,-35.662,NA,-42.396,173.646,"B",35724804
"CP16617","RBWO","KK","M","66967","PTT",2022-10-29 14:35:00,2022-11-21 05:50:26,-35.662,NA,-42.372,173.647,"A",1955726
"CP16617","RBWO","KK","M","66967","PTT",2022-10-29 14:35:00,2022-11-21 07:34:13,44.444,3.7322,-42.381,173.639,"1",1961953
"CP16617","RBWO","KK","M","66967","PTT",2022-10-29 14:35:00,2022-11-21 07:34:13,-35.662,NA,-42.381,173.639,"1",1961953
"CP16617","RBWO","KK","M","66967","PTT",2022-10-29 14:35:00,2022-11-21 08:18:00,42.548,3.7243,-42.356,173.612,"0",1964580
"CP16617","RBWO","KK","M","66967","PTT",2022-10-29 14:35:00,2022-11-21 08:18:00,-35.662,NA,-42.356,173.612,"0",1964580
"CP16616","RBWR","KK","M","66969","PTT",2022-10-28 18:07:00,2022-11-21 09:55:13,-35.662,NA,-42.371,173.704,"B",2044093
"CP16918","RRGO","KK","M","66891_2","PTT",2022-10-28 22:57:00,2022-11-21 16:19:22,31.646,3.9297,-42.441,173.664,"0",2049742
"CP16918","RRGO","KK","M","66891_2","PTT",2022-10-28 22:57:00,2022-11-21 16:19:22,-35.662,NA,-42.441,173.664,"0",2049742
"CP16918","RRGO","KK","M","66891_2","PTT",2022-10-28 22:57:00,2022-11-21 16:19:22,33.068,3.9297,-42.441,173.664,"0",2049742
"CP16918","RRGO","KK","M","66891_2","PTT",2022-10-28 22:57:00,2022-11-21 16:29:45,-35.662,NA,-42.422,173.681,"2",2050365
"CP16918","RRGO","KK","M","66891_2","PTT",2022-10-28 22:57:00,2022-11-21 16:29:45,29.75,3.9218,-42.422,173.681,"2",2050365
"CP16617","RBWO","KK","M","66967","PTT",2022-10-29 14:35:00,2022-11-21 17:59:18,-35.662,NA,-42.377,173.683,"A",1999458
"CP16918","RRGO","KK","M","66891_2","PTT",2022-10-28 22:57:00,2022-11-21 19:55:17,24.062,3.8112,-42.412,173.678,"3",2062697
"CP16918","RRGO","KK","M","66891_2","PTT",2022-10-28 22:57:00,2022-11-21 19:55:17,24.062,3.8112,-42.412,173.678,"3",2062697
"CP16918","RRGO","KK","M","66891_2","PTT",2022-10-28 22:57:00,2022-11-21 19:55:17,-35.662,NA,-42.412,173.678,"3",2062697
"CP16918","RRGO","KK","M","66891_2","PTT",2022-10-28 22:57:00,2022-11-21 20:33:12,-35.662,NA,-42.414,173.703,"B",2064972
"CP16918","RRGO","KK","M","66891_2","PTT",2022-10-28 22:57:00,2022-11-21 20:33:12,23.588,3.7875,-42.414,173.703,"B",2064972
"CP16918","RRGO","KK","M","66891_2","PTT",2022-10-28 22:57:00,2022-11-21 21:21:17,-35.662,NA,-42.404,173.713,"B",2067857
"CP16918","RRGO","KK","M","66891_2","PTT",2022-10-28 22:57:00,2022-11-22 06:10:49,31.646,3.7243,-42.371,173.671,"0",2099629
"CP16918","RRGO","KK","M","66891_2","PTT",2022-10-28 22:57:00,2022-11-22 06:10:49,-35.662,NA,-42.371,173.671,"0",2099629
"CP16918","RRGO","KK","M","66891_2","PTT",2022-10-28 22:57:00,2022-11-22 07:22:10,34.49,3.7717,-42.445,173.658,"1",2103910
"CP16918","RRGO","KK","M","66891_2","PTT",2022-10-28 22:57:00,2022-11-22 07:22:10,30.698,3.7638,-42.445,173.658,"1",2103910
"CP16918","RRGO","KK","M","66891_2","PTT",2022-10-28 22:57:00,2022-11-22 07:22:10,-35.662,NA,-42.445,173.658,"1",2103910
"CP16918","RRGO","KK","M","66891_2","PTT",2022-10-28 22:57:00,2022-11-22 07:56:11,39.23,3.8902,-42.429,173.721,"2",2105951
"CP16918","RRGO","KK","M","66891_2","PTT",2022-10-28 22:57:00,2022-11-22 07:56:11,-35.662,NA,-42.429,173.721,"2",2105951
"CP16918","RRGO","KK","M","66891_2","PTT",2022-10-28 22:57:00,2022-11-22 08:43:18,-35.662,NA,-42.463,173.679,"B",2108778
"CP16918","RRGO","KK","M","66891_2","PTT",2022-10-28 22:57:00,2022-11-23 07:35:33,28.328,3.7638,-42.488,173.686,"0",2191113
"CP16918","RRGO","KK","M","66891_2","PTT",2022-10-28 22:57:00,2022-11-23 07:11:58,-35.662,NA,-42.458,173.69,"B",2189698
"CP9099","RWLG","KK","F","234673","PTT",2022-10-26 17:55:00,2022-11-22 16:12:45,-35.662,NA,-42.416,173.667,"A",2326665
"CP9099","RWLG","KK","F","234673","PTT",2022-10-26 20:02:00,2022-11-22 16:12:45,-35.662,NA,-42.416,173.667,"A",2319045
"CP9099","RWLG","KK","F","234673","PTT",2022-10-26 17:55:00,2022-11-22 16:12:45,34.016,3.6769,-42.416,173.667,"A",2326665
"CP9099","RWLG","KK","F","234673","PTT",2022-10-26 20:02:00,2022-11-22 16:12:45,34.016,3.6769,-42.416,173.667,"A",2319045
"CP9099","RWLG","KK","F","234673","PTT",2022-10-26 17:55:00,2022-11-22 15:49:07,39.704,3.6848,-42.411,173.676,"1",2325247
"CP9099","RWLG","KK","F","234673","PTT",2022-10-26 20:02:00,2022-11-22 15:49:07,39.704,3.6848,-42.411,173.676,"1",2317627
"CP9099","RWLG","KK","F","234673","PTT",2022-10-26 17:55:00,2022-11-22 15:49:07,-35.662,NA,-42.411,173.676,"1",2325247
"CP9099","RWLG","KK","F","234673","PTT",2022-10-26 20:02:00,2022-11-22 15:49:07,-35.662,NA,-42.411,173.676,"1",2317627
"CP16111","RBGB","KK","F","234672","PTT",2022-10-26 18:35:00,2022-11-22 16:13:51,-35.662,NA,-42.417,173.631,"3",2324331
"CP16111","RBGB","KK","F","234672","PTT",2022-10-26 18:35:00,2022-11-22 15:49:16,-35.662,NA,-42.408,173.629,"1",2322856
"CP16111","RBGB","KK","F","234672","PTT",2022-10-26 18:35:00,2022-11-22 15:49:16,38.756,3.7243,-42.408,173.629,"1",2322856
"CP16616","RBWR","KK","M","66969","PTT",2022-10-28 18:07:00,2022-11-22 16:13:25,35.912,3.6769,-42.43,173.691,"3",2153185
"CP16616","RBWR","KK","M","66969","PTT",2022-10-28 18:07:00,2022-11-22 16:13:25,-35.662,NA,-42.43,173.691,"3",2153185
"CP16616","RBWR","KK","M","66969","PTT",2022-10-28 18:07:00,2022-11-22 15:48:24,-35.662,NA,-42.448,173.676,"A",2151684
"CP16616","RBWR","KK","M","66969","PTT",2022-10-28 18:07:00,2022-11-22 15:48:24,39.23,3.7006,-42.448,173.676,"A",2151684
"CP16617","RBWO","KK","M","66967","PTT",2022-10-29 14:35:00,2022-11-22 17:47:29,-35.662,NA,-42.371,173.649,"B",2085149
"CP16617","RBWO","KK","M","66967","PTT",2022-10-29 14:35:00,2022-11-22 17:27:53,36.386,3.748,-42.374,173.65,"3",2083973
"CP16617","RBWO","KK","M","66967","PTT",2022-10-29 14:35:00,2022-11-22 17:27:53,-35.662,NA,-42.374,173.65,"3",2083973
"CP16617","RBWO","KK","M","66967","PTT",2022-10-29 14:35:00,2022-11-22 16:13:20,-35.662,NA,-42.37,173.651,"A",2079500
"CP16617","RBWO","KK","M","66967","PTT",2022-10-29 14:35:00,2022-11-22 15:48:21,-35.662,NA,-42.392,173.64,"A",2078001
"CP16918","RRGO","KK","M","66891_2","PTT",2022-10-28 22:57:00,2022-11-22 17:28:02,25.958,3.9376,-42.428,173.733,"2",2140262
"CP16918","RRGO","KK","M","66891_2","PTT",2022-10-28 22:57:00,2022-11-22 17:28:02,-35.662,NA,-42.428,173.733,"2",2140262
"CP16918","RRGO","KK","M","66891_2","PTT",2022-10-28 22:57:00,2022-11-22 17:28:02,25.01,3.9376,-42.428,173.733,"2",2140262
"CP16918","RRGO","KK","M","66891_2","PTT",2022-10-28 22:57:00,2022-11-22 16:13:41,-35.662,NA,-42.425,173.718,"A",2135801
"CP16918","RRGO","KK","M","66891_2","PTT",2022-10-28 22:57:00,2022-11-22 15:49:44,-35.662,NA,-42.54,173.762,"B",2134364
"CP16616","RBWR","KK","M","66969","PTT",2022-10-28 18:07:00,2022-11-22 08:43:46,-35.662,NA,-42.417,173.681,"B",2126206
"CP16616","RBWR","KK","M","66969","PTT",2022-10-28 18:07:00,2022-11-22 07:55:31,-35.662,NA,-42.417,173.685,"2",2123311
"CP16616","RBWR","KK","M","66969","PTT",2022-10-28 18:07:00,2022-11-22 07:55:31,35.912,3.7006,-42.417,173.685,"2",2123311
"CP16616","RBWR","KK","M","66969","PTT",2022-10-28 18:07:00,2022-11-22 07:22:09,-35.662,NA,-42.416,173.671,"2",2121309
"CP16616","RBWR","KK","M","66969","PTT",2022-10-28 18:07:00,2022-11-22 07:22:09,38.756,3.7085,-42.416,173.671,"2",2121309
"CP16616","RBWR","KK","M","66969","PTT",2022-10-28 18:07:00,2022-11-22 07:06:59,-35.662,NA,-42.43,173.67,"B",2120399
"CP16616","RBWR","KK","M","66969","PTT",2022-10-28 18:07:00,2022-11-22 06:19:28,-35.662,NA,-42.422,173.666,"B",2117548
"CP16616","RBWR","KK","M","66969","PTT",2022-10-28 18:07:00,2022-11-22 06:10:21,37.808,3.748,-42.422,173.666,"1",2117001
"CP16616","RBWR","KK","M","66969","PTT",2022-10-28 18:07:00,2022-11-22 06:10:21,-35.662,NA,-42.422,173.666,"1",2117001
"CP16617","RBWO","KK","M","66967","PTT",2022-10-29 14:35:00,2022-11-22 08:43:53,-35.662,NA,-42.361,173.662,"B",2052533
"CP16617","RBWO","KK","M","66967","PTT",2022-10-29 14:35:00,2022-11-22 07:56:24,-35.662,NA,-42.372,173.643,"1",2049684
"CP9068","RBRL","KK","F","66903","PTT",2021-10-03 19:06:00,2022-11-22 07:56:22,-35.662,NA,-42.42,173.756,"1",35815822
"CP9068","RBRL","KK","F","66903","PTT",2021-10-03 19:06:00,2022-11-22 07:56:22,41.6,3.7006,-42.42,173.756,"1",35815822
"CP9068","RBRL","KK","F","66903","PTT",2021-10-03 19:06:00,2022-11-22 07:56:22,41.126,3.7085,-42.42,173.756,"1",35815822
"CP9068","RBRL","KK","F","66903","PTT",2021-10-03 19:06:00,2022-11-22 07:22:18,37.808,3.7164,-42.409,173.686,"1",35813778
"CP9068","RBRL","KK","F","66903","PTT",2021-10-03 19:06:00,2022-11-22 07:22:18,-35.662,NA,-42.409,173.686,"1",35813778
"CP9068","RBRL","KK","F","66903","PTT",2021-10-03 19:06:00,2022-11-22 07:22:18,38.756,3.7164,-42.409,173.686,"1",35813778
"CP16616","RBWR","KK","M","66969","PTT",2022-10-28 18:07:00,2022-10-28 19:18:57,-35.662,NA,-42.426,173.649,"B",4317
"CP16616","RBWR","KK","M","66969","PTT",2022-10-28 18:07:00,2022-10-28 20:10:14,-35.662,NA,-42.422,173.682,"3",7394
"CP16616","RBWR","KK","M","66969","PTT",2022-10-28 18:07:00,2022-10-28 20:10:14,32.594,3.6927,-42.422,173.682,"3",7394
"CP16918","RRGO","KK","M","66891_2","PTT",2022-10-28 22:57:00,2022-11-23 07:35:33,32.594,3.7875,-42.488,173.686,"0",2191113
"CP16918","RRGO","KK","M","66891_2","PTT",2022-10-28 22:57:00,2022-11-23 07:35:33,-35.662,NA,-42.488,173.686,"0",2191113
"CP16918","RRGO","KK","M","66891_2","PTT",2022-10-28 22:57:00,2022-11-23 09:15:48,37.334,3.9929,-42.409,173.654,"1",2197128
"CP16617","RBWO","KK","M","66967","PTT",2022-10-29 14:35:00,2022-11-23 09:16:34,-35.662,NA,-42.355,173.686,"A",2140894
"CP16617","RBWO","KK","M","66967","PTT",2022-10-29 14:35:00,2022-11-23 09:16:34,43.496,3.7322,-42.355,173.686,"A",2140894
"CP16617","RBWO","KK","M","66967","PTT",2022-10-29 14:35:00,2022-11-23 08:22:23,-35.662,NA,-42.372,173.6,"B",2137643
"CP16617","RBWO","KK","M","66967","PTT",2022-10-29 14:35:00,2022-11-23 07:37:21,-35.662,NA,-42.34,173.654,"A",2134941
"CP16617","RBWO","KK","M","66967","PTT",2022-10-29 14:35:00,2022-11-23 07:37:21,42.074,3.7559,-42.34,173.654,"A",2134941
"CP9068","RBRL","KK","F","66903","PTT",2021-10-03 19:06:00,2022-11-23 09:15:31,-35.662,NA,-42.364,173.609,"1",35906971
"CP9068","RBRL","KK","F","66903","PTT",2021-10-03 19:06:00,2022-11-23 09:15:31,35.912,3.7796,-42.364,173.609,"1",35906971
"CP9068","RBRL","KK","F","66903","PTT",2021-10-03 19:06:00,2022-11-23 09:15:31,34.016,3.8112,-42.364,173.609,"1",35906971
"CP9068","RBRL","KK","F","66903","PTT",2021-10-03 19:06:00,2022-11-23 08:23:06,37.808,3.7322,-42.402,173.673,"B",35903826
"CP9068","RBRL","KK","F","66903","PTT",2021-10-03 19:06:00,2022-11-23 08:23:06,-35.662,NA,-42.402,173.673,"B",35903826
"CP16918","RRGO","KK","M","66891_2","PTT",2022-10-28 22:57:00,2022-11-23 09:15:48,-35.662,NA,-42.409,173.654,"1",2197128
"CP16134","RBOG","KK","F","234658","PTT",2022-10-27 17:30:00,2022-10-27 17:50:09,-35.662,NA,-42.421,173.693,"2",1209
"CP16134","RBOG","KK","F","234658","PTT",2022-10-27 17:30:00,2022-10-27 17:50:09,33.542,3.8823,-42.421,173.693,"2",1209
"CP16134","RBOG","KK","F","234658","PTT",2022-10-27 17:30:00,2022-10-27 18:50:22,-35.662,NA,-42.42,173.705,"3",4822
"CP16918","RRGO","KK","M","66891_2","PTT",2022-10-28 22:57:00,2022-11-23 16:56:12,25.958,3.985,-42.428,173.733,"0",2224752
"CP16918","RRGO","KK","M","66891_2","PTT",2022-10-28 22:57:00,2022-11-23 16:56:12,26.906,3.985,-42.428,173.733,"0",2224752
"CP16918","RRGO","KK","M","66891_2","PTT",2022-10-28 22:57:00,2022-11-23 16:56:12,-35.662,NA,-42.428,173.733,"0",2224752
"CP16918","RRGO","KK","M","66891_2","PTT",2022-10-28 22:57:00,2022-11-23 17:32:02,-35.662,NA,-42.415,173.727,"B",2226902
"CP16617","RBWO","KK","M","66967","PTT",2022-10-29 14:35:00,2022-11-23 15:16:50,-35.662,NA,-42.282,173.29,"B",2162510
"CP16617","RBWO","KK","M","66967","PTT",2022-10-29 14:35:00,2022-11-23 15:56:27,34.016,3.6848,-42.365,173.64,"A",2164887
"CP16617","RBWO","KK","M","66967","PTT",2022-10-29 14:35:00,2022-11-23 15:56:27,-35.662,NA,-42.365,173.64,"A",2164887
"CP9099","RWLG","KK","F","234673","PTT",2022-10-26 17:55:00,2022-11-23 15:57:19,-35.662,NA,-42.408,173.675,"B",2412139
"CP9099","RWLG","KK","F","234673","PTT",2022-10-26 20:02:00,2022-11-23 15:57:19,-35.662,NA,-42.408,173.675,"B",2404519
"CP9099","RWLG","KK","F","234673","PTT",2022-10-26 17:55:00,2022-11-23 16:56:05,38.756,3.6848,-42.421,173.685,"1",2415665
"CP9099","RWLG","KK","F","234673","PTT",2022-10-26 20:02:00,2022-11-23 16:56:05,38.756,3.6848,-42.421,173.685,"1",2408045
"CP9099","RWLG","KK","F","234673","PTT",2022-10-26 17:55:00,2022-11-23 16:56:05,-35.662,NA,-42.421,173.685,"1",2415665
"CP9099","RWLG","KK","F","234673","PTT",2022-10-26 20:02:00,2022-11-23 16:56:05,-35.662,NA,-42.421,173.685,"1",2408045
"CP16918","RRGO","KK","M","66891_2","PTT",2022-10-28 22:57:00,2022-11-23 19:29:02,-35.662,NA,-42.402,173.731,"B",2233922
"CP16918","RRGO","KK","M","66891_2","PTT",2022-10-28 22:57:00,2022-11-23 19:29:02,21.692,4.1746,-42.402,173.731,"B",2233922
"CP16918","RRGO","KK","M","66891_2","PTT",2022-10-28 22:57:00,2022-11-23 21:12:28,-35.662,NA,-42.385,173.727,"B",2240128
"CP16918","RRGO","KK","M","66891_2","PTT",2022-10-28 22:57:00,2022-11-23 21:32:50,23.588,3.8349,-42.427,173.612,"1",2241350
"CP16918","RRGO","KK","M","66891_2","PTT",2022-10-28 22:57:00,2022-11-23 21:32:50,23.588,3.8349,-42.427,173.612,"1",2241350
"CP16918","RRGO","KK","M","66891_2","PTT",2022-10-28 22:57:00,2022-11-23 21:32:50,-35.662,NA,-42.427,173.612,"1",2241350
"CP16134","RBOG","KK","F","234658","PTT",2022-10-27 17:30:00,2022-11-23 21:33:06,-35.662,NA,-42.422,173.698,"A",2347386
"CP16918","RRGO","KK","M","66891_2","PTT",2022-10-28 22:57:00,2022-11-24 06:46:15,-35.662,NA,-42.338,173.74,"B",2274555
"CP16918","RRGO","KK","M","66891_2","PTT",2022-10-28 22:57:00,2022-11-24 06:58:46,-35.662,NA,-42.421,173.661,"0",2275306
"CP16918","RRGO","KK","M","66891_2","PTT",2022-10-28 22:57:00,2022-11-24 07:16:31,-35.662,NA,-42.464,173.678,"B",2276371
"CP16918","RRGO","KK","M","66891_2","PTT",2022-10-28 22:57:00,2022-11-24 08:02:50,-35.662,NA,-42.409,173.666,"B",2279150
"CP16918","RRGO","KK","M","66891_2","PTT",2022-10-28 22:57:00,2022-11-24 08:55:51,36.386,4.0403,-42.426,173.713,"0",2282331
"CP16918","RRGO","KK","M","66891_2","PTT",2022-10-28 22:57:00,2022-11-24 08:55:51,41.126,4.0245,-42.426,173.713,"0",2282331
"CP16918","RRGO","KK","M","66891_2","PTT",2022-10-28 22:57:00,2022-11-24 08:55:51,-35.662,NA,-42.426,173.713,"0",2282331
"CP9068","RBRL","KK","F","66903","PTT",2021-10-03 19:06:00,2022-11-24 08:54:11,34.49,3.7085,-42.391,173.628,"0",35992091
"CP9068","RBRL","KK","F","66903","PTT",2021-10-03 19:06:00,2022-11-24 08:54:11,39.704,3.7085,-42.391,173.628,"0",35992091
"CP9068","RBRL","KK","F","66903","PTT",2021-10-03 19:06:00,2022-11-24 08:54:11,-35.662,NA,-42.391,173.628,"0",35992091
"CP9068","RBRL","KK","F","66903","PTT",2021-10-03 19:06:00,2022-11-24 08:54:11,41.6,3.7085,-42.391,173.628,"0",35992091
"CP16617","RBWO","KK","M","66967","PTT",2022-10-29 14:35:00,2022-11-24 08:54:30,-35.662,NA,-42.371,173.676,"0",2225970
"CP16616","RBWR","KK","M","66969","PTT",2022-10-28 18:07:00,2022-11-24 08:54:53,-35.662,NA,-42.413,173.597,"1",2299673
"CP16609","RBOY","KK","M","234750","PTT",2022-10-28 07:26:00,2022-11-24 06:46:41,38.282,3.7401,-42.413,173.659,"1",2330441
"CP16609","RBOY","KK","M","234750","PTT",2022-10-28 07:26:00,2022-11-24 06:46:41,-35.662,NA,-42.413,173.659,"1",2330441
"CP16609","RBOY","KK","M","234750","PTT",2022-10-28 07:26:00,2022-11-24 06:58:55,39.23,3.7322,-42.419,173.685,"1",2331175
"CP16609","RBOY","KK","M","234750","PTT",2022-10-28 07:26:00,2022-11-24 06:58:55,-35.662,NA,-42.419,173.685,"1",2331175
"CP16609","RBOY","KK","M","234750","PTT",2022-10-28 07:26:00,2022-11-24 07:14:09,-35.662,NA,-42.392,173.683,"0",2332089
"CP16609","RBOY","KK","M","234750","PTT",2022-10-28 07:26:00,2022-11-24 08:02:02,-35.662,NA,-42.417,173.686,"B",2334962
"CP16609","RBOY","KK","M","234750","PTT",2022-10-28 07:26:00,2022-11-24 08:54:12,45.392,3.7243,-42.417,173.633,"2",2338092
"CP16609","RBOY","KK","M","234750","PTT",2022-10-28 07:26:00,2022-11-24 08:54:12,-35.662,NA,-42.417,173.633,"2",2338092
"CP16918","RRGO","KK","M","66891_2","PTT",2022-10-28 22:57:00,2022-11-24 16:25:30,-35.662,NA,-42.416,173.675,"3",2309310
"CP16918","RRGO","KK","M","66891_2","PTT",2022-10-28 22:57:00,2022-11-24 16:25:30,24.536,3.9376,-42.416,173.675,"3",2309310
"CP16918","RRGO","KK","M","66891_2","PTT",2022-10-28 22:57:00,2022-11-24 17:13:05,19.322,3.906,-42.406,173.686,"B",2312165
"CP16918","RRGO","KK","M","66891_2","PTT",2022-10-28 22:57:00,2022-11-24 19:18:35,-35.662,NA,-42.398,173.667,"B",2319695
"CP16918","RRGO","KK","M","66891_2","PTT",2022-10-28 22:57:00,2022-11-24 19:18:35,21.218,3.8349,-42.398,173.667,"B",2319695
"CP16918","RRGO","KK","M","66891_2","PTT",2022-10-28 22:57:00,2022-11-25 06:15:10,26.432,3.7717,-42.439,173.65,"0",2359090
"CP16918","RRGO","KK","M","66891_2","PTT",2022-10-28 22:57:00,2022-11-25 06:15:10,24.536,3.7717,-42.439,173.65,"0",2359090
"CP16918","RRGO","KK","M","66891_2","PTT",2022-10-28 22:57:00,2022-11-25 06:15:10,-35.662,NA,-42.439,173.65,"0",2359090
"CP16918","RRGO","KK","M","66891_2","PTT",2022-10-28 22:57:00,2022-11-25 06:16:50,24.536,3.7717,-42.418,173.661,"1",2359190
"CP16918","RRGO","KK","M","66891_2","PTT",2022-10-28 22:57:00,2022-11-25 06:16:50,-35.662,NA,-42.418,173.661,"1",2359190
"CP16918","RRGO","KK","M","66891_2","PTT",2022-10-28 22:57:00,2022-11-25 06:46:44,27.38,3.748,-42.452,173.689,"0",2360984
"CP16918","RRGO","KK","M","66891_2","PTT",2022-10-28 22:57:00,2022-11-25 06:46:44,27.854,3.7559,-42.452,173.689,"0",2360984
"CP16918","RRGO","KK","M","66891_2","PTT",2022-10-28 22:57:00,2022-11-25 06:46:44,-35.662,NA,-42.452,173.689,"0",2360984
"CP16918","RRGO","KK","M","66891_2","PTT",2022-10-28 22:57:00,2022-11-25 06:46:44,23.114,3.8112,-42.452,173.689,"0",2360984
"CP16918","RRGO","KK","M","66891_2","PTT",2022-10-28 22:57:00,2022-11-25 06:53:15,26.432,3.0844,-42.452,173.689,"B",2361375
"CP16918","RRGO","KK","M","66891_2","PTT",2022-10-28 22:57:00,2022-11-25 08:25:44,-35.662,NA,-42.464,173.691,"B",2366924
"CP16918","RRGO","KK","M","66891_2","PTT",2022-10-28 22:57:00,2022-11-25 08:34:00,33.542,3.8823,-42.395,173.611,"0",2367420
"CP16918","RRGO","KK","M","66891_2","PTT",2022-10-28 22:57:00,2022-11-25 08:34:00,-35.662,NA,-42.395,173.611,"0",2367420
"CP9068","RBRL","KK","F","66903","PTT",2021-10-03 19:06:00,2022-11-25 06:15:43,25.958,3.7559,-42.38,173.616,"3",36068983
"CP9068","RBRL","KK","F","66903","PTT",2021-10-03 19:06:00,2022-11-25 06:15:43,-35.662,NA,-42.38,173.616,"3",36068983
"CP9068","RBRL","KK","F","66903","PTT",2021-10-03 19:06:00,2022-11-25 06:17:24,-35.662,NA,-42.248,173.697,"B",36069084
"CP9068","RBRL","KK","F","66903","PTT",2021-10-03 19:06:00,2022-11-25 06:46:10,33.542,3.7638,-42.389,173.666,"A",36070810
"CP9068","RBRL","KK","F","66903","PTT",2021-10-03 19:06:00,2022-11-25 06:46:10,-35.662,NA,-42.389,173.666,"A",36070810
"CP9068","RBRL","KK","F","66903","PTT",2021-10-03 19:06:00,2022-11-25 08:34:43,36.86,3.7085,-42.365,173.611,"1",36077323
"CP9068","RBRL","KK","F","66903","PTT",2021-10-03 19:06:00,2022-11-25 08:34:43,37.334,3.7006,-42.365,173.611,"1",36077323
"CP9068","RBRL","KK","F","66903","PTT",2021-10-03 19:06:00,2022-11-25 08:34:43,-35.662,NA,-42.365,173.611,"1",36077323
"CP16617","RBWO","KK","M","66967","PTT",2022-10-29 14:35:00,2022-11-25 08:34:55,45.866,3.7717,-42.374,173.574,"1",2311195
"CP16617","RBWO","KK","M","66967","PTT",2022-10-29 14:35:00,2022-11-25 08:34:55,-35.662,NA,-42.374,173.574,"1",2311195
"CP16617","RBWO","KK","M","66967","PTT",2022-10-29 14:35:00,2022-11-25 10:16:05,-35.662,NA,-42.397,173.693,"B",2317265
"CP16616","RBWR","KK","M","66969","PTT",2022-10-28 18:07:00,2022-11-08 18:05:17,34.016,3.7006,-42.427,173.684,"A",950297
"CP16616","RBWR","KK","M","66969","PTT",2022-10-28 18:07:00,2022-11-08 18:05:17,-35.662,NA,-42.427,173.684,"A",950297
"CP16616","RBWR","KK","M","66969","PTT",2022-10-28 18:07:00,2022-11-08 16:59:49,-35.662,NA,-42.416,173.683,"3",946369
"CP16616","RBWR","KK","M","66969","PTT",2022-10-28 18:07:00,2022-11-08 16:59:49,34.49,3.7322,-42.416,173.683,"3",946369
"CP16616","RBWR","KK","M","66969","PTT",2022-10-28 18:07:00,2022-11-08 16:26:31,-35.662,NA,-42.43,173.681,"2",944371
"CP16616","RBWR","KK","M","66969","PTT",2022-10-28 18:07:00,2022-11-08 16:26:31,38.282,3.748,-42.43,173.681,"2",944371
"CP9068","RBRL","KK","F","66903","PTT",2021-10-03 19:06:00,2022-11-08 16:25:25,-35.662,NA,-42.42,173.685,"2",34636765
"CP9068","RBRL","KK","F","66903","PTT",2021-10-03 19:06:00,2022-11-08 16:25:25,33.068,3.7085,-42.42,173.685,"2",34636765
"CP9068","RBRL","KK","F","66903","PTT",2021-10-03 19:06:00,2022-11-08 16:25:25,32.594,3.7085,-42.42,173.685,"2",34636765
"CP16134","RBOG","KK","F","234658","PTT",2022-10-27 17:30:00,2022-10-27 20:29:05,-35.662,NA,-42.419,173.698,"A",10745
"CP16134","RBOG","KK","F","234658","PTT",2022-10-27 17:30:00,2022-10-27 19:38:38,-35.662,NA,-42.42,173.707,"B",7718
"CP16134","RBOG","KK","F","234658","PTT",2022-10-27 17:30:00,2022-10-28 02:07:21,-35.662,NA,-42.408,173.712,"B",31041
"CP16134","RBOG","KK","F","234658","PTT",2022-10-27 17:30:00,2022-10-28 02:39:50,-35.662,NA,-42.395,173.708,"B",32990
"CP16609","RBOY","KK","M","234750","PTT",2022-10-28 07:26:00,2022-11-08 16:25:53,36.386,3.8112,-42.41,173.66,"2",982793
"CP16609","RBOY","KK","M","234750","PTT",2022-10-28 07:26:00,2022-11-08 16:25:53,-35.662,NA,-42.41,173.66,"2",982793
"CP16609","RBOY","KK","M","234750","PTT",2022-10-28 07:26:00,2022-11-08 16:58:43,-35.662,NA,-42.414,173.674,"2",984763
"CP16918","RRGO","KK","M","66891_2","PTT",2022-10-28 22:57:00,2022-11-08 20:50:41,-35.662,NA,-42.413,173.692,"B",942821
"CP16918","RRGO","KK","M","66891_2","PTT",2022-10-28 22:57:00,2022-11-08 21:43:32,23.114,3.7954,-42.41,173.686,"2",945992
"CP16918","RRGO","KK","M","66891_2","PTT",2022-10-28 22:57:00,2022-11-08 21:43:32,-35.662,NA,-42.41,173.686,"2",945992
"CP16918","RRGO","KK","M","66891_2","PTT",2022-10-28 22:57:00,2022-11-08 21:43:32,23.114,3.7954,-42.41,173.686,"2",945992
"CP16609","RBOY","KK","M","234750","PTT",2022-10-28 07:26:00,2022-11-08 20:48:39,32.12,3.7401,-42.415,173.669,"3",998559
"CP16609","RBOY","KK","M","234750","PTT",2022-10-28 07:26:00,2022-11-08 20:48:39,-35.662,NA,-42.415,173.669,"3",998559
"CP16609","RBOY","KK","M","234750","PTT",2022-10-28 07:26:00,2022-11-08 21:42:46,32.12,3.7243,-42.416,173.661,"3",1001806
"CP16609","RBOY","KK","M","234750","PTT",2022-10-28 07:26:00,2022-11-08 21:42:46,-35.662,NA,-42.416,173.661,"3",1001806
"CP16918","RRGO","KK","M","66891_2","PTT",2022-10-28 22:57:00,2022-11-09 06:03:32,24.536,3.7401,-42.423,173.68,"1",975992
"CP16918","RRGO","KK","M","66891_2","PTT",2022-10-28 22:57:00,2022-11-09 06:03:32,-35.662,NA,-42.423,173.68,"1",975992
"CP16918","RRGO","KK","M","66891_2","PTT",2022-10-28 22:57:00,2022-11-09 06:35:43,26.432,3.8112,-42.419,173.742,"1",977923
"CP16918","RRGO","KK","M","66891_2","PTT",2022-10-28 22:57:00,2022-11-09 06:35:43,25.484,3.8191,-42.419,173.742,"1",977923
"CP16918","RRGO","KK","M","66891_2","PTT",2022-10-28 22:57:00,2022-11-09 06:35:43,-35.662,NA,-42.419,173.742,"1",977923
"CP16918","RRGO","KK","M","66891_2","PTT",2022-10-28 22:57:00,2022-11-09 07:25:53,30.224,3.8665,-42.418,173.722,"0",980933
"CP16918","RRGO","KK","M","66891_2","PTT",2022-10-28 22:57:00,2022-11-09 07:25:53,-35.662,NA,-42.418,173.722,"0",980933
"CP16918","RRGO","KK","M","66891_2","PTT",2022-10-28 22:57:00,2022-11-09 08:12:54,-35.662,NA,-42.442,173.784,"B",983754
"CP16918","RRGO","KK","M","66891_2","PTT",2022-10-28 22:57:00,2022-11-09 09:05:05,34.016,3.9929,-42.409,173.712,"2",986885
"CP16918","RRGO","KK","M","66891_2","PTT",2022-10-28 22:57:00,2022-11-09 09:05:05,34.016,4.0008,-42.409,173.712,"2",986885
"CP16918","RRGO","KK","M","66891_2","PTT",2022-10-28 22:57:00,2022-11-09 09:05:05,-35.662,NA,-42.409,173.712,"2",986885
"CP16607","RROW","KK","M","66894","PTT",2022-10-27 12:20:00,2022-11-09 06:37:15,37.808,3.7401,-42.41,173.669,"2",1102635
"CP16607","RROW","KK","M","66894","PTT",2022-10-27 12:20:00,2022-11-09 06:37:15,-35.662,NA,-42.41,173.669,"2",1102635
"CP16607","RROW","KK","M","66894","PTT",2022-10-27 12:20:00,2022-11-09 07:25:13,40.178,3.7243,-42.414,173.667,"3",1105513
"CP16607","RROW","KK","M","66894","PTT",2022-10-27 12:20:00,2022-11-09 07:25:13,-35.662,NA,-42.414,173.667,"3",1105513
"CP16607","RROW","KK","M","66894","PTT",2022-10-27 12:20:00,2022-11-09 09:05:23,42.074,3.7006,-42.413,173.68,"3",1111523
"CP16918","RRGO","KK","M","66891_2","PTT",2022-10-28 22:57:00,2022-11-27 09:32:46,31.172,3.7559,-42.455,173.694,"B",2543746
"CP16918","RRGO","KK","M","66891_2","PTT",2022-10-28 22:57:00,2022-11-27 09:32:46,-35.662,NA,-42.455,173.694,"B",2543746
"CP16918","RRGO","KK","M","66891_2","PTT",2022-10-28 22:57:00,2022-11-27 08:40:28,-35.662,NA,-42.437,173.638,"B",2540608
"CP16111","RBGB","KK","F","234672","PTT",2022-10-26 18:35:00,2022-11-26 15:24:29,-35.662,NA,-42.504,173.66,"B",2666969
"CP16918","RRGO","KK","M","66891_2","PTT",2022-10-28 22:57:00,2022-11-26 17:02:40,-35.662,NA,-42.427,173.642,"1",2484340
"CP16918","RRGO","KK","M","66891_2","PTT",2022-10-28 22:57:00,2022-11-26 17:02:40,26.906,3.906,-42.427,173.642,"1",2484340
"CP16918","RRGO","KK","M","66891_2","PTT",2022-10-28 22:57:00,2022-11-26 16:40:03,-35.662,NA,-42.419,173.672,"1",2482983
"CP16918","RRGO","KK","M","66891_2","PTT",2022-10-28 22:57:00,2022-11-26 16:40:03,26.432,3.9218,-42.419,173.672,"1",2482983
"CP16918","RRGO","KK","M","66891_2","PTT",2022-10-28 22:57:00,2022-11-25 19:04:35,-35.662,NA,-42.408,173.68,"B",2405255
"CP16609","RBOY","KK","M","234750","PTT",2022-10-28 07:26:00,2022-11-25 17:34:38,-35.662,NA,-42.416,173.666,"3",2455718
"CP16609","RBOY","KK","M","234750","PTT",2022-10-28 07:26:00,2022-11-25 16:56:20,-35.662,NA,-42.414,173.67,"2",2453420
"CP16609","RBOY","KK","M","234750","PTT",2022-10-28 07:26:00,2022-11-25 15:54:42,-35.662,NA,-42.41,173.669,"3",2449722
"CP9099","RWLG","KK","F","234673","PTT",2022-10-26 17:55:00,2022-11-25 15:55:05,-35.662,NA,-42.409,173.677,"1",2584805
"CP9099","RWLG","KK","F","234673","PTT",2022-10-26 20:02:00,2022-11-25 15:55:05,-35.662,NA,-42.409,173.677,"1",2577185
"CP9099","RWLG","KK","F","234673","PTT",2022-10-26 17:55:00,2022-11-25 15:55:05,36.386,3.6848,-42.409,173.677,"1",2584805
"CP9099","RWLG","KK","F","234673","PTT",2022-10-26 20:02:00,2022-11-25 15:55:05,36.386,3.6848,-42.409,173.677,"1",2577185
"CP16111","RBGB","KK","F","234672","PTT",2022-10-26 18:35:00,2022-11-25 15:53:31,-35.662,NA,-42.441,173.716,"1",2582311
"CP9068","RBRL","KK","F","66903","PTT",2021-10-03 19:06:00,2022-11-25 17:34:37,-35.662,NA,-42.439,173.673,"B",36109717
"CP16918","RRGO","KK","M","66891_2","PTT",2022-10-28 22:57:00,2022-11-25 17:34:32,-35.662,NA,-42.391,173.665,"0",2399852
"CP16918","RRGO","KK","M","66891_2","PTT",2022-10-28 22:57:00,2022-11-25 17:34:32,25.958,3.985,-42.391,173.665,"0",2399852
"CP16918","RRGO","KK","M","66891_2","PTT",2022-10-28 22:57:00,2022-11-25 17:34:32,26.432,3.9771,-42.391,173.665,"0",2399852
"CP16918","RRGO","KK","M","66891_2","PTT",2022-10-28 22:57:00,2022-11-25 16:56:57,27.854,3.9929,-42.436,173.697,"0",2397597
"CP16918","RRGO","KK","M","66891_2","PTT",2022-10-28 22:57:00,2022-11-25 16:56:57,-35.662,NA,-42.436,173.697,"0",2397597
"CP16918","RRGO","KK","M","66891_2","PTT",2022-10-28 22:57:00,2022-11-25 16:56:57,28.802,4.0324,-42.436,173.697,"0",2397597
"CP16918","RRGO","KK","M","66891_2","PTT",2022-10-28 22:57:00,2022-11-25 15:53:48,-35.662,NA,-42.197,173.507,"A",2393808
"CP16918","RRGO","KK","M","66891_2","PTT",2022-10-28 22:57:00,2022-11-25 15:53:48,31.172,3.985,-42.197,173.507,"A",2393808
"CP16609","RBOY","KK","M","234750","PTT",2022-10-28 07:26:00,2022-11-25 08:34:49,-35.662,NA,-42.414,173.672,"3",2423329
"CP16609","RBOY","KK","M","234750","PTT",2022-10-28 07:26:00,2022-11-25 08:34:49,39.23,3.7322,-42.414,173.672,"3",2423329
"CP16918","RRGO","KK","M","66891_2","PTT",2022-10-28 22:57:00,2022-11-28 06:12:10,-35.662,NA,-42.503,173.696,"B",2618110
"CP16918","RRGO","KK","M","66891_2","PTT",2022-10-28 22:57:00,2022-11-28 07:34:01,-35.662,NA,-42.344,173.534,"A",2623021
"CP16918","RRGO","KK","M","66891_2","PTT",2022-10-28 22:57:00,2022-11-28 07:53:10,-35.662,NA,-42.469,173.646,"B",2624170
"CP16616","RBWR","KK","M","66969","PTT",2022-10-28 18:07:00,2022-12-10 16:26:02,-35.662,NA,-42.418,173.678,"2",3709142
"CP16616","RBWR","KK","M","66969","PTT",2022-10-28 18:07:00,2022-12-10 17:26:01,-35.662,NA,-42.413,173.672,"B",3712741
"CP16111","RBGB","KK","F","234672","PTT",2022-10-26 18:35:00,2022-12-10 16:25:24,37.808,3.9139,-42.42,173.672,"3",3880224
"CP16111","RBGB","KK","F","234672","PTT",2022-10-26 18:35:00,2022-12-10 16:25:24,-35.662,NA,-42.42,173.672,"3",3880224
"CP16111","RBGB","KK","F","234672","PTT",2022-10-26 18:35:00,2022-12-10 17:24:49,42.548,3.8665,-42.419,173.67,"B",3883789
"CP16111","RBGB","KK","F","234672","PTT",2022-10-26 18:35:00,2022-12-10 17:24:49,-35.662,NA,-42.419,173.67,"B",3883789
"CP16609","RBOY","KK","M","234750","PTT",2022-10-28 07:26:00,2022-12-10 16:25:51,37.334,3.7006,-42.412,173.659,"3",3747591
"CP16609","RBOY","KK","M","234750","PTT",2022-10-28 07:26:00,2022-12-10 16:25:51,-35.662,NA,-42.412,173.659,"3",3747591
"CP16609","RBOY","KK","M","234750","PTT",2022-10-28 07:26:00,2022-12-10 17:25:02,-35.662,NA,-42.409,173.673,"2",3751142
"CP16918","RRGO","KK","M","66891_2","PTT",2022-10-28 22:57:00,2022-12-10 20:38:52,-35.662,NA,-42.436,173.69,"B",3706912
"CP16918","RRGO","KK","M","66891_2","PTT",2022-10-28 22:57:00,2022-12-10 21:11:03,23.114,3.8349,-42.418,173.675,"2",3708843
"CP16918","RRGO","KK","M","66891_2","PTT",2022-10-28 22:57:00,2022-12-10 21:11:03,-35.662,NA,-42.418,173.675,"2",3708843
"CP16918","RRGO","KK","M","66891_2","PTT",2022-10-28 22:57:00,2022-12-10 21:27:58,-35.662,NA,-42.423,173.678,"B",3709858
"CP16918","RRGO","KK","M","66891_2","PTT",2022-10-28 22:57:00,2022-12-10 22:22:14,-35.662,NA,-42.413,173.678,"B",3713114
"CP16111","RBGB","KK","F","234672","PTT",2022-10-26 18:35:00,2022-12-10 19:28:44,-35.662,NA,-42.413,173.671,"3",3891224
"CP16111","RBGB","KK","F","234672","PTT",2022-10-26 18:35:00,2022-12-10 20:39:51,-35.662,NA,-42.424,173.671,"3",3895491
"CP16111","RBGB","KK","F","234672","PTT",2022-10-26 18:35:00,2022-12-10 21:10:08,32.594,3.7717,-42.419,173.685,"2",3897308
"CP16111","RBGB","KK","F","234672","PTT",2022-10-26 18:35:00,2022-12-10 21:10:08,-35.662,NA,-42.419,173.685,"2",3897308
"CP16111","RBGB","KK","F","234672","PTT",2022-10-26 18:35:00,2022-12-10 22:20:25,-35.662,NA,-42.418,173.692,"3",3901525
"CP16918","RRGO","KK","M","66891_2","PTT",2022-10-28 22:57:00,2022-12-11 06:16:16,33.542,3.7796,-42.416,173.673,"1",3741556
"CP16918","RRGO","KK","M","66891_2","PTT",2022-10-28 22:57:00,2022-12-11 06:16:16,-35.662,NA,-42.416,173.673,"1",3741556
"CP16918","RRGO","KK","M","66891_2","PTT",2022-10-28 22:57:00,2022-12-11 06:29:38,31.646,3.827,-42.42,173.674,"B",3742358
"CP16918","RRGO","KK","M","66891_2","PTT",2022-10-28 22:57:00,2022-12-11 06:57:08,33.068,3.8191,-42.441,173.766,"0",3744008
"CP16918","RRGO","KK","M","66891_2","PTT",2022-10-28 22:57:00,2022-12-11 06:57:08,-35.662,NA,-42.441,173.766,"0",3744008
"CP16918","RRGO","KK","M","66891_2","PTT",2022-10-28 22:57:00,2022-12-11 08:03:34,31.646,3.906,-42.401,173.648,"1",3747994
"CP16918","RRGO","KK","M","66891_2","PTT",2022-10-28 22:57:00,2022-12-11 08:03:34,35.438,3.906,-42.401,173.648,"1",3747994
"CP16918","RRGO","KK","M","66891_2","PTT",2022-10-28 22:57:00,2022-12-11 08:03:34,-35.662,NA,-42.401,173.648,"1",3747994
"CP16918","RRGO","KK","M","66891_2","PTT",2022-10-28 22:57:00,2022-12-11 09:42:44,39.704,4.0324,-42.41,173.665,"B",3753944
"CP16918","RRGO","KK","M","66891_2","PTT",2022-10-28 22:57:00,2022-12-11 09:42:44,-35.662,NA,-42.41,173.665,"B",3753944
"CP16617","RBWO","KK","M","66967","PTT",2022-10-29 14:35:00,2022-12-11 06:16:26,41.6,3.7243,-42.372,173.641,"2",3685286
"CP16617","RBWO","KK","M","66967","PTT",2022-10-29 14:35:00,2022-12-11 06:16:26,-35.662,NA,-42.372,173.641,"2",3685286
"CP16617","RBWO","KK","M","66967","PTT",2022-10-29 14:35:00,2022-12-11 06:56:51,41.6,3.7243,-42.379,173.687,"0",3687711
"CP16617","RBWO","KK","M","66967","PTT",2022-10-29 14:35:00,2022-12-11 06:56:51,-35.662,NA,-42.379,173.687,"0",3687711
"CP16617","RBWO","KK","M","66967","PTT",2022-10-29 14:35:00,2022-12-11 07:58:33,43.022,3.7243,-42.368,173.641,"2",3691413
"CP16617","RBWO","KK","M","66967","PTT",2022-10-29 14:35:00,2022-12-11 07:58:33,-35.662,NA,-42.368,173.641,"2",3691413
"CP16616","RBWR","KK","M","66969","PTT",2022-10-28 18:07:00,2022-12-11 09:44:29,42.548,3.7006,-42.403,173.702,"A",3771449
"CP16616","RBWR","KK","M","66969","PTT",2022-10-28 18:07:00,2022-12-11 09:44:29,-35.662,NA,-42.403,173.702,"A",3771449
"CP16111","RBGB","KK","F","234672","PTT",2022-10-26 18:35:00,2022-12-11 09:43:37,-35.662,NA,-42.345,173.786,"B",3942517
"CP16918","RRGO","KK","M","66891_2","PTT",2022-10-28 22:57:00,2022-12-11 15:54:21,-35.662,NA,-42.41,173.661,"1",3776241
"CP16918","RRGO","KK","M","66891_2","PTT",2022-10-28 22:57:00,2022-12-11 17:10:03,27.38,3.9771,-42.416,173.674,"1",3780783
"CP16918","RRGO","KK","M","66891_2","PTT",2022-10-28 22:57:00,2022-12-11 17:10:03,26.906,3.9771,-42.416,173.674,"1",3780783
"CP16918","RRGO","KK","M","66891_2","PTT",2022-10-28 22:57:00,2022-12-11 17:10:03,-35.662,NA,-42.416,173.674,"1",3780783
"CP16918","RRGO","KK","M","66891_2","PTT",2022-10-28 22:57:00,2022-12-11 17:34:42,24.536,3.9534,-42.402,173.71,"A",3782262
"CP16918","RRGO","KK","M","66891_2","PTT",2022-10-28 22:57:00,2022-12-11 17:34:42,-35.662,NA,-42.402,173.71,"A",3782262
"CP16617","RBWO","KK","M","66967","PTT",2022-10-29 14:35:00,2022-12-11 15:55:15,39.704,3.7243,-42.461,173.699,"0",3720015
"CP16617","RBWO","KK","M","66967","PTT",2022-10-29 14:35:00,2022-12-11 15:55:15,-35.662,NA,-42.461,173.699,"0",3720015
"CP16616","RBWR","KK","M","66969","PTT",2022-10-28 18:07:00,2022-12-11 15:56:55,-35.662,NA,-42.419,173.679,"2",3793795
"CP16111","RBGB","KK","F","234672","PTT",2022-10-26 18:35:00,2022-12-11 15:55:43,36.86,4.0561,-42.411,173.664,"2",3964843
"CP16111","RBGB","KK","F","234672","PTT",2022-10-26 18:35:00,2022-12-11 15:55:43,37.334,4.0561,-42.411,173.664,"2",3964843
"CP16111","RBGB","KK","F","234672","PTT",2022-10-26 18:35:00,2022-12-11 15:55:43,37.334,4.0561,-42.411,173.664,"2",3964843
"CP16918","RRGO","KK","M","66891_2","PTT",2022-10-28 22:57:00,2022-11-09 17:34:04,-35.662,NA,-42.417,173.687,"1",1017424
"CP16918","RRGO","KK","M","66891_2","PTT",2022-10-28 22:57:00,2022-11-09 17:34:04,23.588,3.9771,-42.417,173.687,"1",1017424
"CP16918","RRGO","KK","M","66891_2","PTT",2022-10-28 22:57:00,2022-11-09 16:43:05,-35.662,NA,-42.396,173.578,"0",1014365
"CP16918","RRGO","KK","M","66891_2","PTT",2022-10-28 22:57:00,2022-11-09 16:43:05,26.906,3.9771,-42.396,173.578,"0",1014365
"CP16918","RRGO","KK","M","66891_2","PTT",2022-10-28 22:57:00,2022-11-09 15:54:37,-35.662,NA,-42.422,173.692,"A",1011457
"CP16918","RRGO","KK","M","66891_2","PTT",2022-10-28 22:57:00,2022-11-09 15:54:37,31.646,4.0008,-42.422,173.692,"A",1011457
"CP16616","RBWR","KK","M","66969","PTT",2022-10-28 18:07:00,2022-11-09 09:07:55,-35.662,NA,-42.432,173.438,"B",1004455
"CP16617","RBWO","KK","M","66967","PTT",2022-10-29 14:35:00,2022-11-09 09:06:31,-35.662,NA,-42.396,173.582,"0",930691
"CP16617","RBWO","KK","M","66967","PTT",2022-10-29 14:35:00,2022-11-09 08:15:27,-35.662,NA,-42.373,173.009,"B",927627
"CP16617","RBWO","KK","M","66967","PTT",2022-10-29 14:35:00,2022-11-09 08:12:56,39.704,3.7164,-42.198,172.597,"B",927476
"CP16617","RBWO","KK","M","66967","PTT",2022-10-29 14:35:00,2022-11-09 07:25:59,-35.662,NA,-42.387,173.436,"A",924659
"CP16607","RROW","KK","M","66894","PTT",2022-10-27 12:20:00,2022-11-09 09:05:23,-35.662,NA,-42.413,173.68,"3",1111523
"CP16918","RRGO","KK","M","66891_2","PTT",2022-10-28 22:57:00,2022-11-09 17:34:04,23.114,3.9692,-42.417,173.687,"1",1017424
"CP9068","RBRL","KK","F","66903","PTT",2021-10-03 19:06:00,2022-11-09 16:44:21,31.172,3.7559,-42.417,173.689,"B",34724301
"CP9068","RBRL","KK","F","66903","PTT",2021-10-03 19:06:00,2022-11-09 16:44:21,-35.662,NA,-42.417,173.689,"B",34724301
"CP9068","RBRL","KK","F","66903","PTT",2021-10-03 19:06:00,2022-11-09 17:33:11,-35.662,NA,-42.605,174.589,"B",34727231
"CP16918","RRGO","KK","M","66891_2","PTT",2022-10-28 22:57:00,2022-11-28 09:12:35,35.912,3.8981,-42.416,173.689,"0",2628935
"CP16918","RRGO","KK","M","66891_2","PTT",2022-10-28 22:57:00,2022-11-28 09:12:35,-35.662,NA,-42.416,173.689,"0",2628935
"CP9068","RBRL","KK","F","66903","PTT",2021-10-03 19:06:00,2022-11-28 07:50:04,-35.662,NA,-42.394,173.681,"A",36333844
"CP9068","RBRL","KK","F","66903","PTT",2021-10-03 19:06:00,2022-11-28 09:11:47,-35.662,NA,-42.312,173.592,"B",36338747
"CP16616","RBWR","KK","M","66969","PTT",2022-10-28 18:07:00,2022-11-28 09:12:45,41.6,3.7322,-42.419,173.687,"2",2646345
"CP16616","RBWR","KK","M","66969","PTT",2022-10-28 18:07:00,2022-11-28 09:12:45,-35.662,NA,-42.419,173.687,"2",2646345
"CP16609","RBOY","KK","M","234750","PTT",2022-10-28 07:26:00,2022-11-28 07:50:59,36.386,3.7322,-42.429,173.663,"A",2679899
"CP16609","RBOY","KK","M","234750","PTT",2022-10-28 07:26:00,2022-11-28 07:50:59,-35.662,NA,-42.429,173.663,"A",2679899
"CP16609","RBOY","KK","M","234750","PTT",2022-10-28 07:26:00,2022-11-28 08:19:59,-35.662,NA,-42.406,173.645,"A",2681639
"CP16609","RBOY","KK","M","234750","PTT",2022-10-28 07:26:00,2022-11-28 09:13:59,-35.662,NA,-42.434,173.615,"A",2684879
"CP16918","RRGO","KK","M","66891_2","PTT",2022-10-28 22:57:00,2022-11-28 16:00:52,29.276,4.0087,-42.427,173.619,"0",2653432
"CP16918","RRGO","KK","M","66891_2","PTT",2022-10-28 22:57:00,2022-11-28 16:00:52,-35.662,NA,-42.427,173.619,"0",2653432
"CP16918","RRGO","KK","M","66891_2","PTT",2022-10-28 22:57:00,2022-11-28 16:00:52,30.698,4.0087,-42.427,173.619,"0",2653432
"CP16918","RRGO","KK","M","66891_2","PTT",2022-10-28 22:57:00,2022-11-28 16:06:14,27.38,3.9929,-42.399,173.675,"A",2653754
"CP16918","RRGO","KK","M","66891_2","PTT",2022-10-28 22:57:00,2022-11-28 16:06:14,-35.662,NA,-42.399,173.675,"A",2653754
"CP16918","RRGO","KK","M","66891_2","PTT",2022-10-28 22:57:00,2022-11-28 17:40:16,-35.662,NA,-42.408,173.688,"B",2659396
"CP16918","RRGO","KK","M","66891_2","PTT",2022-10-28 22:57:00,2022-11-28 17:40:16,-35.662,NA,-42.423,173.593,"0",2659396
"CP16918","RRGO","KK","M","66891_2","PTT",2022-10-28 22:57:00,2022-11-28 17:40:16,24.062,3.9771,-42.423,173.593,"0",2659396
"CP9068","RBRL","KK","F","66903","PTT",2021-10-03 19:06:00,2022-11-28 16:00:05,-35.662,NA,-42.372,173.634,"A",36363245
"CP9068","RBRL","KK","F","66903","PTT",2021-10-03 19:06:00,2022-11-28 16:06:47,-35.662,NA,-42.37,173.632,"B",36363647
"CP16617","RBWO","KK","M","66967","PTT",2022-10-29 14:35:00,2022-11-28 16:00:49,-35.662,NA,-42.383,173.729,"B",2597149
"CP16617","RBWO","KK","M","66967","PTT",2022-10-29 14:35:00,2022-11-28 16:00:49,38.756,3.748,-42.383,173.729,"B",2597149
"CP16617","RBWO","KK","M","66967","PTT",2022-10-29 14:35:00,2022-11-28 16:06:12,-35.662,NA,-42.378,173.735,"B",2597472
"CP16617","RBWO","KK","M","66967","PTT",2022-10-29 14:35:00,2022-11-28 17:40:26,-35.662,NA,-42.383,173.815,"B",2603126
"CP16617","RBWO","KK","M","66967","PTT",2022-10-29 14:35:00,2022-11-28 17:40:26,36.386,3.7164,-42.374,173.658,"1",2603126
"CP16617","RBWO","KK","M","66967","PTT",2022-10-29 14:35:00,2022-11-28 17:40:26,-35.662,NA,-42.374,173.658,"1",2603126
"CP16616","RBWR","KK","M","66969","PTT",2022-10-28 18:07:00,2022-11-28 16:01:27,-35.662,NA,-42.405,173.669,"1",2670867
"CP16616","RBWR","KK","M","66969","PTT",2022-10-28 18:07:00,2022-11-28 16:06:01,-35.662,NA,-42.411,173.679,"2",2671141
"CP16616","RBWR","KK","M","66969","PTT",2022-10-28 18:07:00,2022-11-28 17:40:05,36.386,3.7006,-42.417,173.687,"2",2676785
"CP16616","RBWR","KK","M","66969","PTT",2022-10-28 18:07:00,2022-11-28 17:40:05,-35.662,NA,-42.417,173.687,"2",2676785
"CP16616","RBWR","KK","M","66969","PTT",2022-10-28 18:07:00,2022-11-28 17:40:37,-35.662,NA,-42.417,173.687,"B",2676817
"CP16609","RBOY","KK","M","234750","PTT",2022-10-28 07:26:00,2022-11-28 16:06:48,34.964,3.6927,-42.413,173.66,"1",2709648
"CP16609","RBOY","KK","M","234750","PTT",2022-10-28 07:26:00,2022-11-28 16:06:48,-35.662,NA,-42.413,173.66,"1",2709648
"CP16609","RBOY","KK","M","234750","PTT",2022-10-28 07:26:00,2022-11-28 16:02:00,-35.662,NA,-42.395,173.647,"0",2709360
"CP16609","RBOY","KK","M","234750","PTT",2022-10-28 07:26:00,2022-11-28 17:39:56,35.912,3.6769,-42.416,173.66,"3",2715236
"CP16609","RBOY","KK","M","234750","PTT",2022-10-28 07:26:00,2022-11-28 17:39:56,-35.662,NA,-42.416,173.66,"3",2715236
"CP16609","RBOY","KK","M","234750","PTT",2022-10-28 07:26:00,2022-11-28 17:39:56,-35.662,NA,-42.419,173.659,"B",2715236
"CP16918","RRGO","KK","M","66891_2","PTT",2022-10-28 22:57:00,2022-11-28 17:40:16,-35.662,NA,-42.423,173.593,"0",2659396
"CP16918","RRGO","KK","M","66891_2","PTT",2022-10-28 22:57:00,2022-11-28 17:40:16,24.062,3.9771,-42.423,173.593,"0",2659396
"CP16918","RRGO","KK","M","66891_2","PTT",2022-10-28 22:57:00,2022-11-28 21:29:25,24.062,3.8428,-42.435,173.56,"0",2673145
"CP16918","RRGO","KK","M","66891_2","PTT",2022-10-28 22:57:00,2022-11-28 21:29:25,23.588,3.8428,-42.435,173.56,"0",2673145
"CP16918","RRGO","KK","M","66891_2","PTT",2022-10-28 22:57:00,2022-11-28 21:29:25,-35.662,NA,-42.435,173.56,"0",2673145
"CP16617","RBWO","KK","M","66967","PTT",2022-10-29 14:35:00,2022-11-28 17:40:26,36.386,3.7164,-42.373,173.66,"2",2603126
"CP16617","RBWO","KK","M","66967","PTT",2022-10-29 14:35:00,2022-11-28 17:40:26,-35.662,NA,-42.373,173.66,"2",2603126
"CP16609","RBOY","KK","M","234750","PTT",2022-10-28 07:26:00,2022-11-28 17:39:56,35.912,3.6769,-42.416,173.66,"3",2715236
"CP16609","RBOY","KK","M","234750","PTT",2022-10-28 07:26:00,2022-11-28 17:39:56,-35.662,NA,-42.416,173.66,"3",2715236
"CP16918","RRGO","KK","M","66891_2","PTT",2022-10-28 22:57:00,2022-11-29 07:37:25,-35.662,NA,-42.457,173.81,"0",2709625
"CP16918","RRGO","KK","M","66891_2","PTT",2022-10-28 22:57:00,2022-11-29 07:37:25,23.114,3.8112,-42.457,173.81,"0",2709625
"CP16918","RRGO","KK","M","66891_2","PTT",2022-10-28 22:57:00,2022-11-29 08:51:49,36.86,3.906,-42.422,173.656,"1",2714089
"CP16918","RRGO","KK","M","66891_2","PTT",2022-10-28 22:57:00,2022-11-29 08:51:49,-35.662,NA,-42.422,173.656,"1",2714089
"CP9068","RBRL","KK","F","66903","PTT",2021-10-03 19:06:00,2022-11-29 08:52:27,-35.662,NA,-42.373,173.671,"A",36423987
"CP9068","RBRL","KK","F","66903","PTT",2021-10-03 19:06:00,2022-11-29 08:52:27,34.49,3.7243,-42.373,173.671,"A",36423987
"CP16918","RRGO","KK","M","66891_2","PTT",2022-10-28 22:57:00,2022-11-29 17:08:54,27.38,3.9613,-42.415,173.627,"0",2743914
"CP16918","RRGO","KK","M","66891_2","PTT",2022-10-28 22:57:00,2022-11-29 17:08:54,24.536,3.9613,-42.415,173.627,"0",2743914
"CP16918","RRGO","KK","M","66891_2","PTT",2022-10-28 22:57:00,2022-11-29 17:08:54,-35.662,NA,-42.415,173.627,"0",2743914
"CP16918","RRGO","KK","M","66891_2","PTT",2022-10-28 22:57:00,2022-11-29 17:23:53,25.958,3.9534,-42.396,173.681,"A",2744813
"CP16918","RRGO","KK","M","66891_2","PTT",2022-10-28 22:57:00,2022-11-29 17:23:53,-35.662,NA,-42.396,173.681,"A",2744813
"CP16616","RBWR","KK","M","66969","PTT",2022-10-28 18:07:00,2022-11-29 15:29:02,39.23,3.7006,-42.391,173.732,"B",2755322
"CP16616","RBWR","KK","M","66969","PTT",2022-10-28 18:07:00,2022-11-29 15:50:42,-35.662,NA,-42.373,173.614,"B",2756622
"CP16111","RBGB","KK","F","234672","PTT",2022-10-26 18:35:00,2022-11-29 17:08:48,34.964,3.8112,-42.421,173.679,"3",2932428
"CP16111","RBGB","KK","F","234672","PTT",2022-10-26 18:35:00,2022-11-29 17:08:48,-35.662,NA,-42.421,173.679,"3",2932428
"CP16111","RBGB","KK","F","234672","PTT",2022-10-26 18:35:00,2022-11-29 17:22:32,35.438,3.8033,-42.421,173.674,"A",2933252
"CP16918","RRGO","KK","M","66891_2","PTT",2022-10-28 22:57:00,2022-11-11 08:24:03,26.432,3.8191,-42.407,173.588,"0",1157223
"CP16918","RRGO","KK","M","66891_2","PTT",2022-10-28 22:57:00,2022-11-11 06:54:25,-35.662,NA,-42.381,173.843,"B",1151845
"CP16918","RRGO","KK","M","66891_2","PTT",2022-10-28 22:57:00,2022-11-10 22:38:51,-35.662,NA,-42.414,173.674,"B",1122111
"CP16918","RRGO","KK","M","66891_2","PTT",2022-10-28 22:57:00,2022-11-10 22:05:24,-35.662,NA,-42.424,173.683,"B",1120104
"CP16918","RRGO","KK","M","66891_2","PTT",2022-10-28 22:57:00,2022-11-10 21:01:40,21.218,3.8349,-42.411,173.671,"2",1116280
"CP16918","RRGO","KK","M","66891_2","PTT",2022-10-28 22:57:00,2022-11-10 21:01:40,-35.662,NA,-42.411,173.671,"2",1116280
"CP16918","RRGO","KK","M","66891_2","PTT",2022-10-28 22:57:00,2022-11-10 21:01:40,21.218,3.8349,-42.411,173.671,"2",1116280
"CP16609","RBOY","KK","M","234750","PTT",2022-10-28 07:26:00,2022-11-10 17:02:01,-35.662,NA,-42.383,173.589,"0",1157761
"CP16609","RBOY","KK","M","234750","PTT",2022-10-28 07:26:00,2022-11-10 17:02:01,35.438,3.6927,-42.383,173.589,"0",1157761
"CP16609","RBOY","KK","M","234750","PTT",2022-10-28 07:26:00,2022-11-10 16:26:50,-35.662,NA,-42.419,173.63,"3",1155650
"CP9099","RWLG","KK","F","234673","PTT",2022-10-26 17:55:00,2022-11-10 17:01:16,-35.662,NA,-42.416,173.676,"3",1292776
"CP9099","RWLG","KK","F","234673","PTT",2022-10-26 20:02:00,2022-11-10 17:01:16,-35.662,NA,-42.416,173.676,"3",1285156
"CP9099","RWLG","KK","F","234673","PTT",2022-10-26 17:55:00,2022-11-10 17:01:16,36.86,3.7322,-42.416,173.676,"3",1292776
"CP9099","RWLG","KK","F","234673","PTT",2022-10-26 20:02:00,2022-11-10 17:01:16,36.86,3.7322,-42.416,173.676,"3",1285156
"CP16617","RBWO","KK","M","66967","PTT",2022-10-29 14:35:00,2022-11-10 17:02:37,-35.662,NA,-42.403,173.691,"2",1045657
"CP16617","RBWO","KK","M","66967","PTT",2022-10-29 14:35:00,2022-11-10 17:02:37,36.386,3.6927,-42.403,173.691,"2",1045657
"CP16617","RBWO","KK","M","66967","PTT",2022-10-29 14:35:00,2022-11-10 16:26:19,-35.662,NA,-42.417,174.101,"Z",1043479
"CP16617","RBWO","KK","M","66967","PTT",2022-10-29 14:35:00,2022-11-10 15:22:56,40.178,3.7243,-43.211,176.976,"B",1039676
"CP9068","RBRL","KK","F","66903","PTT",2021-10-03 19:06:00,2022-11-10 17:02:55,-35.662,NA,-40.994,166.272,"A",34811815
"CP9068","RBRL","KK","F","66903","PTT",2021-10-03 19:06:00,2022-11-10 17:02:55,33.068,3.7164,-40.994,166.272,"A",34811815
"CP9068","RBRL","KK","F","66903","PTT",2021-10-03 19:06:00,2022-11-10 16:26:42,-35.662,NA,-43.921,-177.744,"A",34809642
"CP16918","RRGO","KK","M","66891_2","PTT",2022-10-28 22:57:00,2022-11-10 17:02:52,-35.662,NA,-42.431,173.698,"1",1101952
"CP16918","RRGO","KK","M","66891_2","PTT",2022-10-28 22:57:00,2022-11-10 17:02:52,27.854,4.0087,-42.431,173.698,"1",1101952
"CP16918","RRGO","KK","M","66891_2","PTT",2022-10-28 22:57:00,2022-11-10 16:26:15,-35.662,NA,-42.449,173.724,"B",1099755
"CP16918","RRGO","KK","M","66891_2","PTT",2022-10-28 22:57:00,2022-11-10 15:22:42,-35.662,NA,-42.47,173.701,"B",1095942
"CP16918","RRGO","KK","M","66891_2","PTT",2022-10-28 22:57:00,2022-11-09 21:23:07,-35.662,NA,-42.41,173.678,"1",1031167
"CP16918","RRGO","KK","M","66891_2","PTT",2022-10-28 22:57:00,2022-11-09 21:23:07,19.796,3.827,-42.41,173.678,"1",1031167
"CP16918","RRGO","KK","M","66891_2","PTT",2022-10-28 22:57:00,2022-11-09 21:23:07,20.27,3.8349,-42.41,173.678,"1",1031167
"CP16918","RRGO","KK","M","66891_2","PTT",2022-10-28 22:57:00,2022-11-09 18:54:31,-35.662,NA,-42.415,173.697,"B",1022251
"CP16609","RBOY","KK","M","234750","PTT",2022-10-28 07:26:00,2022-11-09 15:53:01,39.23,3.6848,-42.408,173.665,"1",1067221
"CP16609","RBOY","KK","M","234750","PTT",2022-10-28 07:26:00,2022-11-09 15:53:01,-35.662,NA,-42.408,173.665,"1",1067221
"CP16111","RBGB","KK","F","234672","PTT",2022-10-26 18:35:00,2022-11-09 15:53:31,-35.662,NA,-42.421,173.684,"3",1199911
"CP16111","RBGB","KK","F","234672","PTT",2022-10-26 18:35:00,2022-11-09 15:53:31,42.074,3.6848,-42.421,173.684,"3",1199911
"CP16617","RBWO","KK","M","66967","PTT",2022-10-29 14:35:00,2022-11-09 16:43:01,-35.662,NA,-42.43,173.96,"0",958081
"CP16617","RBWO","KK","M","66967","PTT",2022-10-29 14:35:00,2022-11-09 16:43:01,31.646,3.6927,-42.43,173.96,"0",958081
"CP16617","RBWO","KK","M","66967","PTT",2022-10-29 14:35:00,2022-11-09 15:53:40,-35.662,NA,-42.355,173.588,"B",955120
"CP16918","RRGO","KK","M","66891_2","PTT",2022-10-28 22:57:00,2022-11-11 08:24:03,-35.662,NA,-42.407,173.588,"0",1157223
"CP16111","RBGB","KK","F","234672","PTT",2022-10-26 18:35:00,2022-11-29 20:01:32,-35.662,NA,-42.422,173.621,"3",2942792
"CP16111","RBGB","KK","F","234672","PTT",2022-10-26 18:35:00,2022-11-29 20:01:32,33.068,3.7401,-42.422,173.621,"3",2942792
"CP16918","RRGO","KK","M","66891_2","PTT",2022-10-28 22:57:00,2022-11-29 21:55:54,-35.662,NA,-42.415,173.69,"B",2761134
"CP16918","RRGO","KK","M","66891_2","PTT",2022-10-28 22:57:00,2022-11-29 21:07:55,-35.662,NA,-42.418,173.668,"2",2758255
"CP16918","RRGO","KK","M","66891_2","PTT",2022-10-28 22:57:00,2022-11-29 21:07:55,23.588,3.8112,-42.418,173.668,"2",2758255
"CP16918","RRGO","KK","M","66891_2","PTT",2022-10-28 22:57:00,2022-11-29 21:07:55,23.588,3.8112,-42.418,173.668,"2",2758255
"CP16609","RBOY","KK","M","234750","PTT",2022-10-28 07:26:00,2022-11-29 17:22:35,-35.662,NA,-42.416,173.666,"B",2800595
"CP16609","RBOY","KK","M","234750","PTT",2022-10-28 07:26:00,2022-11-29 17:08:55,-35.662,NA,-42.416,173.665,"3",2799775
"CP16609","RBOY","KK","M","234750","PTT",2022-10-28 07:26:00,2022-11-29 17:08:55,35.912,3.6848,-42.416,173.665,"3",2799775
"CP9099","RWLG","KK","F","234673","PTT",2022-10-26 17:55:00,2022-11-29 17:24:17,34.964,3.6848,-42.41,173.672,"B",2935757
"CP9099","RWLG","KK","F","234673","PTT",2022-10-26 20:02:00,2022-11-29 17:24:17,34.964,3.6848,-42.41,173.672,"B",2928137
"CP9099","RWLG","KK","F","234673","PTT",2022-10-26 17:55:00,2022-11-29 17:24:17,-35.662,NA,-42.41,173.672,"B",2935757
"CP9099","RWLG","KK","F","234673","PTT",2022-10-26 20:02:00,2022-11-29 17:24:17,-35.662,NA,-42.41,173.672,"B",2928137
"CP9099","RWLG","KK","F","234673","PTT",2022-10-26 17:55:00,2022-11-29 17:09:40,-35.662,NA,-42.415,173.664,"1",2934880
"CP9099","RWLG","KK","F","234673","PTT",2022-10-26 20:02:00,2022-11-29 17:09:40,-35.662,NA,-42.415,173.664,"1",2927260
"CP9099","RWLG","KK","F","234673","PTT",2022-10-26 17:55:00,2022-11-29 17:09:40,33.068,3.6848,-42.415,173.664,"1",2934880
"CP9099","RWLG","KK","F","234673","PTT",2022-10-26 20:02:00,2022-11-29 17:09:40,33.068,3.6848,-42.415,173.664,"1",2927260
"CP16111","RBGB","KK","F","234672","PTT",2022-10-26 18:35:00,2022-11-29 17:22:32,-35.662,NA,-42.421,173.674,"A",2933252
"CP16111","RBGB","KK","F","234672","PTT",2022-10-26 18:35:00,2022-11-29 21:08:13,32.12,3.7164,-42.418,173.687,"3",2946793
"CP16111","RBGB","KK","F","234672","PTT",2022-10-26 18:35:00,2022-11-29 21:08:13,-35.662,NA,-42.418,173.687,"3",2946793
"CP16111","RBGB","KK","F","234672","PTT",2022-10-26 18:35:00,2022-11-29 21:55:45,32.594,3.6927,-42.432,173.614,"B",2949645
"CP16111","RBGB","KK","F","234672","PTT",2022-10-26 18:35:00,2022-11-29 22:48:35,31.646,3.6769,-42.427,173.679,"A",2952815
"CP16111","RBGB","KK","F","234672","PTT",2022-10-26 18:35:00,2022-11-29 22:48:35,-35.662,NA,-42.427,173.679,"A",2952815
"CP16918","RRGO","KK","M","66891_2","PTT",2022-10-28 22:57:00,2022-11-30 05:19:02,28.328,3.7559,-42.393,173.682,"0",2787722
"CP16918","RRGO","KK","M","66891_2","PTT",2022-10-28 22:57:00,2022-11-30 05:19:02,31.172,3.7559,-42.393,173.682,"0",2787722
"CP16918","RRGO","KK","M","66891_2","PTT",2022-10-28 22:57:00,2022-11-30 05:19:02,-35.662,NA,-42.393,173.682,"0",2787722
"CP16918","RRGO","KK","M","66891_2","PTT",2022-10-28 22:57:00,2022-11-30 06:26:47,-35.662,NA,-42.39,173.676,"B",2791787
"CP16918","RRGO","KK","M","66891_2","PTT",2022-10-28 22:57:00,2022-11-30 06:59:04,-35.662,NA,-42.391,173.674,"B",2793724
"CP16918","RRGO","KK","M","66891_2","PTT",2022-10-28 22:57:00,2022-11-30 07:26:00,28.802,3.7401,-42.422,173.65,"0",2795340
"CP16918","RRGO","KK","M","66891_2","PTT",2022-10-28 22:57:00,2022-11-30 07:26:00,30.698,3.7322,-42.422,173.65,"0",2795340
"CP16918","RRGO","KK","M","66891_2","PTT",2022-10-28 22:57:00,2022-11-30 07:26:00,-35.662,NA,-42.422,173.65,"0",2795340
"CP16918","RRGO","KK","M","66891_2","PTT",2022-10-28 22:57:00,2022-11-30 08:31:31,27.854,3.7401,-42.402,173.641,"0",2799271
"CP16918","RRGO","KK","M","66891_2","PTT",2022-10-28 22:57:00,2022-11-30 08:31:31,-35.662,NA,-42.402,173.641,"0",2799271
"CP16918","RRGO","KK","M","66891_2","PTT",2022-10-28 22:57:00,2022-11-30 08:31:31,29.276,3.7401,-42.402,173.641,"0",2799271
"CP16918","RRGO","KK","M","66891_2","PTT",2022-10-28 22:57:00,2022-12-01 06:27:51,-35.662,NA,-42.437,173.665,"B",2878251
"CP9068","RBRL","KK","F","66903","PTT",2021-10-03 19:06:00,2022-12-01 08:10:03,28.328,3.7322,-42.375,173.668,"2",36594243
"CP9068","RBRL","KK","F","66903","PTT",2021-10-03 19:06:00,2022-12-01 08:10:03,29.75,3.7322,-42.375,173.668,"2",36594243
"CP9068","RBRL","KK","F","66903","PTT",2021-10-03 19:06:00,2022-12-01 08:10:03,-35.662,NA,-42.375,173.668,"2",36594243
"CP16616","RBWR","KK","M","66969","PTT",2022-10-28 18:07:00,2022-12-01 09:51:30,34.49,3.7006,-42.454,173.761,"B",2907870
"CP16616","RBWR","KK","M","66969","PTT",2022-10-28 18:07:00,2022-12-01 09:51:30,-35.662,NA,-42.454,173.761,"B",2907870
"CP16918","RRGO","KK","M","66891_2","PTT",2022-10-28 22:57:00,2022-11-06 15:59:30,25.01,3.9692,-42.403,173.725,"B",752550
"CP16918","RRGO","KK","M","66891_2","PTT",2022-10-28 22:57:00,2022-11-06 15:59:30,-35.662,NA,-42.403,173.725,"B",752550
"CP16918","RRGO","KK","M","66891_2","PTT",2022-10-28 22:57:00,2022-11-06 15:47:31,-35.662,NA,-42.343,173.678,"A",751831
"CP16918","RRGO","KK","M","66891_2","PTT",2022-10-28 22:57:00,2022-11-06 15:47:31,25.01,3.9692,-42.343,173.678,"A",751831
"CP16607","RROW","KK","M","66894","PTT",2022-10-27 12:20:00,2022-11-06 08:28:51,-35.662,NA,-42.421,173.719,"1",850131
"CP16607","RROW","KK","M","66894","PTT",2022-10-27 12:20:00,2022-11-06 08:28:51,37.334,3.7164,-42.421,173.719,"1",850131
"CP16918","RRGO","KK","M","66891_2","PTT",2022-10-28 22:57:00,2022-11-06 08:28:09,32.594,3.9771,-42.334,173.69,"0",725469
"CP16918","RRGO","KK","M","66891_2","PTT",2022-10-28 22:57:00,2022-11-06 08:28:09,-35.662,NA,-42.334,173.69,"0",725469
"CP16918","RRGO","KK","M","66891_2","PTT",2022-10-28 22:57:00,2022-11-06 08:28:09,18.848,3.9929,-42.334,173.69,"0",725469
"CP16918","RRGO","KK","M","66891_2","PTT",2022-10-28 22:57:00,2022-11-06 08:28:09,26.906,3.9218,-42.334,173.69,"0",725469
"CP16918","RRGO","KK","M","66891_2","PTT",2022-10-28 22:57:00,2022-11-06 07:11:53,31.172,3.7638,-42.413,173.654,"2",720893
"CP16918","RRGO","KK","M","66891_2","PTT",2022-10-28 22:57:00,2022-11-06 07:11:53,-35.662,NA,-42.413,173.654,"2",720893
"CP16918","RRGO","KK","M","66891_2","PTT",2022-10-28 22:57:00,2022-11-06 06:51:21,27.854,3.748,-42.336,173.645,"B",719661
"CP16111","RBGB","KK","F","234672","PTT",2022-10-26 18:35:00,2022-10-30 16:20:48,35.438,3.9297,-42.418,173.678,"3",337548
"CP16111","RBGB","KK","F","234672","PTT",2022-10-26 18:35:00,2022-10-30 16:05:28,36.86,3.9376,-42.421,173.684,"2",336628
"CP16111","RBGB","KK","F","234672","PTT",2022-10-26 18:35:00,2022-10-30 16:05:28,36.86,3.9376,-42.421,173.684,"2",336628
"CP16111","RBGB","KK","F","234672","PTT",2022-10-26 18:35:00,2022-10-30 16:05:28,37.808,3.9455,-42.421,173.684,"2",336628
"CP16111","RBGB","KK","F","234672","PTT",2022-10-26 18:35:00,2022-10-30 16:05:28,37.808,3.9455,-42.421,173.684,"2",336628
"CP16111","RBGB","KK","F","234672","PTT",2022-10-26 18:35:00,2022-10-30 16:05:28,37.808,3.9455,-42.421,173.684,"2",336628
"CP16111","RBGB","KK","F","234672","PTT",2022-10-26 18:35:00,2022-10-30 16:05:28,38.282,3.9455,-42.421,173.684,"2",336628
"CP16111","RBGB","KK","F","234672","PTT",2022-10-26 18:35:00,2022-10-30 16:05:28,38.282,3.9455,-42.421,173.684,"2",336628
"CP16111","RBGB","KK","F","234672","PTT",2022-10-26 18:35:00,2022-10-30 16:05:28,38.282,3.9455,-42.421,173.684,"2",336628
"CP16111","RBGB","KK","F","234672","PTT",2022-10-26 18:35:00,2022-10-30 19:15:15,31.172,3.8428,-42.414,173.618,"2",348015
"CP16111","RBGB","KK","F","234672","PTT",2022-10-26 18:35:00,2022-10-30 19:15:15,-35.662,NA,-42.414,173.618,"2",348015
"CP16111","RBGB","KK","F","234672","PTT",2022-10-26 18:35:00,2022-10-30 20:57:05,31.172,3.8112,-42.416,173.621,"2",354125
"CP16111","RBGB","KK","F","234672","PTT",2022-10-26 18:35:00,2022-10-30 20:57:05,-35.662,NA,-42.416,173.621,"2",354125
"CP16111","RBGB","KK","F","234672","PTT",2022-10-26 18:35:00,2022-10-30 21:28:16,29.276,3.7954,-42.422,173.612,"0",355996
"CP16111","RBGB","KK","F","234672","PTT",2022-10-26 18:35:00,2022-10-30 21:28:16,-35.662,NA,-42.422,173.612,"0",355996
"CP16111","RBGB","KK","F","234672","PTT",2022-10-26 18:35:00,2022-10-30 23:09:48,-35.662,NA,-42.42,173.608,"B",362088
"CP16111","RBGB","KK","F","234672","PTT",2022-10-26 18:35:00,2022-10-30 07:12:31,-35.662,NA,-42.42,173.662,"2",304651
"CP16111","RBGB","KK","F","234672","PTT",2022-10-26 18:35:00,2022-10-30 07:12:31,48.71,3.7322,-42.42,173.662,"2",304651
"CP16111","RBGB","KK","F","234672","PTT",2022-10-26 18:35:00,2022-10-30 16:20:48,35.438,3.9297,-42.418,173.678,"3",337548
"CP16111","RBGB","KK","F","234672","PTT",2022-10-26 18:35:00,2022-10-30 16:20:48,35.438,3.9297,-42.418,173.678,"3",337548
"CP16111","RBGB","KK","F","234672","PTT",2022-10-26 18:35:00,2022-10-30 16:20:48,35.438,3.9297,-42.418,173.678,"3",337548
"CP16111","RBGB","KK","F","234672","PTT",2022-10-26 18:35:00,2022-10-30 16:20:48,34.964,3.9297,-42.418,173.678,"3",337548
"CP16111","RBGB","KK","F","234672","PTT",2022-10-26 18:35:00,2022-10-31 20:44:54,29.276,3.7796,-42.423,173.693,"A",439794
"CP16111","RBGB","KK","F","234672","PTT",2022-10-26 18:35:00,2022-10-31 20:44:54,-35.662,NA,-42.423,173.693,"A",439794
"CP16111","RBGB","KK","F","234672","PTT",2022-10-26 18:35:00,2022-10-31 08:52:47,51.08,3.7796,-42.431,173.65,"1",397067
"CP16111","RBGB","KK","F","234672","PTT",2022-10-26 18:35:00,2022-10-31 08:52:47,-35.662,NA,-42.431,173.65,"1",397067
"CP16111","RBGB","KK","F","234672","PTT",2022-10-26 18:35:00,2022-10-31 21:08:11,-35.662,NA,-42.421,173.673,"2",441191
"CP16111","RBGB","KK","F","234672","PTT",2022-10-26 18:35:00,2022-10-31 22:48:59,-35.662,NA,-42.425,173.694,"B",447239
"CP16111","RBGB","KK","F","234672","PTT",2022-10-26 18:35:00,2022-10-31 22:48:59,28.802,3.7322,-42.425,173.694,"B",447239
"CP16111","RBGB","KK","F","234672","PTT",2022-10-26 18:35:00,2022-10-31 17:37:21,-35.662,NA,-42.421,173.689,"B",428541
"CP16111","RBGB","KK","F","234672","PTT",2022-10-26 18:35:00,2022-10-31 17:14:05,-35.662,NA,-42.418,173.686,"3",427145
"CP16111","RBGB","KK","F","234672","PTT",2022-10-26 18:35:00,2022-10-31 17:14:05,32.594,3.8507,-42.418,173.686,"3",427145
"CP16111","RBGB","KK","F","234672","PTT",2022-10-26 18:35:00,2022-10-31 16:06:06,-35.662,NA,-42.417,173.681,"A",423066
"CP16111","RBGB","KK","F","234672","PTT",2022-10-26 18:35:00,2022-11-01 16:44:32,-35.662,NA,-42.414,173.668,"1",511772
"CP16111","RBGB","KK","F","234672","PTT",2022-10-26 18:35:00,2022-11-01 18:50:53,-35.662,NA,-42.411,173.674,"B",519353
"CP16918","RRGO","KK","M","66891_2","PTT",2022-10-28 22:57:00,2022-11-06 17:26:49,-35.662,NA,-42.43,173.696,"1",757789
"CP16918","RRGO","KK","M","66891_2","PTT",2022-10-28 22:57:00,2022-11-06 17:31:46,-35.662,NA,-42.422,173.692,"B",758086
"CP16918","RRGO","KK","M","66891_2","PTT",2022-10-28 22:57:00,2022-11-12 16:01:15,-35.662,NA,-42.402,173.748,"0",1271055
"CP16918","RRGO","KK","M","66891_2","PTT",2022-10-28 22:57:00,2022-11-12 16:01:15,29.75,3.9692,-42.402,173.748,"0",1271055
"CP16918","RRGO","KK","M","66891_2","PTT",2022-10-28 22:57:00,2022-11-12 09:42:30,-35.662,NA,-42.379,173.523,"B",1248330
"CP16918","RRGO","KK","M","66891_2","PTT",2022-10-28 22:57:00,2022-11-12 08:01:33,-35.662,NA,-42.39,173.573,"B",1242273
"CP16918","RRGO","KK","M","66891_2","PTT",2022-10-28 22:57:00,2022-11-11 20:41:00,-35.662,NA,-42.408,173.654,"1",1201440
"CP16918","RRGO","KK","M","66891_2","PTT",2022-10-28 22:57:00,2022-11-11 20:14:03,-35.662,NA,-42.417,173.665,"0",1199823
"CP16918","RRGO","KK","M","66891_2","PTT",2022-10-28 22:57:00,2022-11-11 20:14:03,22.64,3.7875,-42.417,173.665,"0",1199823
"CP16111","RBGB","KK","F","234672","PTT",2022-10-26 18:35:00,2022-11-01 22:28:18,-35.662,NA,-42.424,173.667,"1",532398
"CP16111","RBGB","KK","F","234672","PTT",2022-10-26 18:35:00,2022-11-01 21:35:37,-35.662,NA,-42.425,173.686,"B",529237
"CP16111","RBGB","KK","F","234672","PTT",2022-10-26 18:35:00,2022-11-01 20:47:20,-35.662,NA,-42.425,173.679,"2",526340
"CP16111","RBGB","KK","F","234672","PTT",2022-10-26 18:35:00,2022-11-01 20:47:20,30.224,3.7717,-42.425,173.679,"2",526340
"CP16111","RBGB","KK","F","234672","PTT",2022-10-26 18:35:00,2022-11-01 20:31:57,29.75,3.7796,-42.422,173.693,"2",525417
"CP16111","RBGB","KK","F","234672","PTT",2022-10-26 18:35:00,2022-11-01 20:31:57,-35.662,NA,-42.422,173.693,"2",525417
"CP16617","RBWO","KK","M","66967","PTT",2022-10-29 14:35:00,2022-11-11 16:09:20,-35.662,NA,-42.419,173.682,"B",1128860
"CP16918","RRGO","KK","M","66891_2","PTT",2022-10-28 22:57:00,2022-11-11 16:31:40,-35.662,NA,-42.58,173.837,"A",1186480
"CP16918","RRGO","KK","M","66891_2","PTT",2022-10-28 22:57:00,2022-11-11 16:31:40,23.588,3.9297,-42.58,173.837,"A",1186480
"CP16918","RRGO","KK","M","66891_2","PTT",2022-10-28 22:57:00,2022-11-11 16:08:54,-35.662,NA,-42.411,173.672,"1",1185114
"CP16918","RRGO","KK","M","66891_2","PTT",2022-10-28 22:57:00,2022-11-11 16:08:54,24.536,3.9376,-42.411,173.672,"1",1185114
"CP16111","RBGB","KK","F","234672","PTT",2022-10-26 18:35:00,2022-10-26 19:11:24,-35.662,NA,-42.419,173.629,"2",2184
"CP16111","RBGB","KK","F","234672","PTT",2022-10-26 18:35:00,2022-10-26 19:11:24,31.646,3.8744,-42.419,173.629,"2",2184
"CP16111","RBGB","KK","F","234672","PTT",2022-10-26 18:35:00,2022-10-26 19:45:54,31.172,3.8586,-42.39,173.664,"B",4254
"CP16111","RBGB","KK","F","234672","PTT",2022-10-26 18:35:00,2022-10-26 19:59:11,31.172,3.8586,-42.395,173.668,"B",5051
"CP16111","RBGB","KK","F","234672","PTT",2022-10-26 18:35:00,2022-10-26 20:49:01,-35.662,NA,-42.346,173.717,"B",8041
"CP16111","RBGB","KK","F","234672","PTT",2022-10-26 18:35:00,2022-10-27 02:57:22,30.698,3.7006,-42.417,173.679,"3",30142
"CP16111","RBGB","KK","F","234672","PTT",2022-10-26 18:35:00,2022-10-27 02:57:22,-35.662,NA,-42.417,173.679,"3",30142
"CP16111","RBGB","KK","F","234672","PTT",2022-10-26 18:35:00,2022-10-27 02:42:21,-35.662,NA,-42.409,173.678,"1",29241
"CP16111","RBGB","KK","F","234672","PTT",2022-10-26 18:35:00,2022-10-27 04:21:35,-35.662,NA,-42.419,173.691,"3",35195
"CP16111","RBGB","KK","F","234672","PTT",2022-10-26 18:35:00,2022-10-27 03:48:38,-35.662,NA,-42.392,173.643,"B",33218
"CP16111","RBGB","KK","F","234672","PTT",2022-10-26 18:35:00,2022-11-04 16:53:03,33.542,3.6848,-42.445,173.793,"2",771483
"CP16111","RBGB","KK","F","234672","PTT",2022-10-26 18:35:00,2022-11-04 16:53:03,-35.662,NA,-42.445,173.793,"2",771483
"CP16111","RBGB","KK","F","234672","PTT",2022-10-26 18:35:00,2022-11-04 09:09:03,-35.662,NA,-42.417,173.701,"1",743643
"CP16111","RBGB","KK","F","234672","PTT",2022-10-26 18:35:00,2022-11-04 09:09:03,48.236,3.748,-42.417,173.701,"1",743643
"CP16111","RBGB","KK","F","234672","PTT",2022-10-26 18:35:00,2022-11-04 15:10:58,-35.662,NA,-42.449,173.675,"B",765358
"CP16111","RBGB","KK","F","234672","PTT",2022-10-26 18:35:00,2022-11-04 16:33:01,-35.662,NA,-42.411,173.679,"3",770281
"CP16918","RRGO","KK","M","66891_2","PTT",2022-10-28 22:57:00,2022-11-12 17:26:26,22.64,3.9297,-42.483,173.633,"A",1276166
"CP16918","RRGO","KK","M","66891_2","PTT",2022-10-28 22:57:00,2022-11-12 17:26:26,-35.662,NA,-42.483,173.633,"A",1276166
"CP16918","RRGO","KK","M","66891_2","PTT",2022-10-28 22:57:00,2022-11-12 17:39:13,24.536,3.9218,-42.442,173.64,"0",1276933
"CP16918","RRGO","KK","M","66891_2","PTT",2022-10-28 22:57:00,2022-11-12 17:39:13,-35.662,NA,-42.442,173.64,"0",1276933
"CP16111","RBGB","KK","F","234672","PTT",2022-10-26 18:35:00,2022-11-12 15:53:21,-35.662,NA,-42.413,173.666,"A",1459101
"CP16111","RBGB","KK","F","234672","PTT",2022-10-26 18:35:00,2022-11-12 16:01:11,-35.662,NA,-42.411,173.672,"2",1459571
"CP16609","RBOY","KK","M","234750","PTT",2022-10-28 07:26:00,2022-11-12 15:53:51,37.808,4.0482,-42.242,173.484,"B",1326471
"CP16609","RBOY","KK","M","234750","PTT",2022-10-28 07:26:00,2022-11-12 16:01:18,38.756,4.0403,-42.408,173.63,"1",1326918
"CP16609","RBOY","KK","M","234750","PTT",2022-10-28 07:26:00,2022-11-12 16:01:18,39.23,4.0403,-42.408,173.63,"1",1326918
"CP16609","RBOY","KK","M","234750","PTT",2022-10-28 07:26:00,2022-11-12 16:01:18,38.756,4.0403,-42.408,173.63,"1",1326918
"CP16609","RBOY","KK","M","234750","PTT",2022-10-28 07:26:00,2022-11-12 16:01:18,37.334,4.0403,-42.408,173.63,"1",1326918
"CP16609","RBOY","KK","M","234750","PTT",2022-10-28 07:26:00,2022-11-12 17:26:31,34.49,3.9692,-42.419,173.684,"B",1332031
"CP16609","RBOY","KK","M","234750","PTT",2022-10-28 07:26:00,2022-11-12 17:26:31,33.542,3.9613,-42.419,173.684,"B",1332031
"CP16111","RBGB","KK","F","234672","PTT",2022-10-26 18:35:00,2022-12-11 15:55:43,36.86,4.0561,-42.411,173.664,"2",3964843
"CP16111","RBGB","KK","F","234672","PTT",2022-10-26 18:35:00,2022-12-11 17:08:36,35.912,3.985,-42.418,173.684,"3",3969216
"CP16111","RBGB","KK","F","234672","PTT",2022-10-26 18:35:00,2022-12-11 17:08:36,34.964,3.9771,-42.418,173.684,"3",3969216
"CP16111","RBGB","KK","F","234672","PTT",2022-10-26 18:35:00,2022-12-11 17:08:36,34.964,3.9771,-42.418,173.684,"3",3969216
"CP16111","RBGB","KK","F","234672","PTT",2022-10-26 18:35:00,2022-12-11 17:08:36,35.912,3.9771,-42.418,173.684,"3",3969216
"CP16111","RBGB","KK","F","234672","PTT",2022-10-26 18:35:00,2022-12-11 17:34:43,35.438,3.9613,-42.419,173.681,"3",3970783
"CP16111","RBGB","KK","F","234672","PTT",2022-10-26 18:35:00,2022-12-11 17:34:43,34.964,3.9613,-42.419,173.681,"3",3970783
"CP16111","RBGB","KK","F","234672","PTT",2022-10-26 18:35:00,2022-12-11 17:34:43,35.438,3.9613,-42.419,173.681,"3",3970783
"CP16111","RBGB","KK","F","234672","PTT",2022-10-26 18:35:00,2022-12-11 17:34:43,34.964,3.9613,-42.419,173.681,"3",3970783
"CP16111","RBGB","KK","F","234672","PTT",2022-10-26 18:35:00,2022-12-11 17:34:43,34.964,3.9613,-42.419,173.681,"3",3970783
"CP16111","RBGB","KK","F","234672","PTT",2022-10-26 18:35:00,2022-12-11 17:34:43,34.964,3.9613,-42.419,173.681,"3",3970783
"CP16111","RBGB","KK","F","234672","PTT",2022-10-26 18:35:00,2022-12-11 17:34:43,34.964,3.9534,-42.419,173.681,"3",3970783
"CP16609","RBOY","KK","M","234750","PTT",2022-10-28 07:26:00,2022-12-11 15:54:38,-35.662,NA,-42.411,173.665,"3",3832118
"CP16609","RBOY","KK","M","234750","PTT",2022-10-28 07:26:00,2022-12-11 15:54:38,36.86,3.6927,-42.411,173.665,"3",3832118
"CP16918","RRGO","KK","M","66891_2","PTT",2022-10-28 22:57:00,2022-12-11 20:57:19,23.114,3.827,-42.41,173.669,"1",3794419
"CP16918","RRGO","KK","M","66891_2","PTT",2022-10-28 22:57:00,2022-12-11 20:57:19,-35.662,NA,-42.41,173.669,"1",3794419
"CP16918","RRGO","KK","M","66891_2","PTT",2022-10-28 22:57:00,2022-12-11 21:06:56,23.114,3.8191,-42.41,173.669,"B",3794996
"CP16918","RRGO","KK","M","66891_2","PTT",2022-10-28 22:57:00,2022-12-11 21:59:30,22.166,3.7875,-42.412,173.68,"2",3798150
"CP16918","RRGO","KK","M","66891_2","PTT",2022-10-28 22:57:00,2022-12-11 21:59:30,22.64,3.7796,-42.412,173.68,"2",3798150
"CP16918","RRGO","KK","M","66891_2","PTT",2022-10-28 22:57:00,2022-12-11 21:59:30,-35.662,NA,-42.412,173.68,"2",3798150
"CP16111","RBGB","KK","F","234672","PTT",2022-10-26 18:35:00,2022-12-11 19:16:23,-35.662,NA,-42.414,173.672,"1",3976883
"CP16111","RBGB","KK","F","234672","PTT",2022-10-26 18:35:00,2022-12-11 20:18:15,-35.662,NA,-42.436,173.674,"A",3980595
"CP16111","RBGB","KK","F","234672","PTT",2022-10-26 18:35:00,2022-12-11 20:18:15,33.542,3.8586,-42.436,173.674,"A",3980595
"CP16111","RBGB","KK","F","234672","PTT",2022-10-26 18:35:00,2022-12-11 20:58:34,33.068,3.8428,-42.42,173.677,"3",3983014
"CP16111","RBGB","KK","F","234672","PTT",2022-10-26 18:35:00,2022-12-11 20:58:34,-35.662,NA,-42.42,173.677,"3",3983014
"CP16111","RBGB","KK","F","234672","PTT",2022-10-26 18:35:00,2022-12-11 22:00:30,33.068,3.8191,-42.42,173.68,"3",3986730
"CP16111","RBGB","KK","F","234672","PTT",2022-10-26 18:35:00,2022-12-11 22:00:30,-35.662,NA,-42.42,173.68,"3",3986730
"CP16918","RRGO","KK","M","66891_2","PTT",2022-10-28 22:57:00,2022-12-12 05:43:43,-35.662,NA,-42.427,173.707,"B",3826003
"CP16918","RRGO","KK","M","66891_2","PTT",2022-10-28 22:57:00,2022-12-12 05:43:43,28.328,3.748,-42.427,173.707,"B",3826003
"CP16918","RRGO","KK","M","66891_2","PTT",2022-10-28 22:57:00,2022-12-12 06:11:45,-35.662,NA,-42.427,173.703,"B",3827685
"CP16918","RRGO","KK","M","66891_2","PTT",2022-10-28 22:57:00,2022-12-12 06:44:39,30.698,3.8191,-42.433,173.767,"0",3829659
"CP16918","RRGO","KK","M","66891_2","PTT",2022-10-28 22:57:00,2022-12-12 06:44:39,-35.662,NA,-42.433,173.767,"0",3829659
"CP16918","RRGO","KK","M","66891_2","PTT",2022-10-28 22:57:00,2022-12-12 07:43:15,36.386,3.9139,-42.377,173.747,"1",3833175
"CP16918","RRGO","KK","M","66891_2","PTT",2022-10-28 22:57:00,2022-12-12 07:43:15,-35.662,NA,-42.377,173.747,"1",3833175
"CP16918","RRGO","KK","M","66891_2","PTT",2022-10-28 22:57:00,2022-12-12 09:23:00,-35.662,NA,-42.34,173.637,"0",3839160
"CP16918","RRGO","KK","M","66891_2","PTT",2022-10-28 22:57:00,2022-12-12 09:23:00,37.334,4.0087,-42.34,173.637,"0",3839160
"CP9068","RBRL","KK","F","66903","PTT",2021-10-03 19:06:00,2022-12-12 06:13:25,28.802,2.5472,-42.357,173.652,"1",37537645
"CP9068","RBRL","KK","F","66903","PTT",2021-10-03 19:06:00,2022-12-12 06:13:25,-35.662,NA,-42.357,173.652,"1",37537645
"CP9068","RBRL","KK","F","66903","PTT",2021-10-03 19:06:00,2022-12-12 07:41:57,32.12,3.748,-42.37,173.655,"1",37542957
"CP9068","RBRL","KK","F","66903","PTT",2021-10-03 19:06:00,2022-12-12 07:41:57,33.068,3.7243,-42.37,173.655,"1",37542957
"CP9068","RBRL","KK","F","66903","PTT",2021-10-03 19:06:00,2022-12-12 07:41:57,-35.662,NA,-42.37,173.655,"1",37542957
"CP9068","RBRL","KK","F","66903","PTT",2021-10-03 19:06:00,2022-12-12 09:21:18,44.444,3.6927,-42.328,173.609,"0",37548918
"CP9068","RBRL","KK","F","66903","PTT",2021-10-03 19:06:00,2022-12-12 09:21:18,-35.662,NA,-42.328,173.609,"0",37548918
"CP16617","RBWO","KK","M","66967","PTT",2022-10-29 14:35:00,2022-12-12 06:14:08,-35.662,NA,-42.344,173.791,"B",3771548
"CP16617","RBWO","KK","M","66967","PTT",2022-10-29 14:35:00,2022-12-12 06:44:30,-35.662,NA,-42.357,173.544,"1",3773370
"CP16617","RBWO","KK","M","66967","PTT",2022-10-29 14:35:00,2022-12-12 06:44:30,45.866,3.7638,-42.357,173.544,"1",3773370
"CP16617","RBWO","KK","M","66967","PTT",2022-10-29 14:35:00,2022-12-12 07:41:34,42.548,3.7796,-42.364,173.641,"1",3776794
"CP16617","RBWO","KK","M","66967","PTT",2022-10-29 14:35:00,2022-12-12 07:41:34,-35.662,NA,-42.364,173.641,"1",3776794
"CP16617","RBWO","KK","M","66967","PTT",2022-10-29 14:35:00,2022-12-12 08:22:24,-35.662,NA,-42.36,173.603,"B",3779244
"CP16617","RBWO","KK","M","66967","PTT",2022-10-29 14:35:00,2022-12-12 08:30:42,-35.662,NA,-42.36,173.361,"B",3779742
"CP16617","RBWO","KK","M","66967","PTT",2022-10-29 14:35:00,2022-12-12 09:24:52,-35.662,NA,-42.322,173.503,"A",3782992
"CP16111","RBGB","KK","F","234672","PTT",2022-10-26 18:35:00,2022-12-12 09:23:48,-35.662,NA,-42.404,173.665,"0",4027728
"CP16609","RBOY","KK","M","234750","PTT",2022-10-28 07:26:00,2022-12-12 09:23:59,-35.662,NA,-42.391,173.73,"B",3895079
"CP16918","RRGO","KK","M","66891_2","PTT",2022-10-28 22:57:00,2022-12-12 16:52:55,27.38,3.9771,-42.411,173.685,"1",3866155
"CP16918","RRGO","KK","M","66891_2","PTT",2022-10-28 22:57:00,2022-12-12 16:52:55,-35.662,NA,-42.411,173.685,"1",3866155
"CP16918","RRGO","KK","M","66891_2","PTT",2022-10-28 22:57:00,2022-12-12 17:02:49,28.328,3.9692,-42.419,173.629,"1",3866749
"CP16918","RRGO","KK","M","66891_2","PTT",2022-10-28 22:57:00,2022-12-12 17:02:49,-35.662,NA,-42.419,173.629,"1",3866749
"CP16617","RBWO","KK","M","66967","PTT",2022-10-29 14:35:00,2022-12-12 16:52:17,-35.662,NA,-42.42,173.681,"0",3809837
"CP16617","RBWO","KK","M","66967","PTT",2022-10-29 14:35:00,2022-12-12 16:52:17,32.594,3.7085,-42.42,173.681,"0",3809837
"CP16617","RBWO","KK","M","66967","PTT",2022-10-29 14:35:00,2022-12-12 17:03:55,-35.662,NA,-42.418,173.665,"2",3810535
"CP16111","RBGB","KK","F","234672","PTT",2022-10-26 18:35:00,2022-12-12 16:52:31,31.646,3.8033,-42.417,173.616,"1",4054651
"CP16111","RBGB","KK","F","234672","PTT",2022-10-26 18:35:00,2022-12-12 16:52:31,-35.662,NA,-42.417,173.616,"1",4054651
"CP16111","RBGB","KK","F","234672","PTT",2022-10-26 18:35:00,2022-12-12 17:02:30,35.438,3.8033,-42.418,173.673,"2",4055250
"CP16111","RBGB","KK","F","234672","PTT",2022-10-26 18:35:00,2022-12-12 17:02:30,-35.662,NA,-42.418,173.673,"2",4055250
"CP16918","RRGO","KK","M","66891_2","PTT",2022-10-28 22:57:00,2022-12-12 20:45:37,24.536,3.8191,-42.421,173.716,"1",3880117
"CP16918","RRGO","KK","M","66891_2","PTT",2022-10-28 22:57:00,2022-12-12 20:45:37,-35.662,NA,-42.421,173.716,"1",3880117
"CP16918","RRGO","KK","M","66891_2","PTT",2022-10-28 22:57:00,2022-12-12 21:39:26,-35.662,NA,-42.416,173.721,"B",3883346
"CP16111","RBGB","KK","F","234672","PTT",2022-10-26 18:35:00,2022-12-12 19:03:36,-35.662,NA,-42.41,173.661,"B",4062516
"CP16111","RBGB","KK","F","234672","PTT",2022-10-26 18:35:00,2022-12-12 20:46:29,33.542,3.7164,-42.417,173.683,"3",4068689
"CP16111","RBGB","KK","F","234672","PTT",2022-10-26 18:35:00,2022-12-12 20:46:29,-35.662,NA,-42.417,173.683,"3",4068689
"CP16111","RBGB","KK","F","234672","PTT",2022-10-26 18:35:00,2022-12-12 21:39:52,33.542,3.6848,-42.417,173.681,"3",4071892
"CP16111","RBGB","KK","F","234672","PTT",2022-10-26 18:35:00,2022-12-12 21:39:52,-35.662,NA,-42.417,173.681,"3",4071892
"CP16918","RRGO","KK","M","66891_2","PTT",2022-10-28 22:57:00,2022-12-13 05:55:48,27.854,3.7559,-42.414,173.676,"3",3913128
"CP16918","RRGO","KK","M","66891_2","PTT",2022-10-28 22:57:00,2022-12-13 05:55:48,-35.662,NA,-42.414,173.676,"3",3913128
"CP16918","RRGO","KK","M","66891_2","PTT",2022-10-28 22:57:00,2022-12-13 06:33:03,30.224,3.7638,-42.435,173.672,"0",3915363
"CP16918","RRGO","KK","M","66891_2","PTT",2022-10-28 22:57:00,2022-12-13 06:33:03,27.854,3.7638,-42.435,173.672,"0",3915363
"CP16918","RRGO","KK","M","66891_2","PTT",2022-10-28 22:57:00,2022-12-13 06:33:03,-35.662,NA,-42.435,173.672,"0",3915363
"CP16918","RRGO","KK","M","66891_2","PTT",2022-10-28 22:57:00,2022-12-13 06:53:31,-35.662,NA,-42.418,173.694,"B",3916591
"CP16918","RRGO","KK","M","66891_2","PTT",2022-10-28 22:57:00,2022-12-13 07:22:42,-35.662,NA,-42.456,173.738,"B",3918342
"CP16918","RRGO","KK","M","66891_2","PTT",2022-10-28 22:57:00,2022-12-13 08:14:37,34.964,3.8902,-42.462,173.738,"B",3921457
"CP16918","RRGO","KK","M","66891_2","PTT",2022-10-28 22:57:00,2022-12-13 08:14:37,34.964,3.8981,-42.462,173.738,"B",3921457
"CP16918","RRGO","KK","M","66891_2","PTT",2022-10-28 22:57:00,2022-12-13 09:01:57,-35.662,NA,-42.407,173.654,"0",3924297
"CP16918","RRGO","KK","M","66891_2","PTT",2022-10-28 22:57:00,2022-12-13 09:01:57,34.016,3.906,-42.407,173.654,"0",3924297
"CP9068","RBRL","KK","F","66903","PTT",2021-10-03 19:06:00,2022-12-13 08:09:54,-35.662,NA,-42.463,173.664,"B",37631034
"CP9068","RBRL","KK","F","66903","PTT",2021-10-03 19:06:00,2022-12-13 08:09:54,36.86,3.7559,-42.463,173.664,"B",37631034
"CP9068","RBRL","KK","F","66903","PTT",2021-10-03 19:06:00,2022-12-13 08:14:29,37.334,3.7401,-42.416,173.769,"B",37631309
"CP9068","RBRL","KK","F","66903","PTT",2021-10-03 19:06:00,2022-12-13 08:14:29,-35.662,NA,-42.416,173.769,"B",37631309
"CP9068","RBRL","KK","F","66903","PTT",2021-10-03 19:06:00,2022-12-13 09:00:23,39.23,3.7243,-42.348,173.55,"0",37634063
"CP9068","RBRL","KK","F","66903","PTT",2021-10-03 19:06:00,2022-12-13 09:00:23,-35.662,NA,-42.348,173.55,"0",37634063
"CP16617","RBWO","KK","M","66967","PTT",2022-10-29 14:35:00,2022-12-13 07:21:20,-35.662,NA,-42.393,173.652,"1",3861980
"CP16617","RBWO","KK","M","66967","PTT",2022-10-29 14:35:00,2022-12-13 09:02:38,46.34,3.7164,-42.388,173.675,"3",3868058
"CP16617","RBWO","KK","M","66967","PTT",2022-10-29 14:35:00,2022-12-13 09:02:38,-35.662,NA,-42.388,173.675,"3",3868058
"CP16918","RRGO","KK","M","66891_2","PTT",2022-10-28 22:57:00,2022-12-13 16:31:50,29.276,4.0087,-42.378,173.638,"0",3951290
"CP16918","RRGO","KK","M","66891_2","PTT",2022-10-28 22:57:00,2022-12-13 16:31:50,29.276,4.0166,-42.378,173.638,"0",3951290
"CP16918","RRGO","KK","M","66891_2","PTT",2022-10-28 22:57:00,2022-12-13 16:31:50,-35.662,NA,-42.378,173.638,"0",3951290
"CP16918","RRGO","KK","M","66891_2","PTT",2022-10-28 22:57:00,2022-12-13 18:13:17,25.01,3.9613,-42.355,173.662,"B",3957377
"CP16918","RRGO","KK","M","66891_2","PTT",2022-10-28 22:57:00,2022-12-13 18:13:17,-35.662,NA,-42.355,173.662,"B",3957377
"CP16607","RROW","KK","M","66894","PTT",2022-10-27 12:20:00,2022-12-13 16:31:29,-35.662,NA,-42.419,173.659,"A",4075889
"CP16607","RROW","KK","M","66894","PTT",2022-10-27 12:20:00,2022-12-13 16:31:29,38.282,3.7085,-42.419,173.659,"A",4075889
"CP9068","RBRL","KK","F","66903","PTT",2021-10-03 19:06:00,2022-12-13 16:32:48,34.016,3.7164,-42.411,173.641,"0",37661208
"CP9068","RBRL","KK","F","66903","PTT",2021-10-03 19:06:00,2022-12-13 16:32:48,-35.662,NA,-42.411,173.641,"0",37661208
"CP16617","RBWO","KK","M","66967","PTT",2022-10-29 14:35:00,2022-12-13 16:32:06,34.49,3.6927,-42.362,173.702,"1",3895026
"CP16617","RBWO","KK","M","66967","PTT",2022-10-29 14:35:00,2022-12-13 16:32:06,-35.662,NA,-42.362,173.702,"1",3895026
"CP16111","RBGB","KK","F","234672","PTT",2022-10-26 18:35:00,2022-12-13 16:31:52,41.126,3.7875,-42.419,173.678,"2",4139812
"CP16111","RBGB","KK","F","234672","PTT",2022-10-26 18:35:00,2022-12-13 16:31:52,-35.662,NA,-42.419,173.678,"2",4139812
"CP16609","RBOY","KK","M","234750","PTT",2022-10-28 07:26:00,2022-12-13 16:32:25,-35.662,NA,-42.409,173.655,"1",4007185
"CP16918","RRGO","KK","M","66891_2","PTT",2022-10-28 22:57:00,2022-12-13 16:34:23,29.276,4.0166,-42.423,173.65,"0",3951443
"CP16918","RRGO","KK","M","66891_2","PTT",2022-10-28 22:57:00,2022-12-13 16:34:23,-35.662,NA,-42.423,173.65,"0",3951443
"CP16918","RRGO","KK","M","66891_2","PTT",2022-10-28 22:57:00,2022-12-13 18:13:17,25.01,3.9613,-42.355,173.662,"B",3957377
"CP16918","RRGO","KK","M","66891_2","PTT",2022-10-28 22:57:00,2022-12-13 18:13:17,-35.662,NA,-42.355,173.662,"B",3957377
"CP16918","RRGO","KK","M","66891_2","PTT",2022-10-28 22:57:00,2022-12-13 21:18:16,24.062,3.8428,-42.405,173.728,"1",3968476
"CP16918","RRGO","KK","M","66891_2","PTT",2022-10-28 22:57:00,2022-12-13 21:18:16,-35.662,NA,-42.405,173.728,"1",3968476
"CP16607","RROW","KK","M","66894","PTT",2022-10-27 12:20:00,2022-12-13 16:35:32,38.282,3.7085,-42.411,173.663,"2",4076132
"CP16607","RROW","KK","M","66894","PTT",2022-10-27 12:20:00,2022-12-13 16:35:32,-35.662,NA,-42.411,173.663,"2",4076132
"CP9068","RBRL","KK","F","66903","PTT",2021-10-03 19:06:00,2022-12-13 16:35:44,33.542,3.7164,-42.413,173.653,"3",37661384
"CP9068","RBRL","KK","F","66903","PTT",2021-10-03 19:06:00,2022-12-13 16:35:44,-35.662,NA,-42.413,173.653,"3",37661384
"CP16617","RBWO","KK","M","66967","PTT",2022-10-29 14:35:00,2022-12-13 16:35:07,34.49,3.6927,-42.372,173.652,"1",3895207
"CP16617","RBWO","KK","M","66967","PTT",2022-10-29 14:35:00,2022-12-03 09:08:20,-35.662,NA,-42.355,173.624,"0",3004400
"CP16617","RBWO","KK","M","66967","PTT",2022-10-29 14:35:00,2022-12-03 09:08:20,40.178,3.7164,-42.355,173.624,"0",3004400
"CP16617","RBWO","KK","M","66967","PTT",2022-10-29 14:35:00,2022-12-03 08:15:16,-35.662,NA,-42.404,173.804,"B",3001216
"CP16617","RBWO","KK","M","66967","PTT",2022-10-29 14:35:00,2022-12-03 08:15:16,39.23,3.7322,-42.404,173.804,"B",3001216
"CP16918","RRGO","KK","M","66891_2","PTT",2022-10-28 22:57:00,2022-12-03 09:10:03,-35.662,NA,-42.425,173.696,"0",3060783
"CP16918","RRGO","KK","M","66891_2","PTT",2022-10-28 22:57:00,2022-12-03 09:10:03,34.49,3.9692,-42.425,173.696,"0",3060783
"CP16918","RRGO","KK","M","66891_2","PTT",2022-10-28 22:57:00,2022-12-03 07:28:15,-35.662,NA,-42.366,173.692,"A",3054675
"CP16918","RRGO","KK","M","66891_2","PTT",2022-10-28 22:57:00,2022-12-03 07:06:14,-35.662,NA,-42.377,173.701,"B",3053354
"CP16918","RRGO","KK","M","66891_2","PTT",2022-10-28 22:57:00,2022-12-02 16:33:36,-35.662,NA,-42.411,173.663,"1",3000996
"CP16918","RRGO","KK","M","66891_2","PTT",2022-10-28 22:57:00,2022-12-02 16:33:36,25.484,3.8349,-42.411,173.663,"1",3000996
"CP16918","RRGO","KK","M","66891_2","PTT",2022-10-28 22:57:00,2022-12-02 17:16:14,-35.662,NA,-42.405,173.677,"1",3003554
"CP16918","RRGO","KK","M","66891_2","PTT",2022-10-28 22:57:00,2022-12-02 17:16:14,24.062,3.8033,-42.405,173.677,"1",3003554
"CP16918","RRGO","KK","M","66891_2","PTT",2022-10-28 22:57:00,2022-12-02 17:16:14,24.062,3.8112,-42.405,173.677,"1",3003554
"CP9099","RWLG","KK","F","234673","PTT",2022-10-26 17:55:00,2022-10-30 16:07:15,36.86,3.6848,-42.416,173.679,"2",339135
"CP9099","RWLG","KK","F","234673","PTT",2022-10-26 20:02:00,2022-10-30 16:07:15,36.86,3.6848,-42.416,173.679,"2",331515
"CP9099","RWLG","KK","F","234673","PTT",2022-10-26 17:55:00,2022-10-30 16:07:15,-35.662,NA,-42.416,173.679,"2",339135
"CP9099","RWLG","KK","F","234673","PTT",2022-10-26 20:02:00,2022-10-30 16:07:15,-35.662,NA,-42.416,173.679,"2",331515
"CP9099","RWLG","KK","F","234673","PTT",2022-10-26 17:55:00,2022-10-30 16:20:41,36.386,3.6769,-42.415,173.678,"3",339941
"CP9099","RWLG","KK","F","234673","PTT",2022-10-26 20:02:00,2022-10-30 16:20:41,36.386,3.6769,-42.415,173.678,"3",332321
"CP9099","RWLG","KK","F","234673","PTT",2022-10-26 17:55:00,2022-10-30 16:20:41,-35.662,NA,-42.415,173.678,"3",339941
"CP9099","RWLG","KK","F","234673","PTT",2022-10-26 20:02:00,2022-10-30 16:20:41,-35.662,NA,-42.415,173.678,"3",332321
"CP16607","RROW","KK","M","66894","PTT",2022-10-27 12:20:00,2022-12-02 08:36:26,-35.662,NA,-42.432,173.435,"B",3096986
"CP16607","RROW","KK","M","66894","PTT",2022-10-27 12:20:00,2022-12-02 07:50:06,-35.662,NA,-42.414,173.666,"3",3094206
"CP16918","RRGO","KK","M","66891_2","PTT",2022-10-28 22:57:00,2022-12-02 07:50:31,-35.662,NA,-42.434,173.717,"0",2969611
"CP16918","RRGO","KK","M","66891_2","PTT",2022-10-28 22:57:00,2022-12-02 07:50:31,25.958,3.7796,-42.434,173.717,"0",2969611
"CP16918","RRGO","KK","M","66891_2","PTT",2022-10-28 22:57:00,2022-12-01 17:48:19,24.536,3.9218,-42.412,173.697,"B",2919079
"CP16609","RBOY","KK","M","234750","PTT",2022-10-28 07:26:00,2022-12-01 16:07:11,-35.662,NA,-42.406,173.663,"2",2968871
"CP16616","RBWR","KK","M","66969","PTT",2022-10-28 18:07:00,2022-12-01 16:49:33,35.438,3.6927,-42.419,173.683,"2",2932953
"CP16616","RBWR","KK","M","66969","PTT",2022-10-28 18:07:00,2022-12-01 16:49:33,-35.662,NA,-42.419,173.683,"2",2932953
"CP16616","RBWR","KK","M","66969","PTT",2022-10-28 18:07:00,2022-12-01 16:08:05,-35.662,NA,-42.415,173.666,"1",2930465
"CP16616","RBWR","KK","M","66969","PTT",2022-10-28 18:07:00,2022-12-01 16:08:05,37.808,3.7006,-42.415,173.666,"1",2930465
"CP9068","RBRL","KK","F","66903","PTT",2021-10-03 19:06:00,2022-12-01 16:10:02,-35.662,NA,-42.35,173.791,"A",36623042
"CP16918","RRGO","KK","M","66891_2","PTT",2022-10-28 22:57:00,2022-12-01 17:48:19,24.536,3.9218,-42.412,173.697,"B",2919079
"CP16918","RRGO","KK","M","66891_2","PTT",2022-10-28 22:57:00,2022-12-01 16:49:36,-35.662,NA,-42.422,173.715,"0",2915556
"CP16918","RRGO","KK","M","66891_2","PTT",2022-10-28 22:57:00,2022-12-01 16:49:36,24.536,3.9534,-42.422,173.715,"0",2915556
"CP16918","RRGO","KK","M","66891_2","PTT",2022-10-28 22:57:00,2022-12-01 16:07:52,-35.662,NA,-42.42,173.699,"2",2913052
"CP16918","RRGO","KK","M","66891_2","PTT",2022-10-28 22:57:00,2022-12-01 16:07:52,29.276,3.985,-42.42,173.699,"2",2913052
"CP16918","RRGO","KK","M","66891_2","PTT",2022-10-28 22:57:00,2022-12-01 16:07:52,31.646,3.9929,-42.42,173.699,"2",2913052
"CP9099","RWLG","KK","F","234673","PTT",2022-10-26 17:55:00,2022-10-26 18:03:55,27.854,4.0087,-42.428,173.649,"0",535
"CP9099","RWLG","KK","F","234673","PTT",2022-10-26 17:55:00,2022-10-26 18:03:55,27.854,4.0087,-42.428,173.649,"0",535
"CP9099","RWLG","KK","F","234673","PTT",2022-10-26 17:55:00,2022-10-26 18:03:55,27.854,4.0087,-42.428,173.649,"0",535
"CP9099","RWLG","KK","F","234673","PTT",2022-10-26 17:55:00,2022-10-26 18:03:55,27.854,4.0087,-42.428,173.649,"0",535
"CP9099","RWLG","KK","F","234673","PTT",2022-10-26 17:55:00,2022-10-26 18:03:55,27.854,4.0008,-42.428,173.649,"0",535
"CP9099","RWLG","KK","F","234673","PTT",2022-10-26 17:55:00,2022-10-26 19:11:30,27.38,3.9376,-42.433,173.69,"1",4590
"CP9099","RWLG","KK","F","234673","PTT",2022-10-26 17:55:00,2022-10-26 19:11:30,27.38,3.9376,-42.433,173.69,"1",4590
"CP9099","RWLG","KK","F","234673","PTT",2022-10-26 17:55:00,2022-10-26 19:11:30,26.432,3.9376,-42.433,173.69,"1",4590
"CP9099","RWLG","KK","F","234673","PTT",2022-10-26 17:55:00,2022-10-26 19:11:30,27.38,3.9376,-42.433,173.69,"1",4590
"CP9099","RWLG","KK","F","234673","PTT",2022-10-26 17:55:00,2022-10-26 19:11:30,28.802,3.9297,-42.433,173.69,"1",4590
"CP9099","RWLG","KK","F","234673","PTT",2022-10-26 17:55:00,2022-10-26 19:11:30,28.802,3.9297,-42.433,173.69,"1",4590
"CP9099","RWLG","KK","F","234673","PTT",2022-10-26 17:55:00,2022-10-26 18:03:55,27.854,4.0008,-42.428,173.649,"0",535
"CP9099","RWLG","KK","F","234673","PTT",2022-10-26 17:55:00,2022-10-26 18:03:55,27.854,4.0008,-42.428,173.649,"0",535
"CP9099","RWLG","KK","F","234673","PTT",2022-10-26 17:55:00,2022-10-26 18:03:55,28.328,4.0008,-42.428,173.649,"0",535
"CP9099","RWLG","KK","F","234673","PTT",2022-10-26 17:55:00,2022-10-26 19:11:30,28.802,3.9297,-42.433,173.69,"1",4590
"CP9099","RWLG","KK","F","234673","PTT",2022-10-26 17:55:00,2022-10-26 19:58:50,28.802,3.906,-42.425,173.7,"B",7430
"CP9099","RWLG","KK","F","234673","PTT",2022-10-26 17:55:00,2022-11-02 17:52:52,-35.662,NA,-42.416,173.698,"B",604672
"CP9099","RWLG","KK","F","234673","PTT",2022-10-26 20:02:00,2022-11-02 17:52:52,-35.662,NA,-42.416,173.698,"B",597052
"CP9099","RWLG","KK","F","234673","PTT",2022-10-26 17:55:00,2022-11-02 17:05:21,-35.662,NA,-42.416,173.675,"3",601821
"CP9099","RWLG","KK","F","234673","PTT",2022-10-26 20:02:00,2022-11-02 17:05:21,-35.662,NA,-42.416,173.675,"3",594201
"CP9099","RWLG","KK","F","234673","PTT",2022-10-26 17:55:00,2022-11-02 17:05:21,36.386,3.7006,-42.416,173.675,"3",601821
"CP9099","RWLG","KK","F","234673","PTT",2022-10-26 20:02:00,2022-11-02 17:05:21,36.386,3.7006,-42.416,173.675,"3",594201
"CP9099","RWLG","KK","F","234673","PTT",2022-10-26 17:55:00,2022-11-02 16:14:07,35.438,3.7322,-42.416,173.685,"2",598747
"CP9099","RWLG","KK","F","234673","PTT",2022-10-26 20:02:00,2022-11-02 16:14:07,35.438,3.7322,-42.416,173.685,"2",591127
"CP9099","RWLG","KK","F","234673","PTT",2022-10-26 17:55:00,2022-11-02 16:14:07,-35.662,NA,-42.416,173.685,"2",598747
"CP9099","RWLG","KK","F","234673","PTT",2022-10-26 20:02:00,2022-11-02 16:14:07,-35.662,NA,-42.416,173.685,"2",591127
"CP9099","RWLG","KK","F","234673","PTT",2022-10-26 17:55:00,2022-11-02 17:52:52,-35.662,NA,-42.416,173.698,"B",604672
"CP9099","RWLG","KK","F","234673","PTT",2022-10-26 20:02:00,2022-11-02 17:52:52,-35.662,NA,-42.416,173.698,"B",597052
"CP9099","RWLG","KK","F","234673","PTT",2022-10-26 17:55:00,2022-10-26 20:53:16,-35.662,NA,-42.412,173.705,"B",10696
"CP9099","RWLG","KK","F","234673","PTT",2022-10-26 20:02:00,2022-10-26 20:53:16,-35.662,NA,-42.412,173.705,"B",3076
"CP9099","RWLG","KK","F","234673","PTT",2022-10-26 17:55:00,2022-10-27 06:34:34,-35.662,NA,-42.423,173.709,"2",45574
"CP9099","RWLG","KK","F","234673","PTT",2022-10-26 20:02:00,2022-10-27 06:34:34,-35.662,NA,-42.423,173.709,"2",37954
"CP9099","RWLG","KK","F","234673","PTT",2022-10-26 17:55:00,2022-10-27 06:34:34,37.808,3.7559,-42.423,173.709,"2",45574
"CP9099","RWLG","KK","F","234673","PTT",2022-10-26 20:02:00,2022-10-27 06:34:34,37.808,3.7559,-42.423,173.709,"2",37954
"CP9099","RWLG","KK","F","234673","PTT",2022-10-26 17:55:00,2022-10-27 05:29:27,-35.662,NA,-42.435,173.624,"0",41667
"CP9099","RWLG","KK","F","234673","PTT",2022-10-26 20:02:00,2022-10-27 05:29:27,-35.662,NA,-42.435,173.624,"0",34047
"CP9099","RWLG","KK","F","234673","PTT",2022-10-26 17:55:00,2022-10-27 04:53:00,-35.662,NA,-42.43,173.667,"B",39480
"CP9099","RWLG","KK","F","234673","PTT",2022-10-26 20:02:00,2022-10-27 04:53:00,-35.662,NA,-42.43,173.667,"B",31860
"CP9099","RWLG","KK","F","234673","PTT",2022-10-26 17:55:00,2022-10-27 04:30:31,-35.662,NA,-42.407,173.681,"B",38131
"CP9099","RWLG","KK","F","234673","PTT",2022-10-26 20:02:00,2022-10-27 04:30:31,-35.662,NA,-42.407,173.681,"B",30511
"CP9099","RWLG","KK","F","234673","PTT",2022-10-26 17:55:00,2022-10-27 04:22:10,33.068,3.7559,-42.437,173.626,"1",37630
"CP9099","RWLG","KK","F","234673","PTT",2022-10-26 20:02:00,2022-10-27 04:22:10,33.068,3.7559,-42.437,173.626,"1",30010
"CP9099","RWLG","KK","F","234673","PTT",2022-10-26 17:55:00,2022-10-27 04:22:10,-35.662,NA,-42.437,173.626,"1",37630
"CP9099","RWLG","KK","F","234673","PTT",2022-10-26 20:02:00,2022-10-27 04:22:10,-35.662,NA,-42.437,173.626,"1",30010
"CP9099","RWLG","KK","F","234673","PTT",2022-10-26 17:55:00,2022-10-27 03:48:24,-35.662,NA,-42.406,173.711,"B",35604
"CP9099","RWLG","KK","F","234673","PTT",2022-10-26 20:02:00,2022-10-27 03:48:24,-35.662,NA,-42.406,173.711,"B",27984
"CP9099","RWLG","KK","F","234673","PTT",2022-10-26 17:55:00,2022-10-27 02:57:37,28.802,3.7322,-42.414,173.66,"B",32557
"CP9099","RWLG","KK","F","234673","PTT",2022-10-26 20:02:00,2022-10-27 02:57:37,28.802,3.7322,-42.414,173.66,"B",24937
"CP9099","RWLG","KK","F","234673","PTT",2022-10-26 17:55:00,2022-10-27 02:57:37,-35.662,NA,-42.414,173.66,"B",32557
"CP9099","RWLG","KK","F","234673","PTT",2022-10-26 20:02:00,2022-10-27 02:57:37,-35.662,NA,-42.414,173.66,"B",24937
"CP16609","RBOY","KK","M","234750","PTT",2022-10-28 07:26:00,2022-11-12 17:36:27,35.912,3.9613,-42.415,173.683,"B",1332627
"CP16918","RRGO","KK","M","66891_2","PTT",2022-10-28 22:57:00,2022-11-12 20:01:40,22.64,3.8349,-42.418,173.67,"1",1285480
"CP16918","RRGO","KK","M","66891_2","PTT",2022-10-28 22:57:00,2022-11-12 20:01:40,-35.662,NA,-42.418,173.67,"1",1285480
"CP16918","RRGO","KK","M","66891_2","PTT",2022-10-28 22:57:00,2022-11-12 20:01:40,22.64,3.8349,-42.418,173.67,"1",1285480
"CP16918","RRGO","KK","M","66891_2","PTT",2022-10-28 22:57:00,2022-11-12 21:07:30,-35.662,NA,-42.418,173.645,"B",1289430
"CP16918","RRGO","KK","M","66891_2","PTT",2022-10-28 22:57:00,2022-11-12 21:59:20,23.588,3.7559,-42.412,173.692,"2",1292540
"CP16918","RRGO","KK","M","66891_2","PTT",2022-10-28 22:57:00,2022-11-12 21:59:20,-35.662,NA,-42.412,173.692,"2",1292540
"CP16609","RBOY","KK","M","234750","PTT",2022-10-28 07:26:00,2022-11-12 20:02:47,33.542,3.8744,-42.414,173.669,"3",1341407
"CP16609","RBOY","KK","M","234750","PTT",2022-10-28 07:26:00,2022-11-12 20:02:47,-35.662,NA,-42.414,173.669,"3",1341407
"CP16609","RBOY","KK","M","234750","PTT",2022-10-28 07:26:00,2022-11-12 21:58:59,33.068,3.8349,-42.415,173.67,"2",1348379
"CP16609","RBOY","KK","M","234750","PTT",2022-10-28 07:26:00,2022-11-12 21:58:59,-35.662,NA,-42.415,173.67,"2",1348379
"CP16918","RRGO","KK","M","66891_2","PTT",2022-10-28 22:57:00,2022-11-13 07:29:09,30.224,3.7796,-42.399,173.668,"0",1326729
"CP16918","RRGO","KK","M","66891_2","PTT",2022-10-28 22:57:00,2022-11-13 07:29:09,31.646,3.7954,-42.399,173.668,"0",1326729
"CP16918","RRGO","KK","M","66891_2","PTT",2022-10-28 22:57:00,2022-11-13 07:29:09,-35.662,NA,-42.399,173.668,"0",1326729
"CP16918","RRGO","KK","M","66891_2","PTT",2022-10-28 22:57:00,2022-11-13 07:43:34,28.328,3.7875,-42.349,173.974,"0",1327594
"CP16918","RRGO","KK","M","66891_2","PTT",2022-10-28 22:57:00,2022-11-13 07:43:34,-35.662,NA,-42.349,173.974,"0",1327594
"CP16918","RRGO","KK","M","66891_2","PTT",2022-10-28 22:57:00,2022-11-13 07:43:34,26.432,3.8033,-42.349,173.974,"0",1327594
"CP16918","RRGO","KK","M","66891_2","PTT",2022-10-28 22:57:00,2022-11-13 08:29:06,-35.662,NA,-42.393,173.669,"B",1330326
"CP16918","RRGO","KK","M","66891_2","PTT",2022-10-28 22:57:00,2022-11-13 09:21:55,-35.662,NA,-42.413,173.689,"A",1333495
"CP9068","RBRL","KK","F","66903","PTT",2021-10-03 19:06:00,2022-11-13 09:23:56,-35.662,NA,-42.814,174.206,"B",35043476
"CP16609","RBOY","KK","M","234750","PTT",2022-10-28 07:26:00,2022-11-13 04:56:21,35.912,3.7322,-42.414,173.666,"3",1373421
"CP16609","RBOY","KK","M","234750","PTT",2022-10-28 07:26:00,2022-11-13 04:56:21,-35.662,NA,-42.414,173.666,"3",1373421
"CP16609","RBOY","KK","M","234750","PTT",2022-10-28 07:26:00,2022-11-13 05:50:28,36.86,3.7164,-42.412,173.682,"0",1376668
"CP16609","RBOY","KK","M","234750","PTT",2022-10-28 07:26:00,2022-11-13 05:50:28,-35.662,NA,-42.412,173.682,"0",1376668
"CP16609","RBOY","KK","M","234750","PTT",2022-10-28 07:26:00,2022-11-13 05:50:28,-35.662,NA,-42.417,173.665,"B",1376668
"CP16609","RBOY","KK","M","234750","PTT",2022-10-28 07:26:00,2022-11-13 06:29:12,38.282,3.7085,-42.419,173.668,"B",1378992
"CP16609","RBOY","KK","M","234750","PTT",2022-10-28 07:26:00,2022-11-13 07:28:45,38.282,3.7085,-42.415,173.659,"2",1382565
"CP16609","RBOY","KK","M","234750","PTT",2022-10-28 07:26:00,2022-11-13 07:28:45,-35.662,NA,-42.415,173.659,"2",1382565
"CP16609","RBOY","KK","M","234750","PTT",2022-10-28 07:26:00,2022-11-13 07:42:59,-35.662,NA,-42.416,173.666,"2",1383419
"CP16609","RBOY","KK","M","234750","PTT",2022-10-28 07:26:00,2022-11-13 08:29:32,40.652,3.7006,-42.411,173.666,"B",1386212
"CP16609","RBOY","KK","M","234750","PTT",2022-10-28 07:26:00,2022-11-13 08:29:32,-35.662,NA,-42.411,173.666,"B",1386212
"CP16609","RBOY","KK","M","234750","PTT",2022-10-28 07:26:00,2022-11-13 09:22:58,41.126,3.7164,-42.42,173.671,"1",1389418
"CP16609","RBOY","KK","M","234750","PTT",2022-10-28 07:26:00,2022-11-13 09:22:58,-35.662,NA,-42.42,173.671,"1",1389418
"CP16918","RRGO","KK","M","66891_2","PTT",2022-10-28 22:57:00,2022-11-13 15:28:23,29.276,3.9929,-42.343,173.143,"B",1355483
"CP16918","RRGO","KK","M","66891_2","PTT",2022-10-28 22:57:00,2022-11-13 17:09:11,26.432,3.9929,-42.407,173.651,"0",1361531
"CP16617","RBWO","KK","M","66967","PTT",2022-10-29 14:35:00,2022-12-13 16:35:07,-35.662,NA,-42.372,173.652,"1",3895207
"CP16111","RBGB","KK","F","234672","PTT",2022-10-26 18:35:00,2022-12-13 16:36:00,-35.662,NA,-42.418,173.676,"A",4140060
"CP16111","RBGB","KK","F","234672","PTT",2022-10-26 18:35:00,2022-12-13 19:34:17,-35.662,NA,-42.382,173.711,"B",4150757
"CP16111","RBGB","KK","F","234672","PTT",2022-10-26 18:35:00,2022-12-13 20:34:21,33.542,3.6848,-42.419,173.677,"3",4154361
"CP16111","RBGB","KK","F","234672","PTT",2022-10-26 18:35:00,2022-12-13 20:34:21,-35.662,NA,-42.419,173.677,"3",4154361
"CP16609","RBOY","KK","M","234750","PTT",2022-10-28 07:26:00,2022-12-13 16:34:15,39.704,3.7006,-42.412,173.662,"3",4007295
"CP16609","RBOY","KK","M","234750","PTT",2022-10-28 07:26:00,2022-12-13 16:34:15,-35.662,NA,-42.412,173.662,"3",4007295
"CP16918","RRGO","KK","M","66891_2","PTT",2022-10-28 22:57:00,2022-12-14 05:38:12,-35.662,NA,-42.393,173.817,"0",3998472
"CP16918","RRGO","KK","M","66891_2","PTT",2022-10-28 22:57:00,2022-12-14 06:22:09,-35.662,NA,-42.519,173.738,"A",4001109
"CP16918","RRGO","KK","M","66891_2","PTT",2022-10-28 22:57:00,2022-12-14 06:22:17,-35.662,NA,-42.501,173.728,"B",4001117
"CP16918","RRGO","KK","M","66891_2","PTT",2022-10-28 22:57:00,2022-12-14 07:02:46,34.016,3.7954,-42.534,173.704,"B",4003546
"CP16918","RRGO","KK","M","66891_2","PTT",2022-10-28 22:57:00,2022-12-14 08:01:54,30.698,3.8349,-42.452,173.688,"0",4007094
"CP16918","RRGO","KK","M","66891_2","PTT",2022-10-28 22:57:00,2022-12-14 08:01:54,-35.662,NA,-42.452,173.688,"0",4007094
"CP16617","RBWO","KK","M","66967","PTT",2022-10-29 14:35:00,2022-12-14 08:40:47,-35.662,NA,-42.378,173.649,"0",3953147
"CP16918","RRGO","KK","M","66891_2","PTT",2022-10-28 22:57:00,2022-12-14 16:00:45,-35.662,NA,-42.377,173.616,"1",4035825
"CP16918","RRGO","KK","M","66891_2","PTT",2022-10-28 22:57:00,2022-12-14 16:00:45,28.328,4.0324,-42.377,173.616,"1",4035825
"CP16918","RRGO","KK","M","66891_2","PTT",2022-10-28 22:57:00,2022-12-14 16:18:55,27.38,4.0087,-42.414,173.69,"1",4036915
"CP16918","RRGO","KK","M","66891_2","PTT",2022-10-28 22:57:00,2022-12-14 16:18:55,-35.662,NA,-42.414,173.69,"1",4036915
"CP16918","RRGO","KK","M","66891_2","PTT",2022-10-28 22:57:00,2022-12-14 17:42:35,25.958,3.9376,-42.289,173.124,"A",4041935
"CP16918","RRGO","KK","M","66891_2","PTT",2022-10-28 22:57:00,2022-12-14 17:42:35,-35.662,NA,-42.289,173.124,"A",4041935
"CP16607","RROW","KK","M","66894","PTT",2022-10-27 12:20:00,2022-12-14 16:01:05,-35.662,NA,-42.416,173.656,"1",4160465
"CP16607","RROW","KK","M","66894","PTT",2022-10-27 12:20:00,2022-12-14 16:19:13,36.386,3.7085,-42.414,173.664,"2",4161553
"CP16607","RROW","KK","M","66894","PTT",2022-10-27 12:20:00,2022-12-14 16:19:13,-35.662,NA,-42.414,173.664,"2",4161553
"CP9068","RBRL","KK","F","66903","PTT",2021-10-03 19:06:00,2022-12-14 16:16:59,-35.662,NA,-42.42,173.653,"B",37746659
"CP16617","RBWO","KK","M","66967","PTT",2022-10-29 14:35:00,2022-12-14 15:56:30,-35.662,NA,-42.407,173.625,"0",3979290
"CP16617","RBWO","KK","M","66967","PTT",2022-10-29 14:35:00,2022-12-14 16:18:33,36.386,3.8033,-42.376,173.669,"3",3980613
"CP16617","RBWO","KK","M","66967","PTT",2022-10-29 14:35:00,2022-12-14 16:18:33,-35.662,NA,-42.376,173.669,"3",3980613
"CP16617","RBWO","KK","M","66967","PTT",2022-10-29 14:35:00,2022-12-14 17:39:28,-35.662,NA,-42.388,173.656,"A",3985468
"CP16617","RBWO","KK","M","66967","PTT",2022-10-29 14:35:00,2022-12-14 18:41:49,-35.662,NA,-42.39,173.639,"B",3989209
"CP16616","RBWR","KK","M","66969","PTT",2022-10-28 18:07:00,2022-12-14 16:01:51,26.906,3.7875,-42.413,173.662,"3",4053291
"CP16616","RBWR","KK","M","66969","PTT",2022-10-28 18:07:00,2022-12-14 16:01:51,-35.662,NA,-42.413,173.662,"3",4053291
"CP16616","RBWR","KK","M","66969","PTT",2022-10-28 18:07:00,2022-12-14 16:18:28,-35.662,NA,-42.417,173.677,"3",4054288
"CP16616","RBWR","KK","M","66969","PTT",2022-10-28 18:07:00,2022-12-14 16:18:28,34.964,3.7796,-42.417,173.677,"3",4054288
"CP16616","RBWR","KK","M","66969","PTT",2022-10-28 18:07:00,2022-12-14 17:40:54,35.438,3.748,-42.418,173.677,"B",4059234
"CP16616","RBWR","KK","M","66969","PTT",2022-10-28 18:07:00,2022-12-14 17:40:54,-35.662,NA,-42.418,173.677,"B",4059234
"CP16111","RBGB","KK","F","234672","PTT",2022-10-26 18:35:00,2022-12-14 16:00:45,39.23,4.0166,-42.411,173.674,"2",4224345
"CP16111","RBGB","KK","F","234672","PTT",2022-10-26 18:35:00,2022-12-14 16:00:45,39.23,4.0166,-42.411,173.674,"2",4224345
"CP16111","RBGB","KK","F","234672","PTT",2022-10-26 18:35:00,2022-12-14 16:00:45,37.808,4.0087,-42.411,173.674,"2",4224345
"CP16111","RBGB","KK","F","234672","PTT",2022-10-26 18:35:00,2022-12-14 16:00:45,38.282,4.0087,-42.411,173.674,"2",4224345
"CP16111","RBGB","KK","F","234672","PTT",2022-10-26 18:35:00,2022-12-14 16:00:45,38.282,4.0087,-42.411,173.674,"2",4224345
"CP16111","RBGB","KK","F","234672","PTT",2022-10-26 18:35:00,2022-12-14 16:17:20,38.756,4.0008,-42.42,173.68,"3",4225340
"CP16111","RBGB","KK","F","234672","PTT",2022-10-26 18:35:00,2022-12-14 16:17:20,38.756,3.9929,-42.42,173.68,"3",4225340
"CP16111","RBGB","KK","F","234672","PTT",2022-10-26 18:35:00,2022-12-14 16:17:20,38.756,3.9929,-42.42,173.68,"3",4225340
"CP16111","RBGB","KK","F","234672","PTT",2022-10-26 18:35:00,2022-12-14 16:17:20,38.756,3.9929,-42.42,173.68,"3",4225340
"CP16111","RBGB","KK","F","234672","PTT",2022-10-26 18:35:00,2022-12-14 16:17:20,38.756,3.9929,-42.42,173.68,"3",4225340
"CP16111","RBGB","KK","F","234672","PTT",2022-10-26 18:35:00,2022-12-14 17:38:37,35.438,3.9297,-42.419,173.662,"B",4230217
"CP16111","RBGB","KK","F","234672","PTT",2022-10-26 18:35:00,2022-12-14 17:38:37,35.438,3.9218,-42.419,173.662,"B",4230217
"CP16609","RBOY","KK","M","234750","PTT",2022-10-28 07:26:00,2022-12-14 16:01:51,37.334,3.6848,-42.41,173.672,"3",4091751
"CP16609","RBOY","KK","M","234750","PTT",2022-10-28 07:26:00,2022-12-14 16:01:51,-35.662,NA,-42.41,173.672,"3",4091751
"CP16609","RBOY","KK","M","234750","PTT",2022-10-28 07:26:00,2022-12-14 16:18:52,-35.662,NA,-42.414,173.672,"3",4092772
"CP16918","RRGO","KK","M","66891_2","PTT",2022-10-28 22:57:00,2022-12-14 17:52:15,-35.662,NA,-42.278,173.104,"B",4042515
"CP16918","RRGO","KK","M","66891_2","PTT",2022-10-28 22:57:00,2022-12-14 20:22:30,25.01,3.8428,-42.405,173.727,"0",4051530
"CP16918","RRGO","KK","M","66891_2","PTT",2022-10-28 22:57:00,2022-12-14 20:22:30,-35.662,NA,-42.405,173.727,"0",4051530
"CP16918","RRGO","KK","M","66891_2","PTT",2022-10-28 22:57:00,2022-12-14 20:22:30,24.536,3.8349,-42.405,173.727,"0",4051530
"CP16918","RRGO","KK","M","66891_2","PTT",2022-10-28 22:57:00,2022-12-14 20:57:06,26.906,3.8191,-42.405,173.686,"2",4053606
"CP16918","RRGO","KK","M","66891_2","PTT",2022-10-28 22:57:00,2022-12-14 20:57:06,-35.662,NA,-42.405,173.686,"2",4053606
"CP16617","RBWO","KK","M","66967","PTT",2022-10-29 14:35:00,2022-12-14 20:22:50,34.964,3.7085,-42.406,173.708,"3",3995270
"CP16918","RRGO","KK","M","66891_2","PTT",2022-10-28 22:57:00,2022-12-04 16:13:31,-35.662,NA,-42.427,173.725,"0",3172591
"CP16918","RRGO","KK","M","66891_2","PTT",2022-10-28 22:57:00,2022-12-04 16:13:31,33.068,3.9771,-42.427,173.725,"0",3172591
"CP16918","RRGO","KK","M","66891_2","PTT",2022-10-28 22:57:00,2022-12-04 16:13:31,35.912,3.985,-42.427,173.725,"0",3172591
"CP16918","RRGO","KK","M","66891_2","PTT",2022-10-28 22:57:00,2022-12-04 15:59:07,-35.662,NA,-42.393,173.717,"B",3171727
"CP16918","RRGO","KK","M","66891_2","PTT",2022-10-28 22:57:00,2022-12-04 15:59:07,22.166,4.0087,-42.393,173.717,"B",3171727
"CP16617","RBWO","KK","M","66967","PTT",2022-10-29 14:35:00,2022-12-04 08:47:24,-35.662,NA,-42.379,173.677,"1",3089544
"CP16617","RBWO","KK","M","66967","PTT",2022-10-29 14:35:00,2022-12-04 08:47:24,43.022,3.7243,-42.379,173.677,"1",3089544
"CP16617","RBWO","KK","M","66967","PTT",2022-10-29 14:35:00,2022-12-04 08:24:02,-35.662,NA,-42.351,173.343,"B",3088142
"CP9068","RBRL","KK","F","66903","PTT",2021-10-03 19:06:00,2022-12-04 08:46:39,-35.662,NA,-42.354,173.595,"1",36855639
"CP9068","RBRL","KK","F","66903","PTT",2021-10-03 19:06:00,2022-12-04 08:46:39,37.334,3.7717,-42.354,173.595,"1",36855639
"CP16918","RRGO","KK","M","66891_2","PTT",2022-10-28 22:57:00,2022-12-04 10:29:31,-35.662,NA,-42.53,173.604,"B",3151951
"CP16918","RRGO","KK","M","66891_2","PTT",2022-10-28 22:57:00,2022-12-04 08:48:46,-35.662,NA,-42.481,173.605,"0",3145906
"CP16918","RRGO","KK","M","66891_2","PTT",2022-10-28 22:57:00,2022-12-04 08:48:46,34.964,3.9455,-42.481,173.605,"0",3145906
"CP16918","RRGO","KK","M","66891_2","PTT",2022-10-28 22:57:00,2022-12-04 07:09:31,-35.662,NA,-42.4,173.65,"B",3139951
"CP16918","RRGO","KK","M","66891_2","PTT",2022-10-28 22:57:00,2022-12-04 06:54:08,-35.662,NA,-42.415,173.661,"B",3139028
"CP16918","RRGO","KK","M","66891_2","PTT",2022-10-28 22:57:00,2022-12-04 06:40:18,28.802,3.8112,-42.417,173.665,"0",3138198
"CP16918","RRGO","KK","M","66891_2","PTT",2022-10-28 22:57:00,2022-12-04 06:40:18,28.328,3.7875,-42.417,173.665,"0",3138198
"CP16918","RRGO","KK","M","66891_2","PTT",2022-10-28 22:57:00,2022-12-04 06:40:18,-35.662,NA,-42.417,173.665,"0",3138198
"CP16918","RRGO","KK","M","66891_2","PTT",2022-10-28 22:57:00,2022-12-04 06:40:18,28.802,3.7875,-42.417,173.665,"0",3138198
"CP16918","RRGO","KK","M","66891_2","PTT",2022-10-28 22:57:00,2022-12-04 06:40:18,25.958,3.7954,-42.417,173.665,"0",3138198
"CP16918","RRGO","KK","M","66891_2","PTT",2022-10-28 22:57:00,2022-12-04 06:34:32,-35.662,NA,-42.501,173.729,"3",3137852
"CP16918","RRGO","KK","M","66891_2","PTT",2022-10-28 22:57:00,2022-12-04 06:34:32,29.75,3.7954,-42.501,173.729,"3",3137852
"CP16918","RRGO","KK","M","66891_2","PTT",2022-10-28 22:57:00,2022-12-03 21:28:02,-35.662,NA,-42.42,173.728,"0",3105062
"CP16918","RRGO","KK","M","66891_2","PTT",2022-10-28 22:57:00,2022-12-03 21:28:02,22.64,3.7717,-42.42,173.728,"0",3105062
"CP16918","RRGO","KK","M","66891_2","PTT",2022-10-28 22:57:00,2022-12-03 20:53:21,-35.662,NA,-42.413,173.681,"2",3102981
"CP16918","RRGO","KK","M","66891_2","PTT",2022-10-28 22:57:00,2022-12-03 20:53:21,23.114,3.7875,-42.413,173.681,"2",3102981
"CP16918","RRGO","KK","M","66891_2","PTT",2022-10-28 22:57:00,2022-12-03 19:09:33,18.374,3.8586,-42.478,173.764,"B",3096753
"CP9099","RWLG","KK","F","234673","PTT",2022-10-26 17:55:00,2022-12-03 16:44:18,-35.662,NA,-42.415,173.665,"1",3278958
"CP9099","RWLG","KK","F","234673","PTT",2022-10-26 20:02:00,2022-12-03 16:44:18,-35.662,NA,-42.415,173.665,"1",3271338
"CP9099","RWLG","KK","F","234673","PTT",2022-10-26 17:55:00,2022-12-03 16:44:18,35.912,3.6848,-42.415,173.665,"1",3278958
"CP9099","RWLG","KK","F","234673","PTT",2022-10-26 20:02:00,2022-12-03 16:44:18,35.912,3.6848,-42.415,173.665,"1",3271338
"CP9099","RWLG","KK","F","234673","PTT",2022-10-26 17:55:00,2022-12-03 16:16:22,-35.662,NA,-42.414,173.673,"A",3277282
"CP9099","RWLG","KK","F","234673","PTT",2022-10-26 20:02:00,2022-12-03 16:16:22,-35.662,NA,-42.414,173.673,"A",3269662
"CP9099","RWLG","KK","F","234673","PTT",2022-10-26 17:55:00,2022-12-03 16:16:22,36.86,3.6848,-42.414,173.673,"A",3277282
"CP9099","RWLG","KK","F","234673","PTT",2022-10-26 20:02:00,2022-12-03 16:16:22,36.86,3.6848,-42.414,173.673,"A",3269662
"CP16918","RRGO","KK","M","66891_2","PTT",2022-10-28 22:57:00,2022-12-03 17:48:58,-35.662,NA,-42.457,173.778,"B",3091918
"CP16918","RRGO","KK","M","66891_2","PTT",2022-10-28 22:57:00,2022-12-03 16:44:42,-35.662,NA,-42.442,173.785,"0",3088062
"CP16918","RRGO","KK","M","66891_2","PTT",2022-10-28 22:57:00,2022-12-03 16:44:42,25.01,3.9376,-42.442,173.785,"0",3088062
"CP16918","RRGO","KK","M","66891_2","PTT",2022-10-28 22:57:00,2022-12-03 16:44:42,25.958,3.9376,-42.442,173.785,"0",3088062
"CP16918","RRGO","KK","M","66891_2","PTT",2022-10-28 22:57:00,2022-12-03 16:16:17,-35.662,NA,-42.415,173.671,"3",3086357
"CP16918","RRGO","KK","M","66891_2","PTT",2022-10-28 22:57:00,2022-12-03 16:16:17,27.854,3.9534,-42.415,173.671,"3",3086357
"CP9099","RWLG","KK","F","234673","PTT",2022-10-26 17:55:00,2022-10-27 15:38:59,-35.662,NA,-42.439,173.619,"1",78239
"CP9099","RWLG","KK","F","234673","PTT",2022-10-26 20:02:00,2022-10-27 15:38:59,-35.662,NA,-42.439,173.619,"1",70619
"CP9099","RWLG","KK","F","234673","PTT",2022-10-26 17:55:00,2022-10-27 15:38:59,31.646,3.6848,-42.439,173.619,"1",78239
"CP9099","RWLG","KK","F","234673","PTT",2022-10-26 20:02:00,2022-10-27 15:38:59,31.646,3.6848,-42.439,173.619,"1",70619
"CP9099","RWLG","KK","F","234673","PTT",2022-10-26 17:55:00,2022-10-27 15:10:12,31.172,3.6848,-42.415,173.672,"A",76512
"CP9099","RWLG","KK","F","234673","PTT",2022-10-26 20:02:00,2022-10-27 15:10:12,31.172,3.6848,-42.415,173.672,"A",68892
"CP9099","RWLG","KK","F","234673","PTT",2022-10-26 17:55:00,2022-10-27 15:10:12,-35.662,NA,-42.415,173.672,"A",76512
"CP9099","RWLG","KK","F","234673","PTT",2022-10-26 20:02:00,2022-10-27 15:10:12,-35.662,NA,-42.415,173.672,"A",68892
"CP9099","RWLG","KK","F","234673","PTT",2022-10-26 17:55:00,2022-10-27 14:00:38,-35.662,NA,-42.427,173.683,"1",72338
"CP9099","RWLG","KK","F","234673","PTT",2022-10-26 20:02:00,2022-10-27 14:00:38,-35.662,NA,-42.427,173.683,"1",64718
"CP16918","RRGO","KK","M","66891_2","PTT",2022-10-28 22:57:00,2022-12-04 17:33:34,-35.662,NA,-42.413,173.655,"B",3177394
"CP16918","RRGO","KK","M","66891_2","PTT",2022-10-28 22:57:00,2022-12-04 17:33:34,27.38,3.985,-42.413,173.655,"B",3177394
"CP16616","RBWR","KK","M","66969","PTT",2022-10-28 18:07:00,2022-12-04 16:13:45,34.964,3.748,-42.418,173.68,"1",3190005
"CP16616","RBWR","KK","M","66969","PTT",2022-10-28 18:07:00,2022-12-04 16:13:45,-35.662,NA,-42.418,173.68,"1",3190005
"CP16616","RBWR","KK","M","66969","PTT",2022-10-28 18:07:00,2022-12-04 17:32:29,-35.662,NA,-42.429,173.683,"B",3194729
"CP16616","RBWR","KK","M","66969","PTT",2022-10-28 18:07:00,2022-12-04 17:32:29,31.646,3.7085,-42.429,173.683,"B",3194729
"CP16616","RBWR","KK","M","66969","PTT",2022-10-28 18:07:00,2022-12-04 17:53:13,-35.662,NA,-42.401,173.685,"A",3195973
"CP9099","RWLG","KK","F","234673","PTT",2022-10-26 17:55:00,2022-12-04 16:00:27,37.808,3.6848,-42.415,173.683,"A",3362727
"CP9099","RWLG","KK","F","234673","PTT",2022-10-26 20:02:00,2022-12-04 16:00:27,37.808,3.6848,-42.415,173.683,"A",3355107
"CP9099","RWLG","KK","F","234673","PTT",2022-10-26 17:55:00,2022-12-04 16:00:27,-35.662,NA,-42.415,173.683,"A",3362727
"CP9099","RWLG","KK","F","234673","PTT",2022-10-26 20:02:00,2022-12-04 16:00:27,-35.662,NA,-42.415,173.683,"A",3355107
"CP9099","RWLG","KK","F","234673","PTT",2022-10-26 17:55:00,2022-12-04 16:12:58,41.126,3.6848,-42.419,173.68,"0",3363478
"CP9099","RWLG","KK","F","234673","PTT",2022-10-26 20:02:00,2022-12-04 16:12:58,41.126,3.6848,-42.419,173.68,"0",3355858
"CP9099","RWLG","KK","F","234673","PTT",2022-10-26 17:55:00,2022-12-04 16:12:58,-35.662,NA,-42.419,173.68,"0",3363478
"CP9099","RWLG","KK","F","234673","PTT",2022-10-26 20:02:00,2022-12-04 16:12:58,-35.662,NA,-42.419,173.68,"0",3355858
"CP16609","RBOY","KK","M","234750","PTT",2022-10-28 07:26:00,2022-12-04 17:33:06,-35.662,NA,-42.42,173.669,"B",3233226
"CP16609","RBOY","KK","M","234750","PTT",2022-10-28 07:26:00,2022-12-04 17:52:40,-35.662,NA,-42.424,173.672,"B",3234400
"CP16918","RRGO","KK","M","66891_2","PTT",2022-10-28 22:57:00,2022-12-04 18:59:55,22.64,4.2615,-42.42,173.637,"B",3182575
"CP16918","RRGO","KK","M","66891_2","PTT",2022-10-28 22:57:00,2022-12-04 22:42:45,-35.662,NA,-42.444,173.627,"B",3195945
"CP16616","RBWR","KK","M","66969","PTT",2022-10-28 18:07:00,2022-12-04 17:53:13,-35.662,NA,-42.402,173.683,"A",3195973
"CP16617","RBWO","KK","M","66967","PTT",2022-10-29 14:35:00,2022-12-05 08:27:34,-35.662,NA,-42.377,173.608,"0",3174754
"CP16617","RBWO","KK","M","66967","PTT",2022-10-29 14:35:00,2022-12-05 08:27:34,40.652,3.7243,-42.377,173.608,"0",3174754
"CP16617","RBWO","KK","M","66967","PTT",2022-10-29 14:35:00,2022-12-05 08:09:37,-35.662,NA,-42.361,173.658,"B",3173677
"CP9068","RBRL","KK","F","66903","PTT",2021-10-03 19:06:00,2022-12-05 06:01:42,-35.662,NA,-42.331,173.622,"B",36932142
"CP9068","RBRL","KK","F","66903","PTT",2021-10-03 19:06:00,2022-12-05 05:02:38,-35.662,NA,-42.327,173.618,"A",36928598
"CP9068","RBRL","KK","F","66903","PTT",2021-10-03 19:06:00,2022-12-05 05:02:38,32.12,3.7164,-42.327,173.618,"A",36928598
"CP9068","RBRL","KK","F","66903","PTT",2021-10-03 19:06:00,2022-12-05 04:47:20,-35.662,NA,-42.518,173.435,"B",36927680
"CP16918","RRGO","KK","M","66891_2","PTT",2022-10-28 22:57:00,2022-12-05 08:28:27,-35.662,NA,-42.388,173.459,"0",3231087
"CP16918","RRGO","KK","M","66891_2","PTT",2022-10-28 22:57:00,2022-12-05 08:28:27,39.23,4.0008,-42.388,173.459,"0",3231087
"CP16918","RRGO","KK","M","66891_2","PTT",2022-10-28 22:57:00,2022-12-05 08:28:27,37.334,3.9929,-42.388,173.459,"0",3231087
"CP16918","RRGO","KK","M","66891_2","PTT",2022-10-28 22:57:00,2022-12-05 08:06:41,34.016,3.9692,-42.399,173.6,"A",3229781
"CP16918","RRGO","KK","M","66891_2","PTT",2022-10-28 22:57:00,2022-12-05 08:06:41,-35.662,NA,-42.399,173.6,"A",3229781
"CP16918","RRGO","KK","M","66891_2","PTT",2022-10-28 22:57:00,2022-12-05 08:06:41,36.86,4.0245,-42.399,173.6,"A",3229781
"CP16918","RRGO","KK","M","66891_2","PTT",2022-10-28 22:57:00,2022-12-05 06:35:06,-35.662,NA,-42.438,173.615,"B",3224286
"CP16918","RRGO","KK","M","66891_2","PTT",2022-10-28 22:57:00,2022-12-05 06:28:53,-35.662,NA,-42.439,173.617,"0",3223913
"CP16918","RRGO","KK","M","66891_2","PTT",2022-10-28 22:57:00,2022-12-05 06:28:53,29.75,3.827,-42.439,173.617,"0",3223913
"CP16918","RRGO","KK","M","66891_2","PTT",2022-10-28 22:57:00,2022-12-05 06:28:53,28.802,3.827,-42.439,173.617,"0",3223913
"CP16918","RRGO","KK","M","66891_2","PTT",2022-10-28 22:57:00,2022-12-05 06:04:34,-35.662,NA,-42.404,173.674,"0",3222454
"CP16918","RRGO","KK","M","66891_2","PTT",2022-10-28 22:57:00,2022-12-05 06:04:34,26.906,3.827,-42.404,173.674,"0",3222454
"CP16609","RBOY","KK","M","234750","PTT",2022-10-28 07:26:00,2022-12-04 18:58:28,-35.662,NA,-42.408,173.678,"B",3238348
"CP16609","RBOY","KK","M","234750","PTT",2022-10-28 07:26:00,2022-12-04 17:52:40,-35.662,NA,-42.422,173.673,"B",3234400
"CP9099","RWLG","KK","F","234673","PTT",2022-10-26 17:55:00,2022-10-27 15:38:59,31.646,3.6848,-42.438,173.621,"1",78239
"CP9099","RWLG","KK","F","234673","PTT",2022-10-26 20:02:00,2022-10-27 15:38:59,31.646,3.6848,-42.438,173.621,"1",70619
"CP9099","RWLG","KK","F","234673","PTT",2022-10-26 17:55:00,2022-10-27 15:38:59,-35.662,NA,-42.438,173.621,"1",78239
"CP9099","RWLG","KK","F","234673","PTT",2022-10-26 20:02:00,2022-10-27 15:38:59,-35.662,NA,-42.438,173.621,"1",70619
"CP16918","RRGO","KK","M","66891_2","PTT",2022-10-28 22:57:00,2022-12-05 15:46:06,-35.662,NA,-42.433,173.611,"B",3257346
"CP16918","RRGO","KK","M","66891_2","PTT",2022-10-28 22:57:00,2022-12-05 15:44:15,-35.662,NA,-42.433,173.611,"0",3257235
"CP9099","RWLG","KK","F","234673","PTT",2022-10-26 17:55:00,2022-12-05 15:42:26,-35.662,NA,-42.406,173.673,"1",3448046
"CP9099","RWLG","KK","F","234673","PTT",2022-10-26 20:02:00,2022-12-05 15:42:26,-35.662,NA,-42.406,173.673,"1",3440426
"CP16918","RRGO","KK","M","66891_2","PTT",2022-10-28 22:57:00,2022-12-05 21:30:45,-35.662,NA,-42.424,173.623,"B",3278025
"CP16918","RRGO","KK","M","66891_2","PTT",2022-10-28 22:57:00,2022-12-06 05:31:48,-35.662,NA,-42.375,173.643,"B",3306888
"CP16918","RRGO","KK","M","66891_2","PTT",2022-10-28 22:57:00,2022-12-06 06:15:36,30.224,3.8191,-42.49,173.689,"0",3309516
"CP16918","RRGO","KK","M","66891_2","PTT",2022-10-28 22:57:00,2022-12-06 06:15:36,-35.662,NA,-42.49,173.689,"0",3309516
"CP16918","RRGO","KK","M","66891_2","PTT",2022-10-28 22:57:00,2022-12-06 06:20:36,-35.662,NA,-42.454,173.65,"B",3309816
"CP16918","RRGO","KK","M","66891_2","PTT",2022-10-28 22:57:00,2022-12-06 07:11:39,-35.662,NA,-42.488,173.664,"B",3312879
"CP16918","RRGO","KK","M","66891_2","PTT",2022-10-28 22:57:00,2022-12-06 07:57:39,35.912,4.0245,-42.469,173.726,"A",3315639
"CP16918","RRGO","KK","M","66891_2","PTT",2022-10-28 22:57:00,2022-12-06 07:57:39,-35.662,NA,-42.469,173.726,"A",3315639
"CP16918","RRGO","KK","M","66891_2","PTT",2022-10-28 22:57:00,2022-12-06 08:07:01,40.178,4.0166,-42.426,173.703,"0",3316201
"CP16918","RRGO","KK","M","66891_2","PTT",2022-10-28 22:57:00,2022-12-06 08:07:01,42.074,3.8744,-42.426,173.703,"0",3316201
"CP16918","RRGO","KK","M","66891_2","PTT",2022-10-28 22:57:00,2022-12-06 08:07:01,-35.662,NA,-42.426,173.703,"0",3316201
"CP16617","RBWO","KK","M","66967","PTT",2022-10-29 14:35:00,2022-12-06 06:17:02,42.074,3.7559,-42.368,173.606,"2",3253322
"CP16617","RBWO","KK","M","66967","PTT",2022-10-29 14:35:00,2022-12-06 06:17:02,-35.662,NA,-42.368,173.606,"2",3253322
"CP16617","RBWO","KK","M","66967","PTT",2022-10-29 14:35:00,2022-12-06 07:11:37,-35.662,NA,-42.381,173.612,"B",3256597
"CP16617","RBWO","KK","M","66967","PTT",2022-10-29 14:35:00,2022-12-06 08:06:34,-35.662,NA,-42.378,173.648,"2",3259894
"CP16918","RRGO","KK","M","66891_2","PTT",2022-10-28 22:57:00,2022-12-06 16:51:18,24.062,3.9534,-42.419,173.69,"0",3347658
"CP16617","RBWO","KK","M","66967","PTT",2022-10-29 14:35:00,2022-12-14 20:22:50,-35.662,NA,-42.406,173.708,"3",3995270
"CP16616","RBWR","KK","M","66969","PTT",2022-10-28 18:07:00,2022-12-14 17:52:10,-35.662,NA,-42.42,173.68,"B",4059910
"CP16111","RBGB","KK","F","234672","PTT",2022-10-26 18:35:00,2022-12-14 20:23:35,34.016,3.8428,-42.417,173.683,"3",4240115
"CP16111","RBGB","KK","F","234672","PTT",2022-10-26 18:35:00,2022-12-14 20:23:35,-35.662,NA,-42.417,173.683,"3",4240115
"CP16111","RBGB","KK","F","234672","PTT",2022-10-26 18:35:00,2022-12-14 20:57:39,34.016,3.827,-42.421,173.615,"2",4242159
"CP16111","RBGB","KK","F","234672","PTT",2022-10-26 18:35:00,2022-12-14 20:57:39,-35.662,NA,-42.421,173.615,"2",4242159
"CP16111","RBGB","KK","F","234672","PTT",2022-10-26 18:35:00,2022-12-14 21:45:21,-35.662,NA,-42.427,173.616,"A",4245021
"CP16111","RBGB","KK","F","234672","PTT",2022-10-26 18:35:00,2022-12-14 21:45:21,33.068,3.8112,-42.427,173.616,"A",4245021
"CP16111","RBGB","KK","F","234672","PTT",2022-10-26 18:35:00,2022-12-14 22:37:46,-35.662,NA,-42.428,173.608,"A",4248166
"CP16111","RBGB","KK","F","234672","PTT",2022-10-26 18:35:00,2022-12-14 22:37:46,32.594,3.7954,-42.428,173.608,"A",4248166
"CP16918","RRGO","KK","M","66891_2","PTT",2022-10-28 22:57:00,2022-12-15 15:30:56,-35.662,NA,-42.255,173.168,"B",4120436
"CP16918","RRGO","KK","M","66891_2","PTT",2022-10-28 22:57:00,2022-12-15 16:00:43,-35.662,NA,-42.385,173.653,"B",4122223
"CP16918","RRGO","KK","M","66891_2","PTT",2022-10-28 22:57:00,2022-12-15 16:00:43,34.016,4.0008,-42.385,173.653,"B",4122223
"CP16918","RRGO","KK","M","66891_2","PTT",2022-10-28 22:57:00,2022-12-15 17:10:02,27.38,4.0008,-42.419,173.72,"1",4126382
"CP16918","RRGO","KK","M","66891_2","PTT",2022-10-28 22:57:00,2022-12-15 17:10:02,-35.662,NA,-42.419,173.72,"1",4126382
"CP16918","RRGO","KK","M","66891_2","PTT",2022-10-28 22:57:00,2022-12-15 17:35:12,-35.662,NA,-42.42,173.713,"B",4127892
"CP16918","RRGO","KK","M","66891_2","PTT",2022-10-28 22:57:00,2022-12-15 21:25:19,-35.662,NA,-42.413,173.688,"B",4141699
"CP16918","RRGO","KK","M","66891_2","PTT",2022-10-28 22:57:00,2022-12-15 22:15:53,24.062,3.7954,-42.418,173.671,"1",4144733
"CP16918","RRGO","KK","M","66891_2","PTT",2022-10-28 22:57:00,2022-12-15 22:15:53,-35.662,NA,-42.418,173.671,"1",4144733
"CP16918","RRGO","KK","M","66891_2","PTT",2022-10-28 22:57:00,2022-12-16 06:59:47,-35.662,NA,-42.396,173.683,"A",4176167
"CP16918","RRGO","KK","M","66891_2","PTT",2022-10-28 22:57:00,2022-12-16 07:38:04,29.75,3.8191,-42.421,173.66,"2",4178464
"CP16918","RRGO","KK","M","66891_2","PTT",2022-10-28 22:57:00,2022-12-16 07:38:04,-35.662,NA,-42.421,173.66,"2",4178464
"CP16918","RRGO","KK","M","66891_2","PTT",2022-10-28 22:57:00,2022-12-16 07:59:06,34.49,3.8191,-42.441,173.689,"0",4179726
"CP16918","RRGO","KK","M","66891_2","PTT",2022-10-28 22:57:00,2022-12-16 07:59:06,-35.662,NA,-42.441,173.689,"0",4179726
"CP16918","RRGO","KK","M","66891_2","PTT",2022-10-28 22:57:00,2022-12-16 07:59:06,28.802,3.8349,-42.441,173.689,"0",4179726
"CP9068","RBRL","KK","F","66903","PTT",2021-10-03 19:06:00,2022-12-16 07:59:10,32.594,3.7164,-42.421,173.703,"2",37889590
"CP9068","RBRL","KK","F","66903","PTT",2021-10-03 19:06:00,2022-12-16 07:59:10,-35.662,NA,-42.421,173.703,"2",37889590
"CP9068","RBRL","KK","F","66903","PTT",2021-10-03 19:06:00,2022-12-16 07:59:10,33.068,3.7164,-42.421,173.703,"2",37889590
"CP16617","RBWO","KK","M","66967","PTT",2022-10-29 14:35:00,2022-12-16 07:57:46,40.178,3.7322,-42.363,173.631,"2",4123366
"CP16617","RBWO","KK","M","66967","PTT",2022-10-29 14:35:00,2022-12-16 07:57:46,-35.662,NA,-42.363,173.631,"2",4123366
"CP16918","RRGO","KK","M","66891_2","PTT",2022-10-28 22:57:00,2022-12-16 16:38:17,34.49,3.9929,-42.412,173.661,"1",4210877
"CP16918","RRGO","KK","M","66891_2","PTT",2022-10-28 22:57:00,2022-12-16 16:38:17,-35.662,NA,-42.412,173.661,"1",4210877
"CP16918","RRGO","KK","M","66891_2","PTT",2022-10-28 22:57:00,2022-12-16 16:38:17,34.964,3.9929,-42.412,173.661,"1",4210877
"CP16918","RRGO","KK","M","66891_2","PTT",2022-10-28 22:57:00,2022-12-16 17:18:28,-35.662,NA,-42.429,173.684,"A",4213288
"CP16918","RRGO","KK","M","66891_2","PTT",2022-10-28 22:57:00,2022-12-16 17:18:28,31.172,4.0245,-42.429,173.684,"A",4213288
"CP16616","RBWR","KK","M","66969","PTT",2022-10-28 18:07:00,2022-12-16 16:38:07,39.704,3.8191,-42.42,173.681,"1",4228267
"CP16616","RBWR","KK","M","66969","PTT",2022-10-28 18:07:00,2022-12-16 16:38:07,-35.662,NA,-42.42,173.681,"1",4228267
"CP16616","RBWR","KK","M","66969","PTT",2022-10-28 18:07:00,2022-12-16 16:38:07,39.23,3.8191,-42.42,173.681,"1",4228267
"CP16616","RBWR","KK","M","66969","PTT",2022-10-28 18:07:00,2022-12-16 17:18:05,-35.662,NA,-42.419,173.681,"B",4230665
"CP16111","RBGB","KK","F","234672","PTT",2022-10-26 18:35:00,2022-12-16 16:37:57,44.444,3.8428,-42.421,173.672,"2",4399377
"CP16111","RBGB","KK","F","234672","PTT",2022-10-26 18:35:00,2022-12-16 16:37:57,-35.662,NA,-42.421,173.672,"2",4399377
"CP16111","RBGB","KK","F","234672","PTT",2022-10-26 18:35:00,2022-12-16 17:19:30,40.178,3.8112,-42.417,173.678,"B",4401870
"CP16111","RBGB","KK","F","234672","PTT",2022-10-26 18:35:00,2022-12-16 17:19:30,-35.662,NA,-42.417,173.678,"B",4401870
"CP16609","RBOY","KK","M","234750","PTT",2022-10-28 07:26:00,2022-12-16 16:39:26,34.016,3.748,-42.38,173.638,"0",4266806
"CP16609","RBOY","KK","M","234750","PTT",2022-10-28 07:26:00,2022-12-16 16:39:26,-35.662,NA,-42.38,173.638,"0",4266806
"CP16609","RBOY","KK","M","234750","PTT",2022-10-28 07:26:00,2022-12-16 17:18:08,-35.662,NA,-42.375,173.683,"B",4269128
"CP16918","RRGO","KK","M","66891_2","PTT",2022-10-28 22:57:00,2022-12-16 21:55:27,25.958,3.8349,-42.415,173.661,"3",4229907
"CP16918","RRGO","KK","M","66891_2","PTT",2022-10-28 22:57:00,2022-12-16 21:55:27,-35.662,NA,-42.415,173.661,"3",4229907
"CP16616","RBWR","KK","M","66969","PTT",2022-10-28 18:07:00,2022-12-16 19:57:46,33.542,3.7322,-42.416,173.679,"3",4240246
"CP16616","RBWR","KK","M","66969","PTT",2022-10-28 18:07:00,2022-12-16 19:57:46,-35.662,NA,-42.416,173.679,"3",4240246
"CP16616","RBWR","KK","M","66969","PTT",2022-10-28 18:07:00,2022-12-16 19:57:46,34.49,3.7243,-42.416,173.679,"3",4240246
"CP16111","RBGB","KK","F","234672","PTT",2022-10-26 18:35:00,2022-12-16 19:58:29,34.016,3.748,-42.425,173.663,"1",4411409
"CP16111","RBGB","KK","F","234672","PTT",2022-10-26 18:35:00,2022-12-16 19:58:29,-35.662,NA,-42.425,173.663,"1",4411409
"CP16111","RBGB","KK","F","234672","PTT",2022-10-26 18:35:00,2022-12-16 21:04:43,-35.662,NA,-42.426,173.655,"B",4415383
"CP16111","RBGB","KK","F","234672","PTT",2022-10-26 18:35:00,2022-12-16 21:55:55,-35.662,NA,-42.42,173.679,"3",4418455
"CP16918","RRGO","KK","M","66891_2","PTT",2022-10-28 22:57:00,2022-12-17 07:27:01,-35.662,NA,-42.437,173.669,"B",4264201
"CP16918","RRGO","KK","M","66891_2","PTT",2022-10-28 22:57:00,2022-12-17 08:08:54,8.894,2.8474,-42.43,173.614,"B",4266714
"CP16918","RRGO","KK","M","66891_2","PTT",2022-10-28 22:57:00,2022-12-07 09:28:13,26.906,3.7875,-42.4,173.733,"B",3407473
"CP16918","RRGO","KK","M","66891_2","PTT",2022-10-28 22:57:00,2022-12-07 09:28:13,-35.662,NA,-42.4,173.733,"B",3407473
"CP16918","RRGO","KK","M","66891_2","PTT",2022-10-28 22:57:00,2022-12-07 07:44:15,-35.662,NA,-42.467,173.664,"A",3401235
"CP16918","RRGO","KK","M","66891_2","PTT",2022-10-28 22:57:00,2022-12-07 07:44:24,-35.662,NA,-42.433,173.67,"A",3401244
"CP16918","RRGO","KK","M","66891_2","PTT",2022-10-28 22:57:00,2022-12-07 07:44:24,25.958,3.7401,-42.433,173.67,"A",3401244
"CP16918","RRGO","KK","M","66891_2","PTT",2022-10-28 22:57:00,2022-12-06 20:24:15,-35.662,NA,-42.384,173.775,"B",3360435
"CP16918","RRGO","KK","M","66891_2","PTT",2022-10-28 22:57:00,2022-12-06 20:16:18,-35.662,NA,-42.387,173.777,"1",3359958
"CP16918","RRGO","KK","M","66891_2","PTT",2022-10-28 22:57:00,2022-12-06 20:16:18,17.9,3.8191,-42.387,173.777,"1",3359958
"CP9099","RWLG","KK","F","234673","PTT",2022-10-26 17:55:00,2022-12-06 16:59:29,35.438,3.7085,-42.418,173.692,"2",3539069
"CP9099","RWLG","KK","F","234673","PTT",2022-10-26 20:02:00,2022-12-06 16:59:29,35.438,3.7085,-42.418,173.692,"2",3531449
"CP9099","RWLG","KK","F","234673","PTT",2022-10-26 17:55:00,2022-12-06 16:59:29,-35.662,NA,-42.418,173.692,"2",3539069
"CP9099","RWLG","KK","F","234673","PTT",2022-10-26 20:02:00,2022-12-06 16:59:29,-35.662,NA,-42.418,173.692,"2",3531449
"CP9099","RWLG","KK","F","234673","PTT",2022-10-26 17:55:00,2022-12-06 16:50:21,-35.662,NA,-42.426,173.722,"1",3538521
"CP9099","RWLG","KK","F","234673","PTT",2022-10-26 20:02:00,2022-12-06 16:50:21,-35.662,NA,-42.426,173.722,"1",3530901
"CP9099","RWLG","KK","F","234673","PTT",2022-10-26 17:55:00,2022-12-06 16:50:21,34.49,3.7164,-42.426,173.722,"1",3538521
"CP9099","RWLG","KK","F","234673","PTT",2022-10-26 20:02:00,2022-12-06 16:50:21,34.49,3.7164,-42.426,173.722,"1",3530901
"CP16918","RRGO","KK","M","66891_2","PTT",2022-10-28 22:57:00,2022-12-06 16:59:27,23.588,3.9455,-42.421,173.694,"2",3348147
"CP16918","RRGO","KK","M","66891_2","PTT",2022-10-28 22:57:00,2022-12-06 16:59:27,-35.662,NA,-42.421,173.694,"2",3348147
"CP16918","RRGO","KK","M","66891_2","PTT",2022-10-28 22:57:00,2022-12-06 16:51:18,24.062,3.9455,-42.419,173.69,"0",3347658
"CP16918","RRGO","KK","M","66891_2","PTT",2022-10-28 22:57:00,2022-12-06 16:51:18,-35.662,NA,-42.419,173.69,"0",3347658
"CP16918","RRGO","KK","M","66891_2","PTT",2022-10-28 22:57:00,2022-12-07 16:19:43,24.536,4.0008,-42.418,173.71,"0",3432163
"CP16918","RRGO","KK","M","66891_2","PTT",2022-10-28 22:57:00,2022-12-07 16:19:43,-35.662,NA,-42.418,173.71,"0",3432163
"CP16918","RRGO","KK","M","66891_2","PTT",2022-10-28 22:57:00,2022-12-07 16:19:43,23.114,4.0166,-42.418,173.71,"0",3432163
"CP16918","RRGO","KK","M","66891_2","PTT",2022-10-28 22:57:00,2022-12-07 16:43:13,23.114,4.0087,-42.383,173.463,"0",3433573
"CP16918","RRGO","KK","M","66891_2","PTT",2022-10-28 22:57:00,2022-12-07 16:43:13,-35.662,NA,-42.383,173.463,"0",3433573
"CP16918","RRGO","KK","M","66891_2","PTT",2022-10-28 22:57:00,2022-12-07 16:43:13,23.114,4.0166,-42.383,173.463,"0",3433573
"CP16609","RBOY","KK","M","234750","PTT",2022-10-28 07:26:00,2022-12-07 16:20:37,36.86,3.7085,-42.412,173.656,"2",3488077
"CP16609","RBOY","KK","M","234750","PTT",2022-10-28 07:26:00,2022-12-07 16:20:37,-35.662,NA,-42.412,173.656,"2",3488077
"CP16609","RBOY","KK","M","234750","PTT",2022-10-28 07:26:00,2022-12-07 16:42:32,-35.662,NA,-42.411,173.654,"0",3489392
"CP16918","RRGO","KK","M","66891_2","PTT",2022-10-28 22:57:00,2022-12-07 21:42:18,21.692,3.8112,-42.422,173.693,"0",3451518
"CP16918","RRGO","KK","M","66891_2","PTT",2022-10-28 22:57:00,2022-12-07 21:42:18,-35.662,NA,-42.422,173.693,"0",3451518
"CP16918","RRGO","KK","M","66891_2","PTT",2022-10-28 22:57:00,2022-12-07 21:42:18,21.692,3.8112,-42.422,173.693,"0",3451518
"CP16918","RRGO","KK","M","66891_2","PTT",2022-10-28 22:57:00,2022-12-08 05:46:38,29.276,3.7401,-42.414,173.684,"1",3480578
"CP16918","RRGO","KK","M","66891_2","PTT",2022-10-28 22:57:00,2022-12-08 05:46:38,-35.662,NA,-42.414,173.684,"1",3480578
"CP16918","RRGO","KK","M","66891_2","PTT",2022-10-28 22:57:00,2022-12-08 06:10:28,30.698,3.7796,-42.417,173.679,"2",3482008
"CP16918","RRGO","KK","M","66891_2","PTT",2022-10-28 22:57:00,2022-11-07 06:59:09,38.282,3.8033,-42.44,173.79,"0",806529
"CP16918","RRGO","KK","M","66891_2","PTT",2022-10-28 22:57:00,2022-11-07 06:59:09,-35.662,NA,-42.44,173.79,"0",806529
"CP16918","RRGO","KK","M","66891_2","PTT",2022-10-28 22:57:00,2022-11-07 06:59:09,37.334,3.8033,-42.44,173.79,"0",806529
"CP16918","RRGO","KK","M","66891_2","PTT",2022-10-28 22:57:00,2022-11-06 22:22:20,-35.662,NA,-42.413,173.716,"B",775520
"CP16918","RRGO","KK","M","66891_2","PTT",2022-10-28 22:57:00,2022-11-06 21:15:31,-35.662,NA,-42.425,173.751,"B",771511
"CP16918","RRGO","KK","M","66891_2","PTT",2022-10-28 22:57:00,2022-11-06 20:42:23,19.322,3.7954,-42.426,173.714,"1",769523
"CP16918","RRGO","KK","M","66891_2","PTT",2022-10-28 22:57:00,2022-11-06 20:42:23,-35.662,NA,-42.426,173.714,"1",769523
"CP16918","RRGO","KK","M","66891_2","PTT",2022-10-28 22:57:00,2022-11-06 19:32:11,-35.662,NA,-42.423,173.733,"B",765311
"CP16609","RBOY","KK","M","234750","PTT",2022-10-28 07:26:00,2022-11-06 17:25:54,-35.662,NA,-42.411,173.665,"A",813594
"CP16609","RBOY","KK","M","234750","PTT",2022-10-28 07:26:00,2022-11-06 16:00:55,-35.662,NA,-42.414,173.688,"B",808495
"CP16609","RBOY","KK","M","234750","PTT",2022-10-28 07:26:00,2022-11-06 15:48:09,-35.662,NA,-42.414,173.689,"A",807729
"CP16609","RBOY","KK","M","234750","PTT",2022-10-28 07:26:00,2022-10-28 14:54:28,36.386,4.0482,-42.409,173.655,"1",26908
"CP16609","RBOY","KK","M","234750","PTT",2022-10-28 07:26:00,2022-10-28 14:54:28,34.49,4.0482,-42.409,173.655,"1",26908
"CP16609","RBOY","KK","M","234750","PTT",2022-10-28 07:26:00,2022-10-28 13:28:53,35.912,4.0719,-42.374,173.654,"B",21773
"CP16609","RBOY","KK","M","234750","PTT",2022-10-28 07:26:00,2022-10-28 13:28:53,36.386,4.0719,-42.374,173.654,"B",21773
"CP16609","RBOY","KK","M","234750","PTT",2022-10-28 07:26:00,2022-10-28 14:54:28,36.86,4.0482,-42.409,173.655,"1",26908
"CP16609","RBOY","KK","M","234750","PTT",2022-10-28 07:26:00,2022-10-28 14:54:28,37.808,4.0482,-42.409,173.655,"1",26908
"CP16609","RBOY","KK","M","234750","PTT",2022-10-28 07:26:00,2022-10-28 14:54:28,38.756,4.0482,-42.409,173.655,"1",26908
"CP16609","RBOY","KK","M","234750","PTT",2022-10-28 07:26:00,2022-10-28 14:54:28,39.23,4.0482,-42.409,173.655,"1",26908
"CP16609","RBOY","KK","M","234750","PTT",2022-10-28 07:26:00,2022-10-28 15:09:21,36.386,4.0403,-42.416,173.671,"2",27801
"CP16918","RRGO","KK","M","66891_2","PTT",2022-10-28 22:57:00,2022-11-07 08:05:23,-35.662,NA,-42.429,173.797,"B",810503
"CP16918","RRGO","KK","M","66891_2","PTT",2022-10-28 22:57:00,2022-11-07 09:45:03,-35.662,NA,-42.427,173.811,"B",816483
"CP16918","RRGO","KK","M","66891_2","PTT",2022-10-28 22:57:00,2022-11-07 15:17:28,12.212,3.9929,-42.334,173.928,"B",836428
"CP16918","RRGO","KK","M","66891_2","PTT",2022-10-28 22:57:00,2022-11-07 16:55:25,26.906,4.0008,-42.422,173.678,"1",842305
"CP16609","RBOY","KK","M","234750","PTT",2022-10-28 07:26:00,2022-10-28 15:09:21,37.334,4.0403,-42.416,173.671,"2",27801
"CP16609","RBOY","KK","M","234750","PTT",2022-10-28 07:26:00,2022-10-28 15:09:21,36.86,4.0403,-42.416,173.671,"2",27801
"CP16609","RBOY","KK","M","234750","PTT",2022-10-28 07:26:00,2022-10-28 15:09:21,36.386,4.0403,-42.416,173.671,"2",27801
"CP16609","RBOY","KK","M","234750","PTT",2022-10-28 07:26:00,2022-10-28 15:09:21,37.334,4.0403,-42.416,173.671,"2",27801
"CP16609","RBOY","KK","M","234750","PTT",2022-10-28 07:26:00,2022-10-28 15:09:21,36.86,4.0403,-42.416,173.671,"2",27801
"CP16609","RBOY","KK","M","234750","PTT",2022-10-28 07:26:00,2022-10-28 15:09:21,37.334,4.0403,-42.416,173.671,"2",27801
"CP16609","RBOY","KK","M","234750","PTT",2022-10-28 07:26:00,2022-10-28 15:09:21,36.86,4.0403,-42.416,173.671,"2",27801
"CP16609","RBOY","KK","M","234750","PTT",2022-10-28 07:26:00,2022-10-28 17:39:09,33.542,3.9218,-42.399,173.682,"3",36789
"CP16609","RBOY","KK","M","234750","PTT",2022-10-28 07:26:00,2022-10-28 20:09:51,-35.662,NA,-42.406,173.68,"3",45831
"CP16609","RBOY","KK","M","234750","PTT",2022-10-28 07:26:00,2022-10-28 20:09:51,34.49,3.8586,-42.406,173.68,"3",45831
"CP16609","RBOY","KK","M","234750","PTT",2022-10-28 07:26:00,2022-10-28 19:19:12,-35.662,NA,-42.404,173.689,"B",42792
"CP16609","RBOY","KK","M","234750","PTT",2022-10-28 07:26:00,2022-10-28 19:18:22,-35.662,NA,-42.407,173.681,"B",42742
"CP16609","RBOY","KK","M","234750","PTT",2022-10-28 07:26:00,2022-10-28 18:28:35,-35.662,NA,-42.402,173.688,"2",39755
"CP16609","RBOY","KK","M","234750","PTT",2022-10-28 07:26:00,2022-10-28 18:28:35,33.542,3.8981,-42.402,173.688,"2",39755
"CP16609","RBOY","KK","M","234750","PTT",2022-10-28 07:26:00,2022-10-28 17:39:09,33.542,3.9139,-42.399,173.682,"3",36789
"CP16609","RBOY","KK","M","234750","PTT",2022-10-28 07:26:00,2022-10-28 17:39:09,33.068,3.9139,-42.399,173.682,"3",36789
"CP16609","RBOY","KK","M","234750","PTT",2022-10-28 07:26:00,2022-10-28 17:39:09,33.542,3.9218,-42.399,173.682,"3",36789
"CP16609","RBOY","KK","M","234750","PTT",2022-10-28 07:26:00,2022-10-28 17:39:09,33.068,3.9218,-42.399,173.682,"3",36789
"CP16609","RBOY","KK","M","234750","PTT",2022-10-28 07:26:00,2022-10-29 07:33:47,41.126,3.7796,-42.415,173.669,"B",86867
"CP16609","RBOY","KK","M","234750","PTT",2022-10-28 07:26:00,2022-10-29 07:33:47,-35.662,NA,-42.415,173.669,"B",86867
"CP16609","RBOY","KK","M","234750","PTT",2022-10-28 07:26:00,2022-10-29 06:40:57,-35.662,NA,-42.425,173.751,"B",83697
"CP16609","RBOY","KK","M","234750","PTT",2022-10-28 07:26:00,2022-10-29 05:52:41,-35.662,NA,-42.42,173.646,"3",80801
"CP16609","RBOY","KK","M","234750","PTT",2022-10-28 07:26:00,2022-10-29 05:52:41,37.808,3.7401,-42.42,173.646,"3",80801
"CP16609","RBOY","KK","M","234750","PTT",2022-10-28 07:26:00,2022-10-29 05:06:29,37.808,3.7243,-42.417,173.638,"2",78029
"CP16609","RBOY","KK","M","234750","PTT",2022-10-28 07:26:00,2022-10-29 05:06:29,-35.662,NA,-42.417,173.638,"2",78029
"CP16609","RBOY","KK","M","234750","PTT",2022-10-28 07:26:00,2022-10-29 04:59:25,-35.662,NA,-42.475,173.732,"B",77605
"CP16609","RBOY","KK","M","234750","PTT",2022-10-28 07:26:00,2022-10-29 03:58:40,-35.662,NA,-42.443,173.649,"A",73960
"CP16609","RBOY","KK","M","234750","PTT",2022-10-28 07:26:00,2022-10-29 03:26:13,-35.662,NA,-42.457,173.491,"B",72013
"CP16609","RBOY","KK","M","234750","PTT",2022-10-28 07:26:00,2022-10-29 03:19:33,-35.662,NA,-42.457,173.491,"0",71613
"CP16609","RBOY","KK","M","234750","PTT",2022-10-28 07:26:00,2022-10-29 03:19:33,24.536,3.748,-42.457,173.491,"0",71613
"CP16609","RBOY","KK","M","234750","PTT",2022-10-28 07:26:00,2022-10-29 14:37:52,-35.662,NA,-42.411,173.673,"3",112312
"CP16609","RBOY","KK","M","234750","PTT",2022-10-28 07:26:00,2022-10-29 14:36:31,-35.662,NA,-42.414,173.679,"2",112231
"CP16609","RBOY","KK","M","234750","PTT",2022-10-28 07:26:00,2022-10-30 04:54:05,-35.662,NA,-42.413,173.679,"1",163685
"CP16609","RBOY","KK","M","234750","PTT",2022-10-28 07:26:00,2022-10-30 04:54:05,37.808,3.7006,-42.413,173.679,"1",163685
"CP16609","RBOY","KK","M","234750","PTT",2022-10-28 07:26:00,2022-10-30 04:28:34,38.282,3.7085,-42.412,173.664,"2",162154
"CP16609","RBOY","KK","M","234750","PTT",2022-10-28 07:26:00,2022-10-30 04:28:34,-35.662,NA,-42.412,173.664,"2",162154
"CP16609","RBOY","KK","M","234750","PTT",2022-10-28 07:26:00,2022-10-30 03:41:56,34.964,3.7085,-42.415,173.683,"1",159356
"CP16609","RBOY","KK","M","234750","PTT",2022-10-28 07:26:00,2022-10-30 03:41:56,-35.662,NA,-42.415,173.683,"1",159356
"CP16609","RBOY","KK","M","234750","PTT",2022-10-28 07:26:00,2022-10-30 02:49:14,34.016,3.7164,-42.424,173.668,"1",156194
"CP16609","RBOY","KK","M","234750","PTT",2022-10-28 07:26:00,2022-10-30 02:49:14,-35.662,NA,-42.424,173.668,"1",156194
"CP16609","RBOY","KK","M","234750","PTT",2022-10-28 07:26:00,2022-10-29 19:48:41,-35.662,NA,-42.395,173.69,"2",130961
"CP16609","RBOY","KK","M","234750","PTT",2022-10-28 07:26:00,2022-10-29 19:48:41,33.542,3.8349,-42.395,173.69,"2",130961
"CP16609","RBOY","KK","M","234750","PTT",2022-10-28 07:26:00,2022-10-29 19:07:09,-35.662,NA,-42.397,173.681,"B",128469
"CP16609","RBOY","KK","M","234750","PTT",2022-10-28 07:26:00,2022-10-29 18:08:11,-35.662,NA,-42.401,173.671,"B",124931
"CP16609","RBOY","KK","M","234750","PTT",2022-10-28 07:26:00,2022-10-29 17:26:41,-35.662,NA,-42.403,173.679,"3",122441
"CP16609","RBOY","KK","M","234750","PTT",2022-10-28 07:26:00,2022-10-29 17:26:41,33.542,3.8744,-42.403,173.679,"3",122441
"CP16609","RBOY","KK","M","234750","PTT",2022-10-28 07:26:00,2022-10-30 05:29:22,33.068,3.7322,-42.402,173.701,"1",165802
"CP16609","RBOY","KK","M","234750","PTT",2022-10-28 07:26:00,2022-10-30 05:29:22,-35.662,NA,-42.402,173.701,"1",165802
"CP16609","RBOY","KK","M","234750","PTT",2022-10-28 07:26:00,2022-10-30 06:18:53,42.074,3.7401,-42.412,173.618,"A",168773
"CP16609","RBOY","KK","M","234750","PTT",2022-10-28 07:26:00,2022-10-30 06:18:53,-35.662,NA,-42.412,173.618,"A",168773
"CP16609","RBOY","KK","M","234750","PTT",2022-10-28 07:26:00,2022-10-30 07:12:33,-35.662,NA,-42.408,173.657,"1",171993
"CP16609","RBOY","KK","M","234750","PTT",2022-10-28 07:26:00,2022-10-30 07:12:33,41.6,3.7875,-42.408,173.657,"1",171993
"CP16609","RBOY","KK","M","234750","PTT",2022-10-28 07:26:00,2022-10-30 06:37:37,34.49,3.7796,-42.284,173.877,"B",169897
"CP16609","RBOY","KK","M","234750","PTT",2022-10-28 07:26:00,2022-10-30 06:37:37,-35.662,NA,-42.284,173.877,"B",169897
"CP16609","RBOY","KK","M","234750","PTT",2022-10-28 07:26:00,2022-10-30 17:45:49,34.016,4.0877,-42.419,173.668,"2",209989
"CP16609","RBOY","KK","M","234750","PTT",2022-10-28 07:26:00,2022-10-30 17:45:49,34.016,4.0877,-42.419,173.668,"2",209989
"CP16609","RBOY","KK","M","234750","PTT",2022-10-28 07:26:00,2022-10-30 17:45:49,33.542,4.0877,-42.419,173.668,"2",209989
"CP16609","RBOY","KK","M","234750","PTT",2022-10-28 07:26:00,2022-10-30 17:45:49,33.542,4.0877,-42.419,173.668,"2",209989
"CP16609","RBOY","KK","M","234750","PTT",2022-10-28 07:26:00,2022-10-30 17:45:49,33.542,4.0877,-42.419,173.668,"2",209989
"CP16609","RBOY","KK","M","234750","PTT",2022-10-28 07:26:00,2022-10-30 16:20:50,35.912,4.1114,-42.411,173.663,"3",204890
"CP16609","RBOY","KK","M","234750","PTT",2022-10-28 07:26:00,2022-10-30 16:20:50,35.912,4.1114,-42.411,173.663,"3",204890
"CP16609","RBOY","KK","M","234750","PTT",2022-10-28 07:26:00,2022-10-30 16:20:50,35.912,4.1114,-42.411,173.663,"3",204890
"CP16609","RBOY","KK","M","234750","PTT",2022-10-28 07:26:00,2022-10-30 16:20:50,36.386,4.1114,-42.411,173.663,"3",204890
"CP16609","RBOY","KK","M","234750","PTT",2022-10-28 07:26:00,2022-10-30 16:20:50,36.386,4.1114,-42.411,173.663,"3",204890
"CP16609","RBOY","KK","M","234750","PTT",2022-10-28 07:26:00,2022-10-30 16:06:23,37.334,4.1114,-42.395,173.644,"0",204023
"CP16609","RBOY","KK","M","234750","PTT",2022-10-28 07:26:00,2022-10-30 16:06:23,37.808,4.1114,-42.395,173.644,"0",204023
"CP16609","RBOY","KK","M","234750","PTT",2022-10-28 07:26:00,2022-10-30 16:06:23,37.334,4.1193,-42.395,173.644,"0",204023
"CP16609","RBOY","KK","M","234750","PTT",2022-10-28 07:26:00,2022-10-30 16:06:23,37.808,4.1114,-42.395,173.644,"0",204023
"CP16609","RBOY","KK","M","234750","PTT",2022-10-28 07:26:00,2022-10-30 14:50:53,24.062,4.1588,-42.674,173.168,"B",199493
"CP16609","RBOY","KK","M","234750","PTT",2022-10-28 07:26:00,2022-10-30 21:27:32,33.068,3.9139,-42.402,173.727,"0",223292
"CP16609","RBOY","KK","M","234750","PTT",2022-10-28 07:26:00,2022-10-30 21:27:32,32.594,3.9139,-42.402,173.727,"0",223292
"CP16609","RBOY","KK","M","234750","PTT",2022-10-28 07:26:00,2022-10-30 21:27:32,32.594,3.9139,-42.402,173.727,"0",223292
"CP16609","RBOY","KK","M","234750","PTT",2022-10-28 07:26:00,2022-10-30 21:27:32,32.594,3.9139,-42.402,173.727,"0",223292
"CP16609","RBOY","KK","M","234750","PTT",2022-10-28 07:26:00,2022-10-30 21:27:32,33.068,3.9218,-42.402,173.727,"0",223292
"CP16609","RBOY","KK","M","234750","PTT",2022-10-28 07:26:00,2022-10-30 21:27:32,33.068,3.9218,-42.402,173.727,"0",223292
"CP16609","RBOY","KK","M","234750","PTT",2022-10-28 07:26:00,2022-10-30 21:27:32,32.594,3.9218,-42.402,173.727,"0",223292
"CP16609","RBOY","KK","M","234750","PTT",2022-10-28 07:26:00,2022-10-30 21:27:32,32.594,3.9218,-42.402,173.727,"0",223292
"CP16609","RBOY","KK","M","234750","PTT",2022-10-28 07:26:00,2022-10-30 21:27:32,33.068,3.9218,-42.402,173.727,"0",223292
"CP16609","RBOY","KK","M","234750","PTT",2022-10-28 07:26:00,2022-10-30 20:55:45,34.016,3.9376,-42.411,173.685,"A",221385
"CP16609","RBOY","KK","M","234750","PTT",2022-10-28 07:26:00,2022-10-30 20:55:45,33.542,3.9376,-42.411,173.685,"A",221385
"CP16609","RBOY","KK","M","234750","PTT",2022-10-28 07:26:00,2022-10-30 20:55:45,33.542,3.9455,-42.411,173.685,"A",221385
"CP16609","RBOY","KK","M","234750","PTT",2022-10-28 07:26:00,2022-10-30 19:48:07,32.12,3.985,-42.4,173.701,"B",217327
"CP16609","RBOY","KK","M","234750","PTT",2022-10-28 07:26:00,2022-10-30 19:14:37,33.542,4.0166,-42.408,173.689,"3",215317
"CP16609","RBOY","KK","M","234750","PTT",2022-10-28 07:26:00,2022-10-30 19:14:37,34.016,4.0166,-42.408,173.689,"3",215317
"CP16609","RBOY","KK","M","234750","PTT",2022-10-28 07:26:00,2022-10-30 19:14:37,34.016,4.0166,-42.408,173.689,"3",215317
"CP16609","RBOY","KK","M","234750","PTT",2022-10-28 07:26:00,2022-10-30 19:14:37,33.542,4.0166,-42.408,173.689,"3",215317
"CP16609","RBOY","KK","M","234750","PTT",2022-10-28 07:26:00,2022-10-30 19:14:37,33.542,4.0166,-42.408,173.689,"3",215317
"CP16609","RBOY","KK","M","234750","PTT",2022-10-28 07:26:00,2022-10-30 19:14:37,33.542,4.0166,-42.408,173.689,"3",215317
"CP16609","RBOY","KK","M","234750","PTT",2022-10-28 07:26:00,2022-10-30 19:14:37,33.542,4.0166,-42.408,173.689,"3",215317
"CP16609","RBOY","KK","M","234750","PTT",2022-10-28 07:26:00,2022-10-30 19:14:37,33.542,4.0245,-42.408,173.689,"3",215317
"CP16609","RBOY","KK","M","234750","PTT",2022-10-28 07:26:00,2022-10-31 04:18:32,-35.662,NA,-42.298,173.943,"B",247952
"CP16609","RBOY","KK","M","234750","PTT",2022-10-28 07:26:00,2022-10-31 05:25:02,36.386,3.8033,-42.414,173.663,"2",251942
"CP16609","RBOY","KK","M","234750","PTT",2022-10-28 07:26:00,2022-10-31 05:25:02,-35.662,NA,-42.414,173.663,"2",251942
"CP16609","RBOY","KK","M","234750","PTT",2022-10-28 07:26:00,2022-10-31 05:56:31,37.808,3.8349,-42.424,173.638,"0",253831
"CP16609","RBOY","KK","M","234750","PTT",2022-10-28 07:26:00,2022-10-31 05:56:31,-35.662,NA,-42.424,173.638,"0",253831
"CP16609","RBOY","KK","M","234750","PTT",2022-10-28 07:26:00,2022-10-31 06:41:31,33.542,3.8191,-42.415,173.675,"3",256531
"CP16609","RBOY","KK","M","234750","PTT",2022-10-28 07:26:00,2022-10-31 06:41:31,-35.662,NA,-42.415,173.675,"3",256531
"CP16609","RBOY","KK","M","234750","PTT",2022-10-28 07:26:00,2022-10-31 07:12:40,41.6,3.8349,-42.422,173.674,"1",258400
"CP16609","RBOY","KK","M","234750","PTT",2022-10-28 07:26:00,2022-10-31 07:12:40,-35.662,NA,-42.422,173.674,"1",258400
"CP16609","RBOY","KK","M","234750","PTT",2022-10-28 07:26:00,2022-10-31 07:58:47,-35.662,NA,-42.409,173.662,"B",261167
"CP16609","RBOY","KK","M","234750","PTT",2022-10-28 07:26:00,2022-10-31 07:58:47,40.178,3.8823,-42.409,173.662,"B",261167
"CP16609","RBOY","KK","M","234750","PTT",2022-10-28 07:26:00,2022-10-31 08:51:06,46.34,3.9771,-42.415,173.667,"2",264306
"CP16609","RBOY","KK","M","234750","PTT",2022-10-28 07:26:00,2022-10-31 08:51:06,-35.662,NA,-42.415,173.667,"2",264306
"CP16609","RBOY","KK","M","234750","PTT",2022-10-28 07:26:00,2022-10-31 08:51:06,46.34,3.9929,-42.415,173.667,"2",264306
"CP16609","RBOY","KK","M","234750","PTT",2022-10-28 07:26:00,2022-10-31 19:04:36,-35.662,NA,-42.425,173.667,"A",301116
"CP16609","RBOY","KK","M","234750","PTT",2022-10-28 07:26:00,2022-10-31 19:04:36,30.698,3.8665,-42.425,173.667,"A",301116
"CP16609","RBOY","KK","M","234750","PTT",2022-10-28 07:26:00,2022-10-31 20:44:46,-35.662,NA,-42.425,173.659,"B",307126
"CP16609","RBOY","KK","M","234750","PTT",2022-10-28 07:26:00,2022-10-31 20:44:46,31.172,3.8349,-42.425,173.659,"B",307126
"CP16609","RBOY","KK","M","234750","PTT",2022-10-28 07:26:00,2022-10-31 21:08:26,30.224,3.827,-42.414,173.672,"3",308546
"CP16609","RBOY","KK","M","234750","PTT",2022-10-28 07:26:00,2022-10-31 21:08:26,-35.662,NA,-42.414,173.672,"3",308546
"CP16609","RBOY","KK","M","234750","PTT",2022-10-28 07:26:00,2022-10-31 21:08:26,30.698,3.827,-42.414,173.672,"3",308546
"CP16609","RBOY","KK","M","234750","PTT",2022-10-28 07:26:00,2022-10-31 08:51:06,46.34,3.9929,-42.415,173.667,"2",264306
"CP16609","RBOY","KK","M","234750","PTT",2022-10-28 07:26:00,2022-10-31 15:34:33,33.068,3.9692,-42.418,173.671,"A",288513
"CP16609","RBOY","KK","M","234750","PTT",2022-10-28 07:26:00,2022-10-31 15:34:33,33.068,3.9692,-42.418,173.671,"A",288513
"CP16609","RBOY","KK","M","234750","PTT",2022-10-28 07:26:00,2022-10-31 15:34:33,33.068,3.9692,-42.418,173.671,"A",288513
"CP16609","RBOY","KK","M","234750","PTT",2022-10-28 07:26:00,2022-10-31 16:05:44,33.068,3.9534,-42.414,173.667,"A",290384
"CP16609","RBOY","KK","M","234750","PTT",2022-10-28 07:26:00,2022-10-31 16:05:44,33.068,3.9534,-42.414,173.667,"A",290384
"CP16609","RBOY","KK","M","234750","PTT",2022-10-28 07:26:00,2022-10-31 16:05:44,33.068,3.9534,-42.414,173.667,"A",290384
"CP16609","RBOY","KK","M","234750","PTT",2022-10-28 07:26:00,2022-10-31 17:14:49,31.646,3.906,-42.413,173.67,"3",294529
"CP16609","RBOY","KK","M","234750","PTT",2022-10-28 07:26:00,2022-10-31 17:14:49,-35.662,NA,-42.413,173.67,"3",294529
"CP16609","RBOY","KK","M","234750","PTT",2022-10-28 07:26:00,2022-11-01 08:30:56,-35.662,NA,-42.514,174.056,"0",349496
"CP16609","RBOY","KK","M","234750","PTT",2022-10-28 07:26:00,2022-11-01 08:30:56,30.224,3.8112,-42.514,174.056,"0",349496
"CP16609","RBOY","KK","M","234750","PTT",2022-10-28 07:26:00,2022-11-01 08:09:26,-35.662,NA,-42.411,173.692,"B",348206
"CP16609","RBOY","KK","M","234750","PTT",2022-10-28 07:26:00,2022-11-01 07:03:41,-35.662,NA,-42.419,173.69,"B",344261
"CP16609","RBOY","KK","M","234750","PTT",2022-10-28 07:26:00,2022-11-01 06:55:22,-35.662,NA,-42.42,173.69,"B",343762
"CP16609","RBOY","KK","M","234750","PTT",2022-10-28 07:26:00,2022-11-01 06:39:32,-35.662,NA,-42.422,173.688,"B",342812
"CP16609","RBOY","KK","M","234750","PTT",2022-10-28 07:26:00,2022-11-01 06:30:54,-35.662,NA,-42.418,173.679,"2",342294
"CP16609","RBOY","KK","M","234750","PTT",2022-10-28 07:26:00,2022-11-01 06:30:54,37.808,3.7085,-42.418,173.679,"2",342294
"CP16609","RBOY","KK","M","234750","PTT",2022-10-28 07:26:00,2022-11-01 05:25:32,-35.662,NA,-42.417,173.676,"1",338372
"CP16609","RBOY","KK","M","234750","PTT",2022-10-28 07:26:00,2022-11-01 05:25:32,34.964,3.7006,-42.417,173.676,"1",338372
"CP16609","RBOY","KK","M","234750","PTT",2022-10-28 07:26:00,2022-11-01 05:08:15,58.19,3.432,-42.414,173.677,"2",337335
"CP16609","RBOY","KK","M","234750","PTT",2022-10-28 07:26:00,2022-11-01 05:08:15,-35.662,NA,-42.414,173.677,"2",337335
"CP16609","RBOY","KK","M","234750","PTT",2022-10-28 07:26:00,2022-11-01 18:53:33,29.75,3.9929,-42.374,173.323,"B",386853
"CP16609","RBOY","KK","M","234750","PTT",2022-10-28 07:26:00,2022-11-01 17:20:40,31.646,4.0719,-42.415,173.551,"B",381280
"CP16609","RBOY","KK","M","234750","PTT",2022-10-28 07:26:00,2022-11-01 17:20:40,31.646,4.0719,-42.415,173.551,"B",381280
"CP16609","RBOY","KK","M","234750","PTT",2022-10-28 07:26:00,2022-11-01 16:42:18,37.334,4.1035,-42.409,173.637,"0",378978
"CP16609","RBOY","KK","M","234750","PTT",2022-10-28 07:26:00,2022-11-01 16:42:18,37.334,4.1035,-42.409,173.637,"0",378978
"CP16609","RBOY","KK","M","234750","PTT",2022-10-28 07:26:00,2022-11-01 16:42:18,37.334,4.1035,-42.409,173.637,"0",378978
"CP16609","RBOY","KK","M","234750","PTT",2022-10-28 07:26:00,2022-11-01 16:42:18,37.334,4.1035,-42.409,173.637,"0",378978
"CP16609","RBOY","KK","M","234750","PTT",2022-10-28 07:26:00,2022-11-01 16:42:18,37.334,4.1035,-42.409,173.637,"0",378978
"CP16609","RBOY","KK","M","234750","PTT",2022-10-28 07:26:00,2022-11-01 16:42:18,37.334,4.1035,-42.409,173.637,"0",378978
"CP16609","RBOY","KK","M","234750","PTT",2022-10-28 07:26:00,2022-11-01 16:42:18,36.86,4.1035,-42.409,173.637,"0",378978
"CP16609","RBOY","KK","M","234750","PTT",2022-10-28 07:26:00,2022-11-01 15:47:46,39.23,4.1035,-42.468,174.075,"B",375706
"CP16609","RBOY","KK","M","234750","PTT",2022-10-28 07:26:00,2022-11-01 20:43:41,32.594,3.9139,-42.409,173.687,"3",393461
"CP16609","RBOY","KK","M","234750","PTT",2022-10-28 07:26:00,2022-11-01 20:43:41,32.594,3.9139,-42.409,173.687,"3",393461
"CP16609","RBOY","KK","M","234750","PTT",2022-10-28 07:26:00,2022-11-01 20:32:29,33.068,3.9218,-42.403,173.705,"1",392789
"CP16609","RBOY","KK","M","234750","PTT",2022-10-28 07:26:00,2022-11-01 20:32:29,32.594,3.9218,-42.403,173.705,"1",392789
"CP16609","RBOY","KK","M","234750","PTT",2022-10-28 07:26:00,2022-11-01 20:32:29,33.542,3.9218,-42.403,173.705,"1",392789
"CP16609","RBOY","KK","M","234750","PTT",2022-10-28 07:26:00,2022-11-01 20:32:29,33.068,3.9218,-42.403,173.705,"1",392789
"CP16609","RBOY","KK","M","234750","PTT",2022-10-28 07:26:00,2022-11-01 20:32:29,33.068,3.9218,-42.403,173.705,"1",392789
"CP16609","RBOY","KK","M","234750","PTT",2022-10-28 07:26:00,2022-11-01 20:32:29,33.542,3.9297,-42.403,173.705,"1",392789
"CP16609","RBOY","KK","M","234750","PTT",2022-10-28 07:26:00,2022-11-01 20:43:41,32.594,3.9139,-42.409,173.687,"3",393461
"CP16609","RBOY","KK","M","234750","PTT",2022-10-28 07:26:00,2022-11-01 20:43:41,33.068,3.9139,-42.409,173.687,"3",393461
"CP16609","RBOY","KK","M","234750","PTT",2022-10-28 07:26:00,2022-11-01 20:43:41,33.068,3.9139,-42.409,173.687,"3",393461
"CP16609","RBOY","KK","M","234750","PTT",2022-10-28 07:26:00,2022-11-01 20:43:41,33.068,3.9139,-42.409,173.687,"3",393461
"CP16609","RBOY","KK","M","234750","PTT",2022-10-28 07:26:00,2022-11-01 20:43:41,32.594,3.9139,-42.409,173.687,"3",393461
"CP16609","RBOY","KK","M","234750","PTT",2022-10-28 07:26:00,2022-11-01 20:43:41,32.594,3.9139,-42.409,173.687,"3",393461
"CP16609","RBOY","KK","M","234750","PTT",2022-10-28 07:26:00,2022-11-01 21:34:18,-35.662,NA,-42.407,173.685,"B",396498
"CP16609","RBOY","KK","M","234750","PTT",2022-10-28 07:26:00,2022-11-01 22:26:34,33.542,3.8744,-42.41,173.655,"B",399634
"CP16609","RBOY","KK","M","234750","PTT",2022-10-28 07:26:00,2022-11-02 07:56:46,-35.662,NA,-42.4,173.68,"B",433846
"CP16609","RBOY","KK","M","234750","PTT",2022-10-28 07:26:00,2022-11-02 06:34:00,-35.662,NA,-42.411,173.675,"3",428880
"CP16609","RBOY","KK","M","234750","PTT",2022-10-28 07:26:00,2022-11-02 06:34:00,35.438,3.7559,-42.411,173.675,"3",428880
"CP16609","RBOY","KK","M","234750","PTT",2022-10-28 07:26:00,2022-11-02 06:24:01,35.438,3.7559,-42.41,173.68,"B",428281
"CP16609","RBOY","KK","M","234750","PTT",2022-10-28 07:26:00,2022-11-02 06:24:01,-35.662,NA,-42.41,173.68,"B",428281
"CP16609","RBOY","KK","M","234750","PTT",2022-10-28 07:26:00,2022-11-02 06:18:24,-35.662,NA,-42.414,173.675,"2",427944
"CP16609","RBOY","KK","M","234750","PTT",2022-10-28 07:26:00,2022-11-02 06:18:24,36.386,3.748,-42.414,173.675,"2",427944
"CP16609","RBOY","KK","M","234750","PTT",2022-10-28 07:26:00,2022-11-02 04:54:10,-35.662,NA,-42.415,173.676,"B",422890
"CP16609","RBOY","KK","M","234750","PTT",2022-10-28 07:26:00,2022-11-02 04:52:06,34.964,3.7717,-42.413,173.666,"B",422766
"CP16609","RBOY","KK","M","234750","PTT",2022-10-28 07:26:00,2022-11-02 08:09:39,39.704,3.7875,-42.415,173.674,"2",434619
"CP16609","RBOY","KK","M","234750","PTT",2022-10-28 07:26:00,2022-11-02 08:09:39,-35.662,NA,-42.415,173.674,"2",434619
"CP16609","RBOY","KK","M","234750","PTT",2022-10-28 07:26:00,2022-11-02 17:51:24,-35.662,NA,-42.414,173.67,"2",469524
"CP16609","RBOY","KK","M","234750","PTT",2022-10-28 07:26:00,2022-11-02 17:51:24,33.068,3.8507,-42.414,173.67,"2",469524
"CP16609","RBOY","KK","M","234750","PTT",2022-10-28 07:26:00,2022-11-02 17:05:19,-35.662,NA,-42.415,173.673,"3",466759
"CP16609","RBOY","KK","M","234750","PTT",2022-10-28 07:26:00,2022-11-02 17:05:19,34.964,3.8665,-42.415,173.673,"3",466759
"CP16609","RBOY","KK","M","234750","PTT",2022-10-28 07:26:00,2022-11-02 16:12:18,-35.662,NA,-42.408,173.652,"1",463578
"CP16609","RBOY","KK","M","234750","PTT",2022-10-28 07:26:00,2022-11-02 16:12:18,37.808,3.8902,-42.408,173.652,"1",463578
"CP16609","RBOY","KK","M","234750","PTT",2022-10-28 07:26:00,2022-11-02 22:06:04,-35.662,NA,-42.413,173.665,"3",484804
"CP16609","RBOY","KK","M","234750","PTT",2022-10-28 07:26:00,2022-11-02 22:06:04,33.542,3.7796,-42.413,173.665,"3",484804
"CP16609","RBOY","KK","M","234750","PTT",2022-10-28 07:26:00,2022-11-02 20:26:19,-35.662,NA,-42.414,173.663,"A",478819
"CP16609","RBOY","KK","M","234750","PTT",2022-10-28 07:26:00,2022-11-02 20:21:44,-35.662,NA,-42.413,173.663,"2",478544
"CP16609","RBOY","KK","M","234750","PTT",2022-10-28 07:26:00,2022-11-02 20:21:44,33.542,3.8033,-42.413,173.663,"2",478544
"CP16609","RBOY","KK","M","234750","PTT",2022-10-28 07:26:00,2022-11-02 17:51:24,-35.662,NA,-42.414,173.67,"2",469524
"CP16609","RBOY","KK","M","234750","PTT",2022-10-28 07:26:00,2022-11-02 17:51:24,33.068,3.8507,-42.414,173.67,"2",469524
"CP16918","RRGO","KK","M","66891_2","PTT",2022-10-28 22:57:00,2022-11-07 16:55:25,-35.662,NA,-42.422,173.678,"1",842305
"CP16918","RRGO","KK","M","66891_2","PTT",2022-10-28 22:57:00,2022-11-07 16:55:25,27.38,4.0087,-42.422,173.678,"1",842305
"CP16609","RBOY","KK","M","234750","PTT",2022-10-28 07:26:00,2022-11-03 20:08:12,32.594,3.9613,-42.413,173.674,"B",564132
"CP16609","RBOY","KK","M","234750","PTT",2022-10-28 07:26:00,2022-11-03 20:08:12,32.12,3.9613,-42.413,173.674,"B",564132
"CP16609","RBOY","KK","M","234750","PTT",2022-10-28 07:26:00,2022-11-03 21:46:00,-35.662,NA,-42.404,173.686,"2",570000
"CP16609","RBOY","KK","M","234750","PTT",2022-10-28 07:26:00,2022-11-03 21:46:00,32.594,3.8981,-42.404,173.686,"2",570000
"CP16609","RBOY","KK","M","234750","PTT",2022-10-28 07:26:00,2022-11-03 20:09:02,32.12,3.9534,-42.404,173.696,"0",564182
"CP16609","RBOY","KK","M","234750","PTT",2022-10-28 07:26:00,2022-11-03 20:09:02,32.12,3.9534,-42.404,173.696,"0",564182
"CP16609","RBOY","KK","M","234750","PTT",2022-10-28 07:26:00,2022-11-03 20:09:02,32.12,3.9534,-42.404,173.696,"0",564182
"CP16609","RBOY","KK","M","234750","PTT",2022-10-28 07:26:00,2022-11-03 20:09:02,32.594,3.9534,-42.404,173.696,"0",564182
"CP16609","RBOY","KK","M","234750","PTT",2022-10-28 07:26:00,2022-11-03 20:09:02,32.12,3.9613,-42.404,173.696,"0",564182
"CP16609","RBOY","KK","M","234750","PTT",2022-10-28 07:26:00,2022-11-03 20:09:02,32.594,3.9613,-42.404,173.696,"0",564182
"CP16609","RBOY","KK","M","234750","PTT",2022-10-28 07:26:00,2022-11-03 20:09:02,32.594,3.9613,-42.404,173.696,"0",564182
"CP16609","RBOY","KK","M","234750","PTT",2022-10-28 07:26:00,2022-11-03 20:09:02,32.12,3.9613,-42.404,173.696,"0",564182
"CP16609","RBOY","KK","M","234750","PTT",2022-10-28 07:26:00,2022-11-03 20:09:02,32.594,3.9613,-42.404,173.696,"0",564182
"CP16609","RBOY","KK","M","234750","PTT",2022-10-28 07:26:00,2022-11-03 20:09:02,32.594,3.9613,-42.404,173.696,"0",564182
"CP16609","RBOY","KK","M","234750","PTT",2022-10-28 07:26:00,2022-11-03 17:21:42,31.646,4.0798,-42.394,173.7,"0",554142
"CP16609","RBOY","KK","M","234750","PTT",2022-10-28 07:26:00,2022-11-03 17:21:42,31.172,4.0877,-42.394,173.7,"0",554142
"CP16609","RBOY","KK","M","234750","PTT",2022-10-28 07:26:00,2022-11-03 17:21:42,33.542,4.0877,-42.394,173.7,"0",554142
"CP16609","RBOY","KK","M","234750","PTT",2022-10-28 07:26:00,2022-11-03 17:21:42,34.016,4.0877,-42.394,173.7,"0",554142
"CP16609","RBOY","KK","M","234750","PTT",2022-10-28 07:26:00,2022-11-03 17:21:42,34.016,4.0877,-42.394,173.7,"0",554142
"CP16609","RBOY","KK","M","234750","PTT",2022-10-28 07:26:00,2022-11-03 17:21:42,34.49,4.0877,-42.394,173.7,"0",554142
"CP16609","RBOY","KK","M","234750","PTT",2022-10-28 07:26:00,2022-11-03 16:48:53,38.282,4.1035,-42.413,173.666,"1",552173
"CP16609","RBOY","KK","M","234750","PTT",2022-10-28 07:26:00,2022-11-03 16:48:53,38.756,4.1114,-42.413,173.666,"1",552173
"CP16609","RBOY","KK","M","234750","PTT",2022-10-28 07:26:00,2022-11-03 16:48:53,38.756,4.1035,-42.413,173.666,"1",552173
"CP16609","RBOY","KK","M","234750","PTT",2022-10-28 07:26:00,2022-11-03 16:48:53,38.282,4.1035,-42.413,173.666,"1",552173
"CP16609","RBOY","KK","M","234750","PTT",2022-10-28 07:26:00,2022-11-03 09:29:45,43.022,3.9534,-42.411,173.671,"1",525825
"CP16609","RBOY","KK","M","234750","PTT",2022-10-28 07:26:00,2022-11-03 09:29:45,-35.662,NA,-42.411,173.671,"1",525825
"CP16609","RBOY","KK","M","234750","PTT",2022-10-28 07:26:00,2022-11-03 08:38:05,-35.662,NA,-42.413,173.644,"B",522725
"CP16609","RBOY","KK","M","234750","PTT",2022-10-28 07:26:00,2022-11-03 07:48:55,-35.662,NA,-42.412,173.669,"2",519775
"CP16609","RBOY","KK","M","234750","PTT",2022-10-28 07:26:00,2022-11-03 07:47:57,-35.662,NA,-42.404,173.656,"1",519717
"CP16609","RBOY","KK","M","234750","PTT",2022-10-28 07:26:00,2022-11-03 07:47:57,40.178,3.8191,-42.404,173.656,"1",519717
"CP16609","RBOY","KK","M","234750","PTT",2022-10-28 07:26:00,2022-11-03 06:12:58,36.86,3.7559,-42.422,173.663,"B",514018
"CP16609","RBOY","KK","M","234750","PTT",2022-10-28 07:26:00,2022-11-03 06:12:58,36.86,3.7559,-42.413,173.679,"B",514018
"CP16609","RBOY","KK","M","234750","PTT",2022-10-28 07:26:00,2022-11-04 16:32:03,39.23,4.1035,-42.405,173.667,"3",637563
"CP16609","RBOY","KK","M","234750","PTT",2022-10-28 07:26:00,2022-11-04 16:32:03,39.23,4.1035,-42.405,173.667,"3",637563
"CP16609","RBOY","KK","M","234750","PTT",2022-10-28 07:26:00,2022-11-04 16:32:03,38.756,4.1035,-42.405,173.667,"3",637563
"CP16609","RBOY","KK","M","234750","PTT",2022-10-28 07:26:00,2022-11-04 16:32:03,38.756,4.1035,-42.405,173.667,"3",637563
"CP16609","RBOY","KK","M","234750","PTT",2022-10-28 07:26:00,2022-11-04 16:32:03,38.756,4.1035,-42.405,173.667,"3",637563
"CP16609","RBOY","KK","M","234750","PTT",2022-10-28 07:26:00,2022-11-04 16:48:59,37.334,4.0956,-42.422,173.705,"1",638579
"CP16609","RBOY","KK","M","234750","PTT",2022-10-28 07:26:00,2022-11-04 16:48:59,36.386,4.0877,-42.422,173.705,"1",638579
"CP16609","RBOY","KK","M","234750","PTT",2022-10-28 07:26:00,2022-11-04 16:48:59,36.86,4.0956,-42.422,173.705,"1",638579
"CP16609","RBOY","KK","M","234750","PTT",2022-10-28 07:26:00,2022-11-04 16:48:59,36.386,4.0956,-42.422,173.705,"1",638579
"CP16609","RBOY","KK","M","234750","PTT",2022-10-28 07:26:00,2022-11-04 16:48:59,36.386,4.0877,-42.422,173.705,"1",638579
"CP16609","RBOY","KK","M","234750","PTT",2022-10-28 07:26:00,2022-11-04 16:48:59,36.386,4.0877,-42.422,173.705,"1",638579
"CP16609","RBOY","KK","M","234750","PTT",2022-10-28 07:26:00,2022-11-04 16:48:59,36.386,4.0877,-42.422,173.705,"1",638579
"CP16609","RBOY","KK","M","234750","PTT",2022-10-28 07:26:00,2022-11-04 16:48:59,35.912,4.0877,-42.422,173.705,"1",638579
"CP16609","RBOY","KK","M","234750","PTT",2022-10-28 07:26:00,2022-11-04 05:32:03,32.594,3.7954,-42.412,173.668,"2",597963
"CP16609","RBOY","KK","M","234750","PTT",2022-10-28 07:26:00,2022-11-04 05:32:03,-35.662,NA,-42.412,173.668,"2",597963
"CP16609","RBOY","KK","M","234750","PTT",2022-10-28 07:26:00,2022-11-04 05:53:08,36.386,3.7954,-42.416,173.671,"2",599228
"CP16609","RBOY","KK","M","234750","PTT",2022-10-28 07:26:00,2022-11-04 05:53:08,-35.662,NA,-42.416,173.671,"2",599228
"CP16609","RBOY","KK","M","234750","PTT",2022-10-28 07:26:00,2022-11-04 07:10:51,-35.662,NA,-42.425,173.695,"B",603891
"CP16609","RBOY","KK","M","234750","PTT",2022-10-28 07:26:00,2022-11-04 07:27:54,-35.662,NA,-42.424,173.701,"0",604914
"CP16609","RBOY","KK","M","234750","PTT",2022-10-28 07:26:00,2022-11-04 07:35:23,-35.662,NA,-42.419,173.674,"2",605363
"CP16609","RBOY","KK","M","234750","PTT",2022-10-28 07:26:00,2022-11-04 07:35:23,43.97,3.8507,-42.419,173.674,"2",605363
"CP16609","RBOY","KK","M","234750","PTT",2022-10-28 07:26:00,2022-11-04 08:16:30,-35.662,NA,-42.409,173.7,"B",607830
"CP16609","RBOY","KK","M","234750","PTT",2022-10-28 07:26:00,2022-11-04 09:08:50,-35.662,NA,-42.411,173.666,"1",610970
"CP16609","RBOY","KK","M","234750","PTT",2022-10-28 07:26:00,2022-11-04 09:08:50,41.126,3.8823,-42.411,173.666,"1",610970
"CP16918","RRGO","KK","M","66891_2","PTT",2022-10-28 22:57:00,2022-11-13 17:09:11,25.01,4.0008,-42.407,173.651,"0",1361531
"CP16918","RRGO","KK","M","66891_2","PTT",2022-10-28 22:57:00,2022-11-13 17:09:11,-35.662,NA,-42.407,173.651,"0",1361531
"CP16918","RRGO","KK","M","66891_2","PTT",2022-10-28 22:57:00,2022-11-13 17:10:04,25.01,4.0008,-42.414,173.67,"0",1361584
"CP16918","RRGO","KK","M","66891_2","PTT",2022-10-28 22:57:00,2022-11-13 17:10:04,-35.662,NA,-42.414,173.67,"0",1361584
"CP16617","RBWO","KK","M","66967","PTT",2022-10-29 14:35:00,2022-11-13 15:28:28,-35.662,NA,-42.305,173.595,"B",1299208
"CP9099","RWLG","KK","F","234673","PTT",2022-10-26 17:55:00,2022-11-13 15:29:37,-35.662,NA,-42.379,173.715,"B",1546477
"CP9099","RWLG","KK","F","234673","PTT",2022-10-26 20:02:00,2022-11-13 15:29:37,-35.662,NA,-42.379,173.715,"B",1538857
"CP16609","RBOY","KK","M","234750","PTT",2022-10-28 07:26:00,2022-11-13 15:26:03,-35.662,NA,-42.442,173.62,"B",1411203
"CP16609","RBOY","KK","M","234750","PTT",2022-10-28 07:26:00,2022-11-13 17:08:48,36.86,3.7559,-42.415,173.669,"3",1417368
"CP16609","RBOY","KK","M","234750","PTT",2022-10-28 07:26:00,2022-11-13 17:08:48,-35.662,NA,-42.415,173.669,"3",1417368
"CP16609","RBOY","KK","M","234750","PTT",2022-10-28 07:26:00,2022-11-13 17:10:03,-35.662,NA,-42.415,173.669,"A",1417443
"CP16918","RRGO","KK","M","66891_2","PTT",2022-10-28 22:57:00,2022-11-13 19:49:59,24.062,3.8902,-42.417,173.646,"0",1371179
"CP16918","RRGO","KK","M","66891_2","PTT",2022-10-28 22:57:00,2022-11-13 19:49:59,-35.662,NA,-42.417,173.646,"0",1371179
"CP16918","RRGO","KK","M","66891_2","PTT",2022-10-28 22:57:00,2022-11-13 21:38:56,21.218,3.8191,-42.42,173.664,"1",1377716
"CP16918","RRGO","KK","M","66891_2","PTT",2022-10-28 22:57:00,2022-11-13 21:38:56,21.218,3.8191,-42.42,173.664,"1",1377716
"CP16918","RRGO","KK","M","66891_2","PTT",2022-10-28 22:57:00,2022-11-13 21:38:56,-35.662,NA,-42.42,173.664,"1",1377716
"CP16609","RBOY","KK","M","234750","PTT",2022-10-28 07:26:00,2022-11-13 19:49:27,35.438,3.7006,-42.41,173.679,"3",1427007
"CP16609","RBOY","KK","M","234750","PTT",2022-10-28 07:26:00,2022-11-13 19:49:27,-35.662,NA,-42.41,173.679,"3",1427007
"CP16609","RBOY","KK","M","234750","PTT",2022-10-28 07:26:00,2022-11-13 20:01:32,35.438,3.7006,-42.41,173.679,"B",1427732
"CP16918","RRGO","KK","M","66891_2","PTT",2022-10-28 22:57:00,2022-11-14 07:16:39,21.692,3.7796,-42.429,173.696,"0",1412379
"CP16918","RRGO","KK","M","66891_2","PTT",2022-10-28 22:57:00,2022-11-14 07:16:39,23.588,3.7717,-42.429,173.696,"0",1412379
"CP16918","RRGO","KK","M","66891_2","PTT",2022-10-28 22:57:00,2022-11-14 07:16:39,-35.662,NA,-42.429,173.696,"0",1412379
"CP16918","RRGO","KK","M","66891_2","PTT",2022-10-28 22:57:00,2022-11-14 07:21:57,22.64,3.7954,-42.391,173.612,"A",1412697
"CP16918","RRGO","KK","M","66891_2","PTT",2022-10-28 22:57:00,2022-11-14 07:21:57,-35.662,NA,-42.391,173.612,"A",1412697
"CP16918","RRGO","KK","M","66891_2","PTT",2022-10-28 22:57:00,2022-11-14 08:08:46,-35.662,NA,-42.445,173.688,"B",1415506
"CP9068","RBRL","KK","F","66903","PTT",2021-10-03 19:06:00,2022-11-14 07:17:40,25.958,3.4952,-42.392,173.621,"A",35122300
"CP16918","RRGO","KK","M","66891_2","PTT",2022-10-28 22:57:00,2022-12-17 16:07:07,30.224,3.9455,-42.42,173.66,"A",4295407
"CP16918","RRGO","KK","M","66891_2","PTT",2022-10-28 22:57:00,2022-12-17 16:07:07,-35.662,NA,-42.42,173.66,"A",4295407
"CP16918","RRGO","KK","M","66891_2","PTT",2022-10-28 22:57:00,2022-12-17 17:01:10,28.802,3.9297,-42.414,173.679,"1",4298650
"CP16918","RRGO","KK","M","66891_2","PTT",2022-10-28 22:57:00,2022-12-17 17:01:10,-35.662,NA,-42.414,173.679,"1",4298650
"CP16918","RRGO","KK","M","66891_2","PTT",2022-10-28 22:57:00,2022-12-17 19:46:07,24.062,3.8191,-42.431,173.659,"3",4308547
"CP16918","RRGO","KK","M","66891_2","PTT",2022-10-28 22:57:00,2022-12-17 19:46:07,-35.662,NA,-42.431,173.659,"3",4308547
"CP9099","RWLG","KK","F","234673","PTT",2022-10-26 17:55:00,2022-12-18 08:58:18,-35.662,NA,-42.404,173.671,"2",4546998
"CP9099","RWLG","KK","F","234673","PTT",2022-10-26 20:02:00,2022-12-18 08:58:18,-35.662,NA,-42.404,173.671,"2",4539378
"CP9099","RWLG","KK","F","234673","PTT",2022-10-26 17:55:00,2022-12-18 08:58:18,33.542,3.6927,-42.404,173.671,"2",4546998
"CP9099","RWLG","KK","F","234673","PTT",2022-10-26 20:02:00,2022-12-18 08:58:18,33.542,3.6927,-42.404,173.671,"2",4539378
"CP16617","RBWO","KK","M","66967","PTT",2022-10-29 14:35:00,2022-12-19 08:37:51,-35.662,NA,-42.376,173.632,"A",4384971
"CP16918","RRGO","KK","M","66891_2","PTT",2022-10-28 22:57:00,2022-12-19 16:27:00,20.744,3.8191,-42.403,173.66,"B",4469400
"CP16918","RRGO","KK","M","66891_2","PTT",2022-10-28 22:57:00,2022-12-19 16:27:00,-35.662,NA,-42.403,173.66,"B",4469400
"CP16616","RBWR","KK","M","66969","PTT",2022-10-28 18:07:00,2022-12-19 16:28:17,-35.662,NA,-42.418,173.681,"2",4486877
"CP16616","RBWR","KK","M","66969","PTT",2022-10-28 18:07:00,2022-12-19 16:44:33,31.646,3.6848,-42.393,173.541,"0",4487853
"CP16616","RBWR","KK","M","66969","PTT",2022-10-28 18:07:00,2022-12-19 16:44:33,-35.662,NA,-42.393,173.541,"0",4487853
"CP9099","RWLG","KK","F","234673","PTT",2022-10-26 17:55:00,2022-12-20 16:13:53,-35.662,NA,-42.411,173.685,"3",4745933
"CP9099","RWLG","KK","F","234673","PTT",2022-10-26 20:02:00,2022-12-20 16:13:53,-35.662,NA,-42.411,173.685,"3",4738313
"CP16609","RBOY","KK","M","234750","PTT",2022-10-28 07:26:00,2022-12-21 15:42:27,-35.662,NA,-42.356,173.671,"B",4695387
"CP16918","RRGO","KK","M","66891_2","PTT",2022-10-28 22:57:00,2022-12-22 09:17:20,27.854,3.0765,-42.411,173.678,"2",4702820
"CP16918","RRGO","KK","M","66891_2","PTT",2022-10-28 22:57:00,2022-12-22 09:17:20,-35.662,NA,-42.411,173.678,"2",4702820
"CP16918","RRGO","KK","M","66891_2","PTT",2022-10-28 22:57:00,2022-12-22 16:51:39,-35.662,NA,-42.38,173.668,"B",4730079
"CP16918","RRGO","KK","M","66891_2","PTT",2022-10-28 22:57:00,2022-12-22 17:10:32,25.01,3.6532,-42.423,173.679,"1",4731212
"CP16918","RRGO","KK","M","66891_2","PTT",2022-10-28 22:57:00,2022-12-22 17:10:32,-35.662,NA,-42.423,173.679,"1",4731212
"CP16607","RROW","KK","M","66894","PTT",2022-10-27 12:20:00,2022-12-22 16:51:19,36.386,3.7085,-42.417,173.684,"1",4854679
"CP16607","RROW","KK","M","66894","PTT",2022-10-27 12:20:00,2022-12-22 16:51:19,-35.662,NA,-42.417,173.684,"1",4854679
"CP16607","RROW","KK","M","66894","PTT",2022-10-27 12:20:00,2022-12-22 17:11:31,36.86,3.6927,-42.418,173.678,"A",4855891
"CP16607","RROW","KK","M","66894","PTT",2022-10-27 12:20:00,2022-12-22 17:11:31,-35.662,NA,-42.418,173.678,"A",4855891
"CP9099","RWLG","KK","F","234673","PTT",2022-10-26 17:55:00,2022-12-22 16:51:09,34.964,3.6927,-42.422,173.659,"0",4920969
"CP9099","RWLG","KK","F","234673","PTT",2022-10-26 20:02:00,2022-12-22 16:51:09,34.964,3.6927,-42.422,173.659,"0",4913349
"CP9099","RWLG","KK","F","234673","PTT",2022-10-26 17:55:00,2022-12-22 16:51:09,-35.662,NA,-42.422,173.659,"0",4920969
"CP9099","RWLG","KK","F","234673","PTT",2022-10-26 20:02:00,2022-12-22 16:51:09,-35.662,NA,-42.422,173.659,"0",4913349
"CP9099","RWLG","KK","F","234673","PTT",2022-10-26 17:55:00,2022-12-22 17:10:45,-35.662,NA,-42.419,173.678,"B",4922145
"CP9099","RWLG","KK","F","234673","PTT",2022-10-26 20:02:00,2022-12-22 17:10:45,-35.662,NA,-42.419,173.678,"B",4914525
"CP16609","RBOY","KK","M","234750","PTT",2022-10-28 07:26:00,2022-12-22 16:51:40,36.86,3.6848,-42.415,173.672,"1",4785940
"CP16609","RBOY","KK","M","234750","PTT",2022-10-28 07:26:00,2022-12-22 16:51:40,-35.662,NA,-42.415,173.672,"1",4785940
"CP16609","RBOY","KK","M","234750","PTT",2022-10-28 07:26:00,2022-12-22 17:10:26,-35.662,NA,-42.414,173.668,"3",4787066
"CP16918","RRGO","KK","M","66891_2","PTT",2022-10-28 22:57:00,2022-12-23 07:14:27,36.386,3.7243,-42.475,173.672,"B",4781847
"CP16918","RRGO","KK","M","66891_2","PTT",2022-10-28 22:57:00,2022-12-23 07:14:27,-35.662,NA,-42.475,173.672,"B",4781847
"CP16918","RRGO","KK","M","66891_2","PTT",2022-10-28 22:57:00,2022-12-23 07:54:18,-35.662,NA,-42.427,173.705,"A",4784238
"CP16918","RRGO","KK","M","66891_2","PTT",2022-10-28 22:57:00,2022-12-23 08:02:56,-35.662,NA,-42.427,173.704,"B",4784756
"CP16918","RRGO","KK","M","66891_2","PTT",2022-10-28 22:57:00,2022-12-23 08:54:58,22.64,3.7085,-42.416,173.751,"A",4787878
"CP16918","RRGO","KK","M","66891_2","PTT",2022-10-28 22:57:00,2022-12-23 08:54:58,-35.662,NA,-42.416,173.751,"A",4787878
"CP9068","RBRL","KK","F","66903","PTT",2021-10-03 19:06:00,2022-12-23 16:52:59,-35.662,NA,-42.425,173.729,"3",38526419
"CP16616","RBWR","KK","M","66969","PTT",2022-10-28 18:07:00,2022-12-23 16:21:40,-35.662,NA,-42.421,173.674,"A",4832080
"CP16616","RBWR","KK","M","66969","PTT",2022-10-28 18:07:00,2022-12-23 16:53:21,-35.662,NA,-42.415,173.665,"2",4833981
"CP16616","RBWR","KK","M","66969","PTT",2022-10-28 18:07:00,2022-12-23 18:01:10,-35.662,NA,-42.427,173.668,"A",4838050
"CP16918","RRGO","KK","M","66891_2","PTT",2022-10-28 22:57:00,2022-12-24 07:41:32,34.016,3.7322,-42.38,173.644,"A",4869872
"CP16918","RRGO","KK","M","66891_2","PTT",2022-10-28 22:57:00,2022-12-24 07:41:32,-35.662,NA,-42.38,173.644,"A",4869872
"CP16918","RRGO","KK","M","66891_2","PTT",2022-10-28 22:57:00,2022-12-24 08:34:50,38.756,3.7322,-42.417,173.677,"1",4873070
"CP16918","RRGO","KK","M","66891_2","PTT",2022-10-28 22:57:00,2022-12-24 08:34:50,39.23,3.7322,-42.417,173.677,"1",4873070
"CP16918","RRGO","KK","M","66891_2","PTT",2022-10-28 22:57:00,2022-12-24 08:34:50,-35.662,NA,-42.417,173.677,"1",4873070
"CP16918","RRGO","KK","M","66891_2","PTT",2022-10-28 22:57:00,2022-12-24 08:34:50,38.282,3.7322,-42.417,173.677,"1",4873070
"CP16609","RBOY","KK","M","234750","PTT",2022-10-28 07:26:00,2022-12-24 08:33:56,42.548,3.748,-42.408,173.658,"2",4928876
"CP16609","RBOY","KK","M","234750","PTT",2022-10-28 07:26:00,2022-12-24 08:33:56,-35.662,NA,-42.408,173.658,"2",4928876
"CP16918","RRGO","KK","M","66891_2","PTT",2022-10-28 22:57:00,2022-12-24 17:28:08,29.75,3.827,-42.428,173.704,"1",4905068
"CP16918","RRGO","KK","M","66891_2","PTT",2022-10-28 22:57:00,2022-12-24 17:28:08,-35.662,NA,-42.428,173.704,"1",4905068
"CP9068","RBRL","KK","F","66903","PTT",2021-10-03 19:06:00,2022-12-24 15:49:01,31.646,3.7164,-42.414,173.708,"3",38608981
"CP9068","RBRL","KK","F","66903","PTT",2021-10-03 19:06:00,2022-12-24 15:49:01,-35.662,NA,-42.414,173.708,"3",38608981
"CP9068","RBRL","KK","F","66903","PTT",2021-10-03 19:06:00,2022-12-24 15:49:01,31.646,3.7164,-42.414,173.708,"3",38608981
"CP16918","RRGO","KK","M","66891_2","PTT",2022-10-28 22:57:00,2022-12-24 20:01:52,-35.662,NA,-42.409,173.721,"B",4914292
"CP16918","RRGO","KK","M","66891_2","PTT",2022-10-28 22:57:00,2022-12-24 20:01:52,26.432,3.7085,-42.409,173.721,"B",4914292
"CP16918","RRGO","KK","M","66891_2","PTT",2022-10-28 22:57:00,2022-12-25 07:17:37,-35.662,NA,-42.383,173.672,"B",4954837
"CP16918","RRGO","KK","M","66891_2","PTT",2022-10-28 22:57:00,2022-12-25 07:30:09,35.438,3.7401,-42.423,173.708,"2",4955589
"CP16918","RRGO","KK","M","66891_2","PTT",2022-10-28 22:57:00,2022-12-25 07:30:09,-35.662,NA,-42.423,173.708,"2",4955589
"CP16918","RRGO","KK","M","66891_2","PTT",2022-10-28 22:57:00,2022-12-25 08:14:02,25.01,3.7638,-42.397,173.543,"A",4958222
"CP16918","RRGO","KK","M","66891_2","PTT",2022-10-28 22:57:00,2022-12-25 08:14:02,-35.662,NA,-42.397,173.543,"A",4958222
"CP9068","RBRL","KK","F","66903","PTT",2021-10-03 19:06:00,2022-12-25 07:30:02,-35.662,NA,-42.397,173.676,"0",38665442
"CP9068","RBRL","KK","F","66903","PTT",2021-10-03 19:06:00,2022-12-25 08:12:28,37.808,3.7164,-42.418,173.715,"2",38667988
"CP9068","RBRL","KK","F","66903","PTT",2021-10-03 19:06:00,2022-12-25 08:12:28,37.334,3.7164,-42.418,173.715,"2",38667988
"CP9068","RBRL","KK","F","66903","PTT",2021-10-03 19:06:00,2022-12-25 08:12:28,-35.662,NA,-42.418,173.715,"2",38667988
"CP16918","RRGO","KK","M","66891_2","PTT",2022-10-28 22:57:00,2022-12-25 16:18:51,-35.662,NA,-42.413,173.663,"B",4987311
"CP16918","RRGO","KK","M","66891_2","PTT",2022-10-28 22:57:00,2022-12-25 16:18:51,28.802,3.9297,-42.413,173.663,"B",4987311
"CP16918","RRGO","KK","M","66891_2","PTT",2022-10-28 22:57:00,2022-12-25 16:57:47,-35.662,NA,-42.4,173.642,"B",4989647
"CP16617","RBWO","KK","M","66967","PTT",2022-10-29 14:35:00,2022-12-25 16:18:44,-35.662,NA,-42.32,173.56,"B",4931024
"CP16918","RRGO","KK","M","66891_2","PTT",2022-10-28 22:57:00,2022-12-25 19:52:05,24.536,3.7954,-42.431,173.732,"1",5000105
"CP16918","RRGO","KK","M","66891_2","PTT",2022-10-28 22:57:00,2022-12-25 19:52:05,-35.662,NA,-42.431,173.732,"1",5000105
"CP16918","RRGO","KK","M","66891_2","PTT",2022-10-28 22:57:00,2022-12-25 22:09:31,23.114,3.7006,-42.418,173.726,"A",5008351
"CP16918","RRGO","KK","M","66891_2","PTT",2022-10-28 22:57:00,2022-12-25 22:09:31,-35.662,NA,-42.418,173.726,"A",5008351
"CP16918","RRGO","KK","M","66891_2","PTT",2022-10-28 22:57:00,2022-12-26 06:48:12,30.698,3.7401,-42.443,173.734,"A",5039472
"CP16918","RRGO","KK","M","66891_2","PTT",2022-10-28 22:57:00,2022-12-26 06:48:12,-35.662,NA,-42.443,173.734,"A",5039472
"CP16918","RRGO","KK","M","66891_2","PTT",2022-10-28 22:57:00,2022-12-26 07:18:34,33.542,3.7796,-42.43,173.729,"0",5041294
"CP16918","RRGO","KK","M","66891_2","PTT",2022-10-28 22:57:00,2022-12-26 07:18:34,34.016,3.7875,-42.43,173.729,"0",5041294
"CP16918","RRGO","KK","M","66891_2","PTT",2022-10-28 22:57:00,2022-12-26 07:18:34,-35.662,NA,-42.43,173.729,"0",5041294
"CP16918","RRGO","KK","M","66891_2","PTT",2022-10-28 22:57:00,2022-11-15 08:41:14,31.646,3.9218,-42.422,173.76,"0",1503854
"CP16918","RRGO","KK","M","66891_2","PTT",2022-10-28 22:57:00,2022-11-15 08:41:14,-35.662,NA,-42.422,173.76,"0",1503854
"CP16918","RRGO","KK","M","66891_2","PTT",2022-10-28 22:57:00,2022-11-15 08:41:14,32.594,3.9534,-42.422,173.76,"0",1503854
"CP16918","RRGO","KK","M","66891_2","PTT",2022-10-28 22:57:00,2022-11-15 07:04:57,-35.662,NA,-42.39,173.486,"0",1498077
"CP16918","RRGO","KK","M","66891_2","PTT",2022-10-28 22:57:00,2022-11-15 07:04:57,29.75,3.7954,-42.39,173.486,"0",1498077
"CP16918","RRGO","KK","M","66891_2","PTT",2022-10-28 22:57:00,2022-11-15 06:28:23,-35.662,NA,-42.393,173.568,"0",1495883
"CP16918","RRGO","KK","M","66891_2","PTT",2022-10-28 22:57:00,2022-11-15 06:28:23,30.698,3.8033,-42.393,173.568,"0",1495883
"CP16918","RRGO","KK","M","66891_2","PTT",2022-10-28 22:57:00,2022-11-15 05:57:18,24.062,3.3372,-42.412,173.672,"A",1494018
"CP16918","RRGO","KK","M","66891_2","PTT",2022-10-28 22:57:00,2022-11-15 05:57:18,-35.662,NA,-42.412,173.672,"A",1494018
"CP16918","RRGO","KK","M","66891_2","PTT",2022-10-28 22:57:00,2022-11-14 21:18:05,-35.662,NA,-42.417,173.668,"2",1462865
"CP16918","RRGO","KK","M","66891_2","PTT",2022-10-28 22:57:00,2022-11-14 21:18:05,23.588,3.7954,-42.417,173.668,"2",1462865
"CP16918","RRGO","KK","M","66891_2","PTT",2022-10-28 22:57:00,2022-11-14 21:18:05,23.588,3.7954,-42.417,173.668,"2",1462865
"CP16609","RBOY","KK","M","234750","PTT",2022-10-28 07:26:00,2022-11-14 16:53:33,-35.662,NA,-42.416,173.669,"3",1502853
"CP16609","RBOY","KK","M","234750","PTT",2022-10-28 07:26:00,2022-11-14 16:38:24,-35.662,NA,-42.408,173.615,"1",1501944
"CP16609","RBOY","KK","M","234750","PTT",2022-10-28 07:26:00,2022-11-14 16:38:24,34.964,3.7006,-42.408,173.615,"1",1501944
"CP16918","RRGO","KK","M","66891_2","PTT",2022-10-28 22:57:00,2022-11-14 16:53:09,-35.662,NA,-42.419,173.648,"1",1446969
"CP16918","RRGO","KK","M","66891_2","PTT",2022-10-28 22:57:00,2022-11-14 16:53:09,25.958,3.9534,-42.419,173.648,"1",1446969
"CP16918","RRGO","KK","M","66891_2","PTT",2022-10-28 22:57:00,2022-11-14 16:38:37,-35.662,NA,-42.462,173.943,"0",1446097
"CP16918","RRGO","KK","M","66891_2","PTT",2022-10-28 22:57:00,2022-11-14 16:38:37,26.906,3.9613,-42.462,173.943,"0",1446097
"CP9068","RBRL","KK","F","66903","PTT",2021-10-03 19:06:00,2022-11-14 07:20:27,-35.662,NA,-42.392,173.619,"B",35122467
"CP9068","RBRL","KK","F","66903","PTT",2021-10-03 19:06:00,2022-11-14 07:17:40,44.444,3.2029,-42.392,173.621,"A",35122300
"CP9068","RBRL","KK","F","66903","PTT",2021-10-03 19:06:00,2022-11-14 07:17:40,-35.662,NA,-42.392,173.621,"A",35122300
"CP9068","RBRL","KK","F","66903","PTT",2021-10-03 19:06:00,2022-11-15 08:40:45,38.282,3.7322,-42.364,173.619,"1",35213685
"CP9068","RBRL","KK","F","66903","PTT",2021-10-03 19:06:00,2022-11-15 08:40:45,-35.662,NA,-42.364,173.619,"1",35213685
"CP9068","RBRL","KK","F","66903","PTT",2021-10-03 19:06:00,2022-11-15 08:40:45,38.282,3.7322,-42.364,173.619,"1",35213685
"CP16918","RRGO","KK","M","66891_2","PTT",2022-10-28 22:57:00,2022-12-08 06:10:28,-35.662,NA,-42.417,173.679,"2",3482008
"CP16918","RRGO","KK","M","66891_2","PTT",2022-10-28 22:57:00,2022-12-08 07:26:28,23.114,3.7954,-42.352,173.766,"2",3486568
"CP16918","RRGO","KK","M","66891_2","PTT",2022-10-28 22:57:00,2022-12-08 07:26:28,-35.662,NA,-42.352,173.766,"2",3486568
"CP16918","RRGO","KK","M","66891_2","PTT",2022-10-28 22:57:00,2022-12-08 07:31:53,26.906,3.7954,-42.423,173.693,"1",3486893
"CP16918","RRGO","KK","M","66891_2","PTT",2022-10-28 22:57:00,2022-12-08 07:31:53,27.854,3.7875,-42.423,173.693,"1",3486893
"CP16918","RRGO","KK","M","66891_2","PTT",2022-10-28 22:57:00,2022-12-08 07:31:53,-35.662,NA,-42.423,173.693,"1",3486893
"CP16918","RRGO","KK","M","66891_2","PTT",2022-10-28 22:57:00,2022-12-08 09:04:38,33.542,3.8981,-42.383,173.632,"0",3492458
"CP16918","RRGO","KK","M","66891_2","PTT",2022-10-28 22:57:00,2022-12-08 09:04:38,-35.662,NA,-42.383,173.632,"0",3492458
"CP16918","RRGO","KK","M","66891_2","PTT",2022-10-28 22:57:00,2022-12-08 09:04:38,27.854,3.8191,-42.383,173.632,"0",3492458
"CP9068","RBRL","KK","F","66903","PTT",2021-10-03 19:06:00,2022-12-08 05:46:10,-35.662,NA,-42.377,173.639,"A",37190410
"CP9068","RBRL","KK","F","66903","PTT",2021-10-03 19:06:00,2022-12-08 05:46:10,36.386,3.7322,-42.377,173.639,"A",37190410
"CP9068","RBRL","KK","F","66903","PTT",2021-10-03 19:06:00,2022-12-08 05:51:35,35.438,3.7322,-42.377,173.665,"1",37190735
"CP9068","RBRL","KK","F","66903","PTT",2021-10-03 19:06:00,2022-12-08 05:51:35,-35.662,NA,-42.377,173.665,"1",37190735
"CP9068","RBRL","KK","F","66903","PTT",2021-10-03 19:06:00,2022-12-08 05:51:35,36.86,3.7322,-42.377,173.665,"1",37190735
"CP9068","RBRL","KK","F","66903","PTT",2021-10-03 19:06:00,2022-12-08 06:08:19,-35.662,NA,-42.358,173.652,"B",37191739
"CP9068","RBRL","KK","F","66903","PTT",2021-10-03 19:06:00,2022-12-08 07:31:53,32.12,3.7243,-42.349,173.635,"1",37196753
"CP9068","RBRL","KK","F","66903","PTT",2021-10-03 19:06:00,2022-12-08 07:31:53,-35.662,NA,-42.349,173.635,"1",37196753
"CP9068","RBRL","KK","F","66903","PTT",2021-10-03 19:06:00,2022-12-08 08:13:17,-35.662,NA,-42.328,173.644,"B",37199237
"CP16617","RBWO","KK","M","66967","PTT",2022-10-29 14:35:00,2022-12-08 09:05:32,-35.662,NA,-42.377,173.684,"1",3436232
"CP16616","RBWR","KK","M","66969","PTT",2022-10-28 18:07:00,2022-12-08 09:04:28,37.808,3.7401,-42.426,173.677,"2",3509848
"CP16616","RBWR","KK","M","66969","PTT",2022-10-28 18:07:00,2022-12-08 09:04:28,-35.662,NA,-42.426,173.677,"2",3509848
"CP16918","RRGO","KK","M","66891_2","PTT",2022-10-28 22:57:00,2022-12-08 15:48:29,-35.662,NA,-42.372,173.634,"B",3516689
"CP16918","RRGO","KK","M","66891_2","PTT",2022-10-28 22:57:00,2022-12-08 15:48:29,32.594,3.9929,-42.372,173.634,"B",3516689
"CP16918","RRGO","KK","M","66891_2","PTT",2022-10-28 22:57:00,2022-12-08 16:25:58,34.016,3.9929,-42.43,173.725,"0",3518938
"CP16918","RRGO","KK","M","66891_2","PTT",2022-10-28 22:57:00,2022-12-08 16:25:58,-35.662,NA,-42.43,173.725,"0",3518938
"CP16918","RRGO","KK","M","66891_2","PTT",2022-10-28 22:57:00,2022-12-08 16:25:58,29.75,3.985,-42.43,173.725,"0",3518938
"CP16918","RRGO","KK","M","66891_2","PTT",2022-10-28 22:57:00,2022-12-08 17:28:14,25.01,3.9613,-42.4,173.672,"0",3522674
"CP16918","RRGO","KK","M","66891_2","PTT",2022-10-28 22:57:00,2022-12-08 17:28:14,-35.662,NA,-42.4,173.672,"0",3522674
"CP9068","RBRL","KK","F","66903","PTT",2021-10-03 19:06:00,2022-12-08 14:11:31,26.906,2.9422,-42.281,173.607,"B",37220731
"CP9068","RBRL","KK","F","66903","PTT",2021-10-03 19:06:00,2022-12-08 16:26:22,36.386,3.7243,-42.381,173.659,"0",37228822
"CP9068","RBRL","KK","F","66903","PTT",2021-10-03 19:06:00,2022-12-08 16:26:22,-35.662,NA,-42.381,173.659,"0",37228822
"CP9068","RBRL","KK","F","66903","PTT",2021-10-03 19:06:00,2022-12-08 16:26:22,37.808,3.7322,-42.381,173.659,"0",37228822
"CP16617","RBWO","KK","M","66967","PTT",2022-10-29 14:35:00,2022-12-08 16:26:27,-35.662,NA,-42.376,173.657,"3",3462687
"CP16617","RBWO","KK","M","66967","PTT",2022-10-29 14:35:00,2022-12-08 17:28:38,-35.662,NA,-42.371,173.645,"3",3466418
"CP16616","RBWR","KK","M","66969","PTT",2022-10-28 18:07:00,2022-12-08 17:28:22,34.964,3.7085,-42.413,173.69,"1",3540082
"CP16616","RBWR","KK","M","66969","PTT",2022-10-28 18:07:00,2022-12-08 17:28:22,-35.662,NA,-42.413,173.69,"1",3540082
"CP9099","RWLG","KK","F","234673","PTT",2022-10-26 17:55:00,2022-12-08 15:48:30,-35.662,NA,-42.453,173.681,"B",3707610
"CP9099","RWLG","KK","F","234673","PTT",2022-10-26 20:02:00,2022-12-08 15:48:30,-35.662,NA,-42.453,173.681,"B",3699990
"CP9099","RWLG","KK","F","234673","PTT",2022-10-26 17:55:00,2022-12-08 16:26:44,36.86,3.6848,-42.42,173.685,"A",3709904
"CP9099","RWLG","KK","F","234673","PTT",2022-10-26 20:02:00,2022-12-08 16:26:44,36.86,3.6848,-42.42,173.685,"A",3702284
"CP9099","RWLG","KK","F","234673","PTT",2022-10-26 17:55:00,2022-12-08 16:26:44,-35.662,NA,-42.42,173.685,"A",3709904
"CP9099","RWLG","KK","F","234673","PTT",2022-10-26 20:02:00,2022-12-08 16:26:44,-35.662,NA,-42.42,173.685,"A",3702284
"CP9099","RWLG","KK","F","234673","PTT",2022-10-26 17:55:00,2022-12-08 17:27:44,34.49,3.6769,-42.414,173.675,"1",3713564
"CP9099","RWLG","KK","F","234673","PTT",2022-10-26 20:02:00,2022-12-08 17:27:44,34.49,3.6769,-42.414,173.675,"1",3705944
"CP9099","RWLG","KK","F","234673","PTT",2022-10-26 17:55:00,2022-12-08 17:27:44,-35.662,NA,-42.414,173.675,"1",3713564
"CP9099","RWLG","KK","F","234673","PTT",2022-10-26 20:02:00,2022-12-08 17:27:44,-35.662,NA,-42.414,173.675,"1",3705944
"CP16918","RRGO","KK","M","66891_2","PTT",2022-10-28 22:57:00,2022-12-08 21:23:31,22.64,3.8191,-42.41,173.701,"1",3536791
"CP16918","RRGO","KK","M","66891_2","PTT",2022-10-28 22:57:00,2022-12-08 21:23:31,22.166,3.8112,-42.41,173.701,"1",3536791
"CP16918","RRGO","KK","M","66891_2","PTT",2022-10-28 22:57:00,2022-12-08 21:23:31,-35.662,NA,-42.41,173.701,"1",3536791
"CP16918","RRGO","KK","M","66891_2","PTT",2022-10-28 22:57:00,2022-12-09 05:28:04,-35.662,NA,-42.382,173.829,"B",3565864
"CP16918","RRGO","KK","M","66891_2","PTT",2022-10-28 22:57:00,2022-12-09 08:42:02,25.958,3.6769,-42.402,173.697,"B",3577502
"CP16918","RRGO","KK","M","66891_2","PTT",2022-10-28 22:57:00,2022-12-09 16:09:17,-35.662,NA,-42.419,173.669,"2",3604337
"CP16918","RRGO","KK","M","66891_2","PTT",2022-10-28 22:57:00,2022-12-09 16:09:17,40.178,4.0166,-42.419,173.669,"2",3604337
"CP16918","RRGO","KK","M","66891_2","PTT",2022-10-28 22:57:00,2022-12-09 16:56:45,31.646,3.985,-42.415,173.683,"1",3607185
"CP16918","RRGO","KK","M","66891_2","PTT",2022-10-28 22:57:00,2022-12-09 16:56:45,-35.662,NA,-42.415,173.683,"1",3607185
"CP16617","RBWO","KK","M","66967","PTT",2022-10-29 14:35:00,2022-12-09 16:10:11,37.808,3.7322,-42.379,173.598,"0",3548111
"CP16617","RBWO","KK","M","66967","PTT",2022-10-29 14:35:00,2022-12-09 16:10:11,-35.662,NA,-42.379,173.598,"0",3548111
"CP16617","RBWO","KK","M","66967","PTT",2022-10-29 14:35:00,2022-12-09 16:57:05,36.86,3.7164,-42.364,173.618,"1",3550925
"CP16617","RBWO","KK","M","66967","PTT",2022-10-29 14:35:00,2022-12-09 16:57:05,-35.662,NA,-42.364,173.618,"1",3550925
"CP16616","RBWR","KK","M","66969","PTT",2022-10-28 18:07:00,2022-12-09 16:09:02,-35.662,NA,-42.393,173.715,"B",3621722
"CP16616","RBWR","KK","M","66969","PTT",2022-10-28 18:07:00,2022-12-09 16:09:02,39.23,3.7243,-42.393,173.715,"B",3621722
"CP16918","RRGO","KK","M","66891_2","PTT",2022-10-28 22:57:00,2022-12-26 07:52:01,34.49,3.8112,-42.413,173.689,"0",5043301
"CP16918","RRGO","KK","M","66891_2","PTT",2022-10-28 22:57:00,2022-12-26 07:52:01,34.964,3.8033,-42.413,173.689,"0",5043301
"CP16918","RRGO","KK","M","66891_2","PTT",2022-10-28 22:57:00,2022-12-26 07:52:01,-35.662,NA,-42.413,173.689,"0",5043301
"CP16918","RRGO","KK","M","66891_2","PTT",2022-10-28 22:57:00,2022-12-26 08:41:01,-35.662,NA,-42.426,173.714,"B",5046241
"CP16918","RRGO","KK","M","66891_2","PTT",2022-10-28 22:57:00,2022-12-26 09:35:49,-35.662,NA,-42.421,173.708,"B",5049529
"CP16918","RRGO","KK","M","66891_2","PTT",2022-10-28 22:57:00,2022-12-26 16:02:17,-35.662,NA,-42.372,173.638,"B",5072717
"CP16918","RRGO","KK","M","66891_2","PTT",2022-10-28 22:57:00,2022-12-26 16:25:51,-35.662,NA,-42.411,173.72,"1",5074131
"CP16918","RRGO","KK","M","66891_2","PTT",2022-10-28 22:57:00,2022-12-26 16:25:51,30.698,4.0008,-42.411,173.72,"1",5074131
"CP16918","RRGO","KK","M","66891_2","PTT",2022-10-28 22:57:00,2022-12-26 17:36:50,32.12,3.9771,-42.423,173.638,"B",5078390
"CP16918","RRGO","KK","M","66891_2","PTT",2022-10-28 22:57:00,2022-12-26 17:36:50,-35.662,NA,-42.423,173.638,"B",5078390
"CP16918","RRGO","KK","M","66891_2","PTT",2022-10-28 22:57:00,2022-12-26 18:05:46,-35.662,NA,-42.405,173.706,"B",5080126
"CP9068","RBRL","KK","F","66903","PTT",2021-10-03 19:06:00,2022-12-26 16:26:51,-35.662,NA,-42.416,173.619,"B",38784051
"CP9068","RBRL","KK","F","66903","PTT",2021-10-03 19:06:00,2022-12-26 16:26:51,34.016,3.7875,-42.416,173.619,"B",38784051
"CP16617","RBWO","KK","M","66967","PTT",2022-10-29 14:35:00,2022-12-26 16:03:49,39.704,3.7954,-42.372,173.642,"A",5016529
"CP16617","RBWO","KK","M","66967","PTT",2022-10-29 14:35:00,2022-12-26 16:03:49,-35.662,NA,-42.372,173.642,"A",5016529
"CP16617","RBWO","KK","M","66967","PTT",2022-10-29 14:35:00,2022-12-26 16:26:39,-35.662,NA,-42.372,173.684,"3",5017899
"CP16609","RBOY","KK","M","234750","PTT",2022-10-28 07:26:00,2022-12-26 17:36:52,-35.662,NA,-42.413,173.671,"A",5134252
"CP16609","RBOY","KK","M","234750","PTT",2022-10-28 07:26:00,2022-12-26 17:36:52,37.334,3.7164,-42.413,173.671,"A",5134252
"CP16918","RRGO","KK","M","66891_2","PTT",2022-10-28 22:57:00,2022-12-26 18:05:46,-35.662,NA,-42.443,173.695,"B",5080126
"CP16918","RRGO","KK","M","66891_2","PTT",2022-10-28 22:57:00,2022-12-26 19:37:40,-35.662,NA,-42.416,173.671,"B",5085640
"CP16918","RRGO","KK","M","66891_2","PTT",2022-10-28 22:57:00,2022-12-26 21:19:31,-35.662,NA,-42.417,173.668,"B",5091751
"CP16918","RRGO","KK","M","66891_2","PTT",2022-10-28 22:57:00,2022-12-26 21:50:22,24.536,3.8112,-42.421,173.71,"1",5093602
"CP16918","RRGO","KK","M","66891_2","PTT",2022-10-28 22:57:00,2022-12-26 21:50:22,24.536,3.8033,-42.421,173.71,"1",5093602
"CP16918","RRGO","KK","M","66891_2","PTT",2022-10-28 22:57:00,2022-12-26 21:50:22,-35.662,NA,-42.421,173.71,"1",5093602
"CP16918","RRGO","KK","M","66891_2","PTT",2022-10-28 22:57:00,2022-12-27 07:04:47,33.068,2.6815,-42.452,173.706,"B",5126867
"CP16918","RRGO","KK","M","66891_2","PTT",2022-10-28 22:57:00,2022-12-27 07:31:56,24.062,3.7006,-42.434,173.605,"A",5128496
"CP16918","RRGO","KK","M","66891_2","PTT",2022-10-28 22:57:00,2022-12-27 07:31:56,-35.662,NA,-42.434,173.605,"A",5128496
"CP16918","RRGO","KK","M","66891_2","PTT",2022-10-28 22:57:00,2022-12-27 08:20:16,35.912,3.7164,-42.51,174.225,"A",5131396
"CP16918","RRGO","KK","M","66891_2","PTT",2022-10-28 22:57:00,2022-12-27 08:20:16,-35.662,NA,-42.51,174.225,"A",5131396
"CP16918","RRGO","KK","M","66891_2","PTT",2022-10-28 22:57:00,2022-12-27 09:11:40,38.756,3.7875,-42.414,173.759,"0",5134480
"CP16918","RRGO","KK","M","66891_2","PTT",2022-10-28 22:57:00,2022-12-27 09:11:40,-35.662,NA,-42.414,173.759,"0",5134480
"CP16607","RROW","KK","M","66894","PTT",2022-10-27 12:20:00,2022-12-27 09:11:35,41.6,3.7085,-42.419,173.646,"3",5259095
"CP16607","RROW","KK","M","66894","PTT",2022-10-27 12:20:00,2022-12-27 09:11:35,-35.662,NA,-42.419,173.646,"3",5259095
"CP16616","RBWR","KK","M","66969","PTT",2022-10-28 18:07:00,2022-12-27 08:19:11,-35.662,NA,-42.332,173.325,"B",5148731
"CP16616","RBWR","KK","M","66969","PTT",2022-10-28 18:07:00,2022-12-27 09:12:19,-35.662,NA,-42.407,173.681,"0",5151919
"CP16918","RRGO","KK","M","66891_2","PTT",2022-10-28 22:57:00,2022-12-27 17:19:57,20.27,3.8033,-42.378,173.246,"B",5163777
"CP16617","RBWO","KK","M","66967","PTT",2022-10-29 14:35:00,2022-12-27 15:44:59,-35.662,NA,-42.412,173.742,"B",5101799
"CP16918","RRGO","KK","M","66891_2","PTT",2022-10-28 22:57:00,2022-12-28 08:52:22,39.23,4.1746,-42.413,173.668,"1",5219722
"CP16918","RRGO","KK","M","66891_2","PTT",2022-10-28 22:57:00,2022-12-28 08:52:22,-35.662,NA,-42.413,173.668,"1",5219722
"CP16918","RRGO","KK","M","66891_2","PTT",2022-10-28 22:57:00,2022-12-28 08:52:22,37.808,3.8744,-42.413,173.668,"1",5219722
"CP16918","RRGO","KK","M","66891_2","PTT",2022-10-28 22:57:00,2022-12-10 16:25:48,29.75,3.9534,-42.417,173.673,"1",3691728
"CP9099","RWLG","KK","F","234673","PTT",2022-10-26 17:55:00,2022-12-10 08:25:05,-35.662,NA,-42.45,173.815,"0",3853805
"CP9099","RWLG","KK","F","234673","PTT",2022-10-26 20:02:00,2022-12-10 08:25:05,-35.662,NA,-42.45,173.815,"0",3846185
"CP9099","RWLG","KK","F","234673","PTT",2022-10-26 17:55:00,2022-12-10 08:25:05,39.704,3.6848,-42.45,173.815,"0",3853805
"CP9099","RWLG","KK","F","234673","PTT",2022-10-26 20:02:00,2022-12-10 08:25:05,39.704,3.6848,-42.45,173.815,"0",3846185
"CP9099","RWLG","KK","F","234673","PTT",2022-10-26 17:55:00,2022-12-10 07:09:38,-35.662,NA,-42.415,173.704,"0",3849278
"CP9099","RWLG","KK","F","234673","PTT",2022-10-26 20:02:00,2022-12-10 07:09:38,-35.662,NA,-42.415,173.704,"0",3841658
"CP9099","RWLG","KK","F","234673","PTT",2022-10-26 17:55:00,2022-12-10 07:09:38,34.964,3.7085,-42.415,173.704,"0",3849278
"CP9099","RWLG","KK","F","234673","PTT",2022-10-26 20:02:00,2022-12-10 07:09:38,34.964,3.7085,-42.415,173.704,"0",3841658
"CP9099","RWLG","KK","F","234673","PTT",2022-10-26 17:55:00,2022-12-10 06:46:43,-35.662,NA,-42.406,173.676,"A",3847903
"CP9099","RWLG","KK","F","234673","PTT",2022-10-26 20:02:00,2022-12-10 06:46:43,-35.662,NA,-42.406,173.676,"A",3840283
"CP9068","RBRL","KK","F","66903","PTT",2021-10-03 19:06:00,2022-12-10 08:25:14,-35.662,NA,-42.383,173.613,"B",37372754
"CP9068","RBRL","KK","F","66903","PTT",2021-10-03 19:06:00,2022-12-10 07:08:43,33.068,3.7322,-42.361,173.609,"1",37368163
"CP9068","RBRL","KK","F","66903","PTT",2021-10-03 19:06:00,2022-12-10 07:08:43,-35.662,NA,-42.361,173.609,"1",37368163
"CP9068","RBRL","KK","F","66903","PTT",2021-10-03 19:06:00,2022-12-10 07:08:43,36.386,3.7164,-42.361,173.609,"1",37368163
"CP9068","RBRL","KK","F","66903","PTT",2021-10-03 19:06:00,2022-12-10 07:08:43,35.438,3.7164,-42.361,173.609,"1",37368163
"CP9068","RBRL","KK","F","66903","PTT",2021-10-03 19:06:00,2022-12-10 06:49:54,37.334,3.748,-42.371,173.617,"B",37367034
"CP9068","RBRL","KK","F","66903","PTT",2021-10-03 19:06:00,2022-12-10 06:47:48,-35.662,NA,-42.363,173.616,"B",37366908
"CP16918","RRGO","KK","M","66891_2","PTT",2022-10-28 22:57:00,2022-12-10 08:25:09,33.542,4.301,-42.468,173.949,"0",3662889
"CP16918","RRGO","KK","M","66891_2","PTT",2022-10-28 22:57:00,2022-12-10 08:25:09,-35.662,NA,-42.468,173.949,"0",3662889
"CP16918","RRGO","KK","M","66891_2","PTT",2022-10-28 22:57:00,2022-12-10 08:25:09,31.172,3.8112,-42.468,173.949,"0",3662889
"CP16918","RRGO","KK","M","66891_2","PTT",2022-10-28 22:57:00,2022-12-10 08:25:09,32.594,3.8112,-42.468,173.949,"0",3662889
"CP16918","RRGO","KK","M","66891_2","PTT",2022-10-28 22:57:00,2022-12-10 07:07:53,-35.662,NA,-42.424,173.749,"0",3658253
"CP16918","RRGO","KK","M","66891_2","PTT",2022-10-28 22:57:00,2022-12-10 07:07:53,25.958,3.7717,-42.424,173.749,"0",3658253
"CP16918","RRGO","KK","M","66891_2","PTT",2022-10-28 22:57:00,2022-12-10 06:47:22,28.328,3.7559,-42.357,173.747,"B",3657022
"CP16609","RBOY","KK","M","234750","PTT",2022-10-28 07:26:00,2022-12-09 18:39:48,-35.662,NA,-42.421,173.677,"B",3669228
"CP16918","RRGO","KK","M","66891_2","PTT",2022-10-28 22:57:00,2022-12-09 21:02:14,-35.662,NA,-42.411,173.718,"B",3621914
"CP16918","RRGO","KK","M","66891_2","PTT",2022-10-28 22:57:00,2022-12-09 21:02:14,23.114,3.8507,-42.411,173.718,"B",3621914
"CP16609","RBOY","KK","M","234750","PTT",2022-10-28 07:26:00,2022-12-09 18:39:48,-35.662,NA,-42.428,173.68,"B",3669228
"CP16609","RBOY","KK","M","234750","PTT",2022-10-28 07:26:00,2022-12-09 17:42:17,-35.662,NA,-42.417,173.666,"B",3665777
"CP16609","RBOY","KK","M","234750","PTT",2022-10-28 07:26:00,2022-12-09 16:57:17,-35.662,NA,-42.413,173.667,"3",3663077
"CP16609","RBOY","KK","M","234750","PTT",2022-10-28 07:26:00,2022-12-09 16:57:17,39.704,3.7085,-42.413,173.667,"3",3663077
"CP16609","RBOY","KK","M","234750","PTT",2022-10-28 07:26:00,2022-12-09 16:08:08,-35.662,NA,-42.415,173.667,"A",3660128
"CP16616","RBWR","KK","M","66969","PTT",2022-10-28 18:07:00,2022-12-09 16:57:07,-35.662,NA,-42.418,173.688,"2",3624607
"CP16616","RBWR","KK","M","66969","PTT",2022-10-28 18:07:00,2022-12-09 16:57:07,35.438,3.7006,-42.418,173.688,"2",3624607
"CP16918","RRGO","KK","M","66891_2","PTT",2022-10-28 22:57:00,2022-12-10 16:25:48,-35.662,NA,-42.417,173.673,"1",3691728
"CP16918","RRGO","KK","M","66891_2","PTT",2022-10-28 22:57:00,2022-12-10 17:24:55,32.594,3.9771,-42.437,173.688,"B",3695275
"CP16918","RRGO","KK","M","66891_2","PTT",2022-10-28 22:57:00,2022-12-10 18:06:38,-35.662,NA,-42.43,173.669,"0",3697778
"CP16918","RRGO","KK","M","66891_2","PTT",2022-10-28 22:57:00,2022-12-10 18:06:38,28.328,3.9613,-42.43,173.669,"0",3697778
"CP16616","RBWR","KK","M","66969","PTT",2022-10-28 18:07:00,2022-12-10 16:26:02,37.808,3.7243,-42.418,173.678,"2",3709142
"CP16918","RRGO","KK","M","66891_2","PTT",2022-10-28 22:57:00,2022-11-04 19:57:54,22.166,3.8665,-42.409,173.724,"1",594054
"CP16918","RRGO","KK","M","66891_2","PTT",2022-10-28 22:57:00,2022-11-04 19:57:54,21.692,3.8665,-42.409,173.724,"1",594054
"CP16918","RRGO","KK","M","66891_2","PTT",2022-10-28 22:57:00,2022-11-04 19:57:54,-35.662,NA,-42.409,173.724,"1",594054
"CP16918","RRGO","KK","M","66891_2","PTT",2022-10-28 22:57:00,2022-11-04 21:26:51,21.692,3.8112,-42.427,173.614,"1",599391
"CP16918","RRGO","KK","M","66891_2","PTT",2022-10-28 22:57:00,2022-11-04 21:26:51,21.692,3.8112,-42.427,173.614,"1",599391
"CP16918","RRGO","KK","M","66891_2","PTT",2022-10-28 22:57:00,2022-11-04 21:26:51,22.166,3.8112,-42.427,173.614,"1",599391
"CP16918","RRGO","KK","M","66891_2","PTT",2022-10-28 22:57:00,2022-11-04 21:26:51,-35.662,NA,-42.427,173.614,"1",599391
"CP16918","RRGO","KK","M","66891_2","PTT",2022-10-28 22:57:00,2022-11-04 23:04:06,-35.662,NA,-42.436,173.557,"B",605226
"CP16609","RBOY","KK","M","234750","PTT",2022-10-28 07:26:00,2022-11-04 19:57:43,29.75,3.9534,-42.416,173.662,"2",649903
"CP16609","RBOY","KK","M","234750","PTT",2022-10-28 07:26:00,2022-11-04 19:57:43,30.224,3.9534,-42.416,173.662,"2",649903
"CP16609","RBOY","KK","M","234750","PTT",2022-10-28 07:26:00,2022-11-04 19:57:43,30.224,3.9534,-42.416,173.662,"2",649903
"CP16609","RBOY","KK","M","234750","PTT",2022-10-28 07:26:00,2022-11-04 19:57:43,30.698,3.9534,-42.416,173.662,"2",649903
"CP16609","RBOY","KK","M","234750","PTT",2022-10-28 07:26:00,2022-11-04 19:57:43,30.698,3.9534,-42.416,173.662,"2",649903
"CP16609","RBOY","KK","M","234750","PTT",2022-10-28 07:26:00,2022-11-04 19:57:43,30.224,3.9534,-42.416,173.662,"2",649903
"CP16609","RBOY","KK","M","234750","PTT",2022-10-28 07:26:00,2022-11-04 19:57:43,30.224,3.9534,-42.416,173.662,"2",649903
"CP16609","RBOY","KK","M","234750","PTT",2022-10-28 07:26:00,2022-11-04 19:57:43,30.224,3.9534,-42.416,173.662,"2",649903
"CP16609","RBOY","KK","M","234750","PTT",2022-10-28 07:26:00,2022-11-04 21:26:46,30.224,3.8981,-42.416,173.652,"1",655246
"CP16609","RBOY","KK","M","234750","PTT",2022-10-28 07:26:00,2022-11-04 21:26:46,-35.662,NA,-42.416,173.652,"1",655246
"CP16918","RRGO","KK","M","66891_2","PTT",2022-10-28 22:57:00,2022-11-07 17:15:58,26.432,3.9771,-42.416,173.67,"3",843538
"CP16918","RRGO","KK","M","66891_2","PTT",2022-10-28 22:57:00,2022-11-07 17:15:58,-35.662,NA,-42.416,173.67,"3",843538
"CP16607","RROW","KK","M","66894","PTT",2022-10-27 12:20:00,2022-11-07 16:55:57,36.386,3.7085,-42.414,173.669,"2",966957
"CP16607","RROW","KK","M","66894","PTT",2022-10-27 12:20:00,2022-11-07 16:55:57,-35.662,NA,-42.414,173.669,"2",966957
"CP16607","RROW","KK","M","66894","PTT",2022-10-27 12:20:00,2022-11-07 17:15:23,-35.662,NA,-42.416,173.67,"2",968123
"CP16607","RROW","KK","M","66894","PTT",2022-10-27 12:20:00,2022-11-07 17:15:23,34.964,3.7085,-42.416,173.67,"2",968123
"CP16609","RBOY","KK","M","234750","PTT",2022-10-28 07:26:00,2022-11-07 16:59:38,31.646,3.7954,-42.362,173.314,"0",898418
"CP16609","RBOY","KK","M","234750","PTT",2022-10-28 07:26:00,2022-11-07 16:59:38,-35.662,NA,-42.362,173.314,"0",898418
"CP16609","RBOY","KK","M","234750","PTT",2022-10-28 07:26:00,2022-11-07 17:16:16,35.438,3.7954,-42.416,173.637,"1",899416
"CP16609","RBOY","KK","M","234750","PTT",2022-10-28 07:26:00,2022-11-07 17:16:16,-35.662,NA,-42.416,173.637,"1",899416
"CP9068","RBRL","KK","F","66903","PTT",2021-10-03 19:06:00,2022-12-28 15:24:25,-35.662,NA,-42.462,173.735,"B",38953105
"CP16918","RRGO","KK","M","66891_2","PTT",2022-10-28 22:57:00,2022-12-28 19:15:20,25.484,3.7796,-42.429,173.685,"A",5257100
"CP16918","RRGO","KK","M","66891_2","PTT",2022-10-28 22:57:00,2022-12-28 19:15:20,-35.662,NA,-42.429,173.685,"A",5257100
"CP16918","RRGO","KK","M","66891_2","PTT",2022-10-28 22:57:00,2022-12-28 20:55:43,24.536,3.7006,-42.421,173.679,"B",5263123
"CP16918","RRGO","KK","M","66891_2","PTT",2022-10-28 22:57:00,2022-12-28 21:07:03,24.536,3.6927,-42.414,173.675,"1",5263803
"CP16918","RRGO","KK","M","66891_2","PTT",2022-10-28 22:57:00,2022-12-28 21:07:03,-35.662,NA,-42.414,173.675,"1",5263803
"CP16918","RRGO","KK","M","66891_2","PTT",2022-10-28 22:57:00,2022-12-28 21:07:03,25.01,3.6927,-42.414,173.675,"1",5263803
"CP16918","RRGO","KK","M","66891_2","PTT",2022-10-28 22:57:00,2022-12-29 06:42:34,36.86,3.7875,-42.422,173.754,"1",5298334
"CP16918","RRGO","KK","M","66891_2","PTT",2022-10-28 22:57:00,2022-12-29 06:42:34,34.964,3.7717,-42.422,173.754,"1",5298334
"CP16918","RRGO","KK","M","66891_2","PTT",2022-10-28 22:57:00,2022-12-29 06:42:34,-35.662,NA,-42.422,173.754,"1",5298334
"CP16918","RRGO","KK","M","66891_2","PTT",2022-10-28 22:57:00,2022-12-29 06:55:29,-35.662,NA,-42.423,173.754,"B",5299109
"CP16918","RRGO","KK","M","66891_2","PTT",2022-10-28 22:57:00,2022-12-29 08:31:11,36.86,3.7717,-42.411,173.649,"0",5304851
"CP16918","RRGO","KK","M","66891_2","PTT",2022-10-28 22:57:00,2022-12-29 08:31:11,-35.662,NA,-42.411,173.649,"0",5304851
"CP16918","RRGO","KK","M","66891_2","PTT",2022-10-28 22:57:00,2022-12-29 08:31:11,34.016,3.7559,-42.411,173.649,"0",5304851
"CP9068","RBRL","KK","F","66903","PTT",2021-10-03 19:06:00,2022-12-29 06:41:34,39.23,3.7559,-42.436,173.762,"B",39008134
"CP9068","RBRL","KK","F","66903","PTT",2021-10-03 19:06:00,2022-12-29 06:41:34,-35.662,NA,-42.436,173.762,"B",39008134
"CP9068","RBRL","KK","F","66903","PTT",2021-10-03 19:06:00,2022-12-29 08:28:57,-35.662,NA,-42.447,173.795,"B",39014577
"CP16616","RBWR","KK","M","66969","PTT",2022-10-28 18:07:00,2022-12-29 06:06:56,39.704,3.748,-41.788,174.681,"Z",5313596
"CP16616","RBWR","KK","M","66969","PTT",2022-10-28 18:07:00,2022-12-29 06:06:56,-35.662,NA,-41.788,174.681,"Z",5313596
"CP16616","RBWR","KK","M","66969","PTT",2022-10-28 18:07:00,2022-12-29 06:41:55,40.178,3.7164,-42.415,173.655,"2",5315695
"CP16616","RBWR","KK","M","66969","PTT",2022-10-28 18:07:00,2022-12-29 06:41:55,-35.662,NA,-42.415,173.655,"2",5315695
"CP16616","RBWR","KK","M","66969","PTT",2022-10-28 18:07:00,2022-12-29 06:41:55,39.23,3.7164,-42.415,173.655,"2",5315695
"CP16616","RBWR","KK","M","66969","PTT",2022-10-28 18:07:00,2022-12-29 06:52:46,34.964,3.7243,-42.424,173.65,"B",5316346
"CP16616","RBWR","KK","M","66969","PTT",2022-10-28 18:07:00,2022-12-29 06:52:46,-35.662,NA,-42.424,173.65,"B",5316346
"CP16616","RBWR","KK","M","66969","PTT",2022-10-28 18:07:00,2022-12-29 08:30:19,-35.662,NA,-42.402,173.589,"1",5322199
"CP16616","RBWR","KK","M","66969","PTT",2022-10-28 18:07:00,2022-12-29 08:30:19,43.496,3.6769,-42.402,173.589,"1",5322199
"CP16918","RRGO","KK","M","66891_2","PTT",2022-10-28 22:57:00,2022-12-29 16:45:55,31.646,3.8744,-42.386,173.538,"0",5334535
"CP16918","RRGO","KK","M","66891_2","PTT",2022-10-28 22:57:00,2022-12-29 16:45:55,-35.662,NA,-42.386,173.538,"0",5334535
"CP9068","RBRL","KK","F","66903","PTT",2021-10-03 19:06:00,2022-12-29 16:32:35,42.074,3.7322,-42.433,173.745,"0",39043595
"CP9068","RBRL","KK","F","66903","PTT",2021-10-03 19:06:00,2022-12-29 16:32:35,43.496,3.7322,-42.433,173.745,"0",39043595
"CP9068","RBRL","KK","F","66903","PTT",2021-10-03 19:06:00,2022-12-29 16:32:35,-35.662,NA,-42.433,173.745,"0",39043595
"CP9068","RBRL","KK","F","66903","PTT",2021-10-03 19:06:00,2022-12-29 16:45:58,36.86,3.7243,-42.402,173.55,"0",39044398
"CP9068","RBRL","KK","F","66903","PTT",2021-10-03 19:06:00,2022-12-29 16:45:58,-35.662,NA,-42.402,173.55,"0",39044398
"CP9068","RBRL","KK","F","66903","PTT",2021-10-03 19:06:00,2022-12-29 16:45:58,40.178,3.7164,-42.402,173.55,"0",39044398
"CP16111","RBGB","KK","F","234672","PTT",2022-10-26 18:35:00,2022-12-29 16:33:25,-35.662,NA,-42.418,173.638,"3",5522305
"CP16111","RBGB","KK","F","234672","PTT",2022-10-26 18:35:00,2022-12-29 16:44:55,39.704,3.7006,-42.417,173.628,"0",5522995
"CP16111","RBGB","KK","F","234672","PTT",2022-10-26 18:35:00,2022-12-29 16:44:55,-35.662,NA,-42.417,173.628,"0",5522995
"CP16918","RRGO","KK","M","66891_2","PTT",2022-10-28 22:57:00,2022-12-29 21:35:00,-35.662,NA,-42.465,173.59,"B",5351880
"CP16918","RRGO","KK","M","66891_2","PTT",2022-10-28 22:57:00,2022-12-31 05:51:50,-35.662,NA,-42.374,173.57,"B",5468090
"CP16918","RRGO","KK","M","66891_2","PTT",2022-10-28 22:57:00,2022-12-31 06:17:22,29.75,3.6848,-42.429,173.712,"1",5469622
"CP16918","RRGO","KK","M","66891_2","PTT",2022-10-28 22:57:00,2022-12-31 06:17:22,-35.662,NA,-42.429,173.712,"1",5469622
"CP16918","RRGO","KK","M","66891_2","PTT",2022-10-28 22:57:00,2022-12-31 06:17:22,30.224,3.6769,-42.429,173.712,"1",5469622
"CP16918","RRGO","KK","M","66891_2","PTT",2022-10-28 22:57:00,2022-12-31 07:49:47,36.86,3.7559,-42.449,173.767,"1",5475167
"CP16918","RRGO","KK","M","66891_2","PTT",2022-10-28 22:57:00,2022-12-31 07:49:47,-35.662,NA,-42.449,173.767,"1",5475167
"CP16918","RRGO","KK","M","66891_2","PTT",2022-10-28 22:57:00,2022-12-31 07:49:47,33.542,3.7401,-42.449,173.767,"1",5475167
"CP16918","RRGO","KK","M","66891_2","PTT",2022-10-28 22:57:00,2022-12-31 07:57:49,-35.662,NA,-42.32,173.818,"A",5475649
"CP16918","RRGO","KK","M","66891_2","PTT",2022-10-28 22:57:00,2022-12-31 07:57:49,32.12,3.7401,-42.32,173.818,"A",5475649
"CP16918","RRGO","KK","M","66891_2","PTT",2022-10-28 22:57:00,2022-12-31 08:36:21,-35.662,NA,-42.344,173.79,"B",5477961
"CP9068","RBRL","KK","F","66903","PTT",2021-10-03 19:06:00,2022-12-31 07:49:48,34.964,3.7164,-42.447,173.758,"3",39185028
"CP9068","RBRL","KK","F","66903","PTT",2021-10-03 19:06:00,2022-12-31 07:49:48,-35.662,NA,-42.447,173.758,"3",39185028
"CP16617","RBWO","KK","M","66967","PTT",2022-10-29 14:35:00,2022-12-31 09:29:23,41.126,3.7085,-42.384,173.744,"0",5424863
"CP16617","RBWO","KK","M","66967","PTT",2022-10-29 14:35:00,2022-12-31 09:29:23,-35.662,NA,-42.384,173.744,"0",5424863
"CP16609","RBOY","KK","M","234750","PTT",2022-10-28 07:26:00,2022-12-31 07:50:01,42.074,3.7322,-42.414,173.665,"3",5531041
"CP16609","RBOY","KK","M","234750","PTT",2022-10-28 07:26:00,2022-12-31 07:50:01,-35.662,NA,-42.414,173.665,"3",5531041
"CP16609","RBOY","KK","M","234750","PTT",2022-10-28 07:26:00,2022-12-31 09:28:45,46.814,3.7006,-42.419,173.668,"B",5536965
"CP16918","RRGO","KK","M","66891_2","PTT",2022-10-28 22:57:00,2022-12-31 17:09:34,30.224,3.8191,-42.433,173.73,"1",5508754
"CP16918","RRGO","KK","M","66891_2","PTT",2022-10-28 22:57:00,2022-12-31 17:09:34,-35.662,NA,-42.433,173.73,"1",5508754
"CP16918","RRGO","KK","M","66891_2","PTT",2022-10-28 22:57:00,2022-12-31 17:09:34,31.172,3.8191,-42.433,173.73,"1",5508754
"CP16918","RRGO","KK","M","66891_2","PTT",2022-10-28 22:57:00,2023-01-01 06:59:05,33.068,3.1397,-42.398,173.631,"B",5558525
"CP16918","RRGO","KK","M","66891_2","PTT",2022-10-28 22:57:00,2023-01-01 06:59:05,-35.662,NA,-42.398,173.631,"B",5558525
"CP16918","RRGO","KK","M","66891_2","PTT",2022-10-28 22:57:00,2023-01-01 07:28:24,-35.662,NA,-42.421,173.695,"B",5560284
"CP16918","RRGO","KK","M","66891_2","PTT",2022-10-28 22:57:00,2023-01-01 07:46:49,35.438,3.7401,-42.438,173.714,"0",5561389
"CP16918","RRGO","KK","M","66891_2","PTT",2022-10-28 22:57:00,2023-01-01 07:46:49,-35.662,NA,-42.438,173.714,"0",5561389
"CP16918","RRGO","KK","M","66891_2","PTT",2022-10-28 22:57:00,2023-01-01 07:46:49,35.438,3.7322,-42.438,173.714,"0",5561389
"CP16918","RRGO","KK","M","66891_2","PTT",2022-10-28 22:57:00,2023-01-01 09:09:21,33.542,3.8112,-42.403,173.72,"A",5566341
"CP16918","RRGO","KK","M","66891_2","PTT",2022-10-28 22:57:00,2023-01-01 09:09:21,-35.662,NA,-42.403,173.72,"A",5566341
"CP9068","RBRL","KK","F","66903","PTT",2021-10-03 19:06:00,2023-01-01 07:28:44,-35.662,NA,-42.384,173.759,"B",39270164
"CP9068","RBRL","KK","F","66903","PTT",2021-10-03 19:06:00,2023-01-01 07:47:32,38.756,3.748,-42.408,173.691,"2",39271292
"CP9068","RBRL","KK","F","66903","PTT",2021-10-03 19:06:00,2023-01-01 07:47:32,-35.662,NA,-42.408,173.691,"2",39271292
"CP9068","RBRL","KK","F","66903","PTT",2021-10-03 19:06:00,2023-01-01 08:15:30,-35.662,NA,-42.41,173.691,"B",39272970
"CP9068","RBRL","KK","F","66903","PTT",2021-10-03 19:06:00,2023-01-01 09:08:08,39.23,3.7085,-42.411,173.716,"1",39276128
"CP9068","RBRL","KK","F","66903","PTT",2021-10-03 19:06:00,2023-01-01 09:08:08,-35.662,NA,-42.411,173.716,"1",39276128
"CP16617","RBWO","KK","M","66967","PTT",2022-10-29 14:35:00,2023-01-01 07:27:39,40.652,3.748,-42.446,173.739,"0",5503959
"CP16617","RBWO","KK","M","66967","PTT",2022-10-29 14:35:00,2023-01-01 07:27:39,-35.662,NA,-42.446,173.739,"0",5503959
"CP16617","RBWO","KK","M","66967","PTT",2022-10-29 14:35:00,2023-01-01 07:48:28,40.652,3.7243,-42.434,173.725,"1",5505208
"CP16617","RBWO","KK","M","66967","PTT",2022-10-29 14:35:00,2023-01-01 07:48:28,-35.662,NA,-42.434,173.725,"1",5505208
"CP16617","RBWO","KK","M","66967","PTT",2022-10-29 14:35:00,2023-01-01 08:17:14,-35.662,NA,-42.427,173.727,"1",5506934
"CP16617","RBWO","KK","M","66967","PTT",2022-10-29 14:35:00,2023-01-01 09:08:07,41.6,3.6848,-42.418,173.715,"2",5509987
"CP16617","RBWO","KK","M","66967","PTT",2022-10-29 14:35:00,2023-01-01 09:08:07,-35.662,NA,-42.418,173.715,"2",5509987
"CP16616","RBWR","KK","M","66969","PTT",2022-10-28 18:07:00,2023-01-01 07:47:55,36.386,3.748,-42.406,173.62,"0",5578855
"CP16616","RBWR","KK","M","66969","PTT",2022-10-28 18:07:00,2023-01-01 07:47:55,-35.662,NA,-42.406,173.62,"0",5578855
"CP16616","RBWR","KK","M","66969","PTT",2022-10-28 18:07:00,2023-01-01 08:15:50,-35.662,NA,-42.401,173.621,"B",5580530
"CP16616","RBWR","KK","M","66969","PTT",2022-10-28 18:07:00,2023-01-01 09:09:12,42.548,3.7006,-42.404,173.687,"2",5583732
"CP16616","RBWR","KK","M","66969","PTT",2022-10-28 18:07:00,2023-01-01 09:09:12,-35.662,NA,-42.404,173.687,"2",5583732
"CP16111","RBGB","KK","F","234672","PTT",2022-10-26 18:35:00,2023-01-01 06:06:18,-35.662,NA,-42.486,173.565,"0",5743878
"CP16111","RBGB","KK","F","234672","PTT",2022-10-26 18:35:00,2023-01-01 06:59:28,40.178,3.6927,-42.417,173.627,"0",5747068
"CP16111","RBGB","KK","F","234672","PTT",2022-10-26 18:35:00,2023-01-01 06:59:28,-35.662,NA,-42.417,173.627,"0",5747068
"CP16111","RBGB","KK","F","234672","PTT",2022-10-26 18:35:00,2023-01-01 07:28:53,-35.662,NA,-42.415,173.584,"0",5748833
"CP16111","RBGB","KK","F","234672","PTT",2022-10-26 18:35:00,2023-01-01 07:28:53,39.23,3.6848,-42.415,173.584,"0",5748833
"CP16111","RBGB","KK","F","234672","PTT",2022-10-26 18:35:00,2023-01-01 07:46:56,37.808,3.6848,-42.422,173.633,"2",5749916
"CP16111","RBGB","KK","F","234672","PTT",2022-10-26 18:35:00,2023-01-01 07:46:56,-35.662,NA,-42.422,173.633,"2",5749916
"CP16918","RRGO","KK","M","66891_2","PTT",2022-10-28 22:57:00,2023-01-01 15:54:48,29.75,3.8428,-42.386,173.649,"B",5590668
"CP16918","RRGO","KK","M","66891_2","PTT",2022-10-28 22:57:00,2023-01-01 16:38:30,30.224,3.827,-42.452,173.865,"0",5593290
"CP16918","RRGO","KK","M","66891_2","PTT",2022-10-28 22:57:00,2023-01-01 16:38:30,-35.662,NA,-42.452,173.865,"0",5593290
"CP16918","RRGO","KK","M","66891_2","PTT",2022-10-28 22:57:00,2023-01-01 16:38:30,28.328,3.8191,-42.452,173.865,"0",5593290
"CP16918","RRGO","KK","M","66891_2","PTT",2022-10-28 22:57:00,2023-01-01 17:29:45,-35.662,NA,-42.424,173.899,"B",5596365
"CP9068","RBRL","KK","F","66903","PTT",2021-10-03 19:06:00,2023-01-01 16:38:29,34.49,3.7559,-42.418,173.705,"1",39303149
"CP9068","RBRL","KK","F","66903","PTT",2021-10-03 19:06:00,2023-01-01 16:38:29,-35.662,NA,-42.418,173.705,"1",39303149
"CP16617","RBWO","KK","M","66967","PTT",2022-10-29 14:35:00,2023-01-01 16:38:21,-35.662,NA,-42.417,173.689,"2",5537001
"CP16617","RBWO","KK","M","66967","PTT",2022-10-29 14:35:00,2023-01-01 16:38:21,40.652,3.748,-42.417,173.689,"2",5537001
"CP16617","RBWO","KK","M","66967","PTT",2022-10-29 14:35:00,2023-01-01 17:28:01,-35.662,NA,-42.417,173.71,"2",5539981
"CP16617","RBWO","KK","M","66967","PTT",2022-10-29 14:35:00,2023-01-01 18:18:24,-35.662,NA,-42.424,173.684,"B",5543004
"CP16616","RBWR","KK","M","66969","PTT",2022-10-28 18:07:00,2023-01-01 17:28:05,-35.662,NA,-42.455,173.693,"B",5613665
"CP16616","RBWR","KK","M","66969","PTT",2022-10-28 18:07:00,2023-01-01 18:20:36,-35.662,NA,-42.452,173.884,"B",5616816
"CP16918","RRGO","KK","M","66891_2","PTT",2022-10-28 22:57:00,2023-01-01 20:08:54,25.484,3.6927,-42.424,173.737,"1",5605914
"CP16918","RRGO","KK","M","66891_2","PTT",2022-10-28 22:57:00,2023-01-01 20:08:54,24.536,3.6848,-42.424,173.737,"1",5605914
"CP16918","RRGO","KK","M","66891_2","PTT",2022-10-28 22:57:00,2023-01-01 20:08:54,-35.662,NA,-42.424,173.737,"1",5605914
"CP16617","RBWO","KK","M","66967","PTT",2022-10-29 14:35:00,2023-01-01 18:18:24,-35.662,NA,-42.426,173.714,"B",5543004
"CP16616","RBWR","KK","M","66969","PTT",2022-10-28 18:07:00,2023-01-01 18:20:36,-35.662,NA,-42.456,173.711,"B",5616816
"CP16918","RRGO","KK","M","66891_2","PTT",2022-10-28 22:57:00,2023-01-02 07:07:34,-35.662,NA,-42.466,173.742,"B",5645434
"CP16918","RRGO","KK","M","66891_2","PTT",2022-10-28 22:57:00,2023-01-02 08:49:22,34.016,3.7243,-42.436,173.779,"1",5651542
"CP16918","RRGO","KK","M","66891_2","PTT",2022-10-28 22:57:00,2023-01-02 08:49:22,-35.662,NA,-42.436,173.779,"1",5651542
"CP16918","RRGO","KK","M","66891_2","PTT",2022-10-28 22:57:00,2023-01-02 16:07:57,25.01,3.9139,-42.429,173.709,"1",5677857
"CP16918","RRGO","KK","M","66891_2","PTT",2022-10-28 22:57:00,2023-01-02 16:07:57,-35.662,NA,-42.429,173.709,"1",5677857
"CP16616","RBWR","KK","M","66969","PTT",2022-10-28 18:07:00,2023-01-02 16:07:57,37.808,3.6927,-42.42,173.677,"A",5695257
"CP16616","RBWR","KK","M","66969","PTT",2022-10-28 18:07:00,2023-01-02 16:07:57,-35.662,NA,-42.42,173.677,"A",5695257
"CP16111","RBGB","KK","F","234672","PTT",2022-10-26 18:35:00,2023-01-02 16:08:17,37.808,3.7085,-42.427,173.614,"1",5866397
"CP16111","RBGB","KK","F","234672","PTT",2022-10-26 18:35:00,2023-01-02 16:08:17,-35.662,NA,-42.427,173.614,"1",5866397
"CP9099","RWLG","KK","F","234673","PTT",2022-10-26 17:55:00,2023-01-02 16:06:58,33.068,3.7085,-42.416,173.706,"2",5868718
"CP9099","RWLG","KK","F","234673","PTT",2022-10-26 20:02:00,2023-01-02 16:06:58,33.068,3.7085,-42.416,173.706,"2",5861098
"CP9099","RWLG","KK","F","234673","PTT",2022-10-26 17:55:00,2023-01-02 16:06:58,-35.662,NA,-42.416,173.706,"2",5868718
"CP9099","RWLG","KK","F","234673","PTT",2022-10-26 20:02:00,2023-01-02 16:06:58,-35.662,NA,-42.416,173.706,"2",5861098
"CP9099","RWLG","KK","F","234673","PTT",2022-10-26 17:55:00,2023-01-02 17:45:14,33.068,3.6769,-42.415,173.703,"A",5874614
"CP9099","RWLG","KK","F","234673","PTT",2022-10-26 20:02:00,2023-01-02 17:45:14,33.068,3.6769,-42.415,173.703,"A",5866994
"CP9099","RWLG","KK","F","234673","PTT",2022-10-26 17:55:00,2023-01-02 17:45:14,-35.662,NA,-42.415,173.703,"A",5874614
"CP9099","RWLG","KK","F","234673","PTT",2022-10-26 20:02:00,2023-01-02 17:45:14,-35.662,NA,-42.415,173.703,"A",5866994
"CP16918","RRGO","KK","M","66891_2","PTT",2022-10-28 22:57:00,2023-01-02 17:11:01,-35.662,NA,-42.445,173.723,"B",5681641
"CP16918","RRGO","KK","M","66891_2","PTT",2022-10-28 22:57:00,2023-01-02 17:11:01,25.01,2.484,-42.445,173.723,"B",5681641
"CP16918","RRGO","KK","M","66891_2","PTT",2022-10-28 22:57:00,2023-01-02 19:55:52,25.484,3.7796,-42.421,173.711,"1",5691532
"CP16918","RRGO","KK","M","66891_2","PTT",2022-10-28 22:57:00,2023-01-02 19:55:52,-35.662,NA,-42.421,173.711,"1",5691532
"CP16111","RBGB","KK","F","234672","PTT",2022-10-26 18:35:00,2023-01-02 17:11:17,-35.662,NA,-42.423,173.621,"3",5870177
"CP9099","RWLG","KK","F","234673","PTT",2022-10-26 17:55:00,2023-01-02 17:10:39,34.49,3.6848,-42.427,173.705,"3",5872539
"CP9099","RWLG","KK","F","234673","PTT",2022-10-26 20:02:00,2023-01-02 17:10:39,34.49,3.6848,-42.427,173.705,"3",5864919
"CP9099","RWLG","KK","F","234673","PTT",2022-10-26 17:55:00,2023-01-02 17:10:39,-35.662,NA,-42.427,173.705,"3",5872539
"CP9099","RWLG","KK","F","234673","PTT",2022-10-26 20:02:00,2023-01-02 17:10:39,-35.662,NA,-42.427,173.705,"3",5864919
"CP16918","RRGO","KK","M","66891_2","PTT",2022-10-28 22:57:00,2023-01-03 08:25:58,-35.662,NA,-42.414,173.724,"B",5736538
"CP16918","RRGO","KK","M","66891_2","PTT",2022-10-28 22:57:00,2023-01-03 08:25:58,32.594,3.7164,-42.414,173.724,"B",5736538
"CP9068","RBRL","KK","F","66903","PTT",2021-10-03 19:06:00,2023-01-03 08:27:04,35.438,3.7243,-42.406,173.64,"A",39446464
"CP9068","RBRL","KK","F","66903","PTT",2021-10-03 19:06:00,2023-01-03 08:27:04,-35.662,NA,-42.406,173.64,"A",39446464
"CP16609","RBOY","KK","M","234750","PTT",2022-10-28 07:26:00,2023-01-03 07:23:38,-35.662,NA,-42.413,173.634,"3",5788658
"CP16609","RBOY","KK","M","234750","PTT",2022-10-28 07:26:00,2023-01-03 07:23:38,41.6,3.7322,-42.413,173.634,"3",5788658
"CP16609","RBOY","KK","M","234750","PTT",2022-10-28 07:26:00,2023-01-03 08:27:22,40.652,3.7006,-42.415,173.677,"2",5792482
"CP16609","RBOY","KK","M","234750","PTT",2022-10-28 07:26:00,2023-01-03 08:27:22,-35.662,NA,-42.415,173.677,"2",5792482
"CP16918","RRGO","KK","M","66891_2","PTT",2022-10-28 22:57:00,2023-01-03 15:36:05,27.38,3.9297,-42.348,173.738,"B",5762345
"CP16918","RRGO","KK","M","66891_2","PTT",2022-10-28 22:57:00,2023-01-03 16:53:53,27.854,3.9297,-42.43,173.753,"1",5767013
"CP16918","RRGO","KK","M","66891_2","PTT",2022-10-28 22:57:00,2023-01-03 16:53:53,-35.662,NA,-42.43,173.753,"1",5767013
"CP16918","RRGO","KK","M","66891_2","PTT",2022-10-28 22:57:00,2023-01-03 16:53:53,28.802,3.9297,-42.43,173.753,"1",5767013
"CP16918","RRGO","KK","M","66891_2","PTT",2022-10-28 22:57:00,2023-01-03 17:15:09,-35.662,NA,-42.439,173.694,"A",5768289
"CP16918","RRGO","KK","M","66891_2","PTT",2022-10-28 22:57:00,2023-01-03 19:44:45,25.01,3.8112,-42.419,173.643,"1",5777265
"CP16918","RRGO","KK","M","66891_2","PTT",2022-10-28 22:57:00,2023-01-03 19:44:45,-35.662,NA,-42.419,173.643,"1",5777265
"CP16918","RRGO","KK","M","66891_2","PTT",2022-10-28 22:57:00,2023-01-03 22:23:09,25.01,3.6927,-42.437,173.671,"B",5786769
"CP16918","RRGO","KK","M","66891_2","PTT",2022-10-28 22:57:00,2023-01-03 22:23:09,-35.662,NA,-42.437,173.671,"B",5786769
"CP16918","RRGO","KK","M","66891_2","PTT",2022-10-28 22:57:00,2023-01-04 07:13:12,33.068,3.7243,-42.45,173.86,"0",5818572
"CP16918","RRGO","KK","M","66891_2","PTT",2022-10-28 22:57:00,2023-01-04 07:13:12,-35.662,NA,-42.45,173.86,"0",5818572
"CP16918","RRGO","KK","M","66891_2","PTT",2022-10-28 22:57:00,2023-01-04 08:07:15,-35.662,NA,-42.461,173.866,"B",5821815
"CP9099","RWLG","KK","F","234673","PTT",2022-10-26 17:55:00,2023-01-04 16:43:37,30.698,3.6848,-42.356,173.343,"0",6043717
"CP9099","RWLG","KK","F","234673","PTT",2022-10-26 20:02:00,2023-01-04 16:43:37,30.698,3.6848,-42.356,173.343,"0",6036097
"CP9099","RWLG","KK","F","234673","PTT",2022-10-26 17:55:00,2023-01-04 16:43:37,-35.662,NA,-42.356,173.343,"0",6043717
"CP9099","RWLG","KK","F","234673","PTT",2022-10-26 20:02:00,2023-01-04 16:43:37,-35.662,NA,-42.356,173.343,"0",6036097
"CP16918","RRGO","KK","M","66891_2","PTT",2022-10-28 22:57:00,2023-01-04 16:35:37,22.166,3.6927,-42.406,173.769,"B",5852317
"CP16918","RRGO","KK","M","66891_2","PTT",2022-10-28 22:57:00,2023-01-04 16:35:37,-35.662,NA,-42.406,173.769,"B",5852317
"CP9099","RWLG","KK","F","234673","PTT",2022-10-26 17:55:00,2023-01-04 16:36:43,32.594,3.6927,-42.415,173.692,"2",6043303
"CP9099","RWLG","KK","F","234673","PTT",2022-10-26 20:02:00,2023-01-04 16:36:43,32.594,3.6927,-42.415,173.692,"2",6035683
"CP9099","RWLG","KK","F","234673","PTT",2022-10-26 17:55:00,2023-01-04 16:36:43,-35.662,NA,-42.415,173.692,"2",6043303
"CP9099","RWLG","KK","F","234673","PTT",2022-10-26 20:02:00,2023-01-04 16:36:43,-35.662,NA,-42.415,173.692,"2",6035683
"CP16918","RRGO","KK","M","66891_2","PTT",2022-10-28 22:57:00,2023-01-05 08:33:36,27.854,3.7638,-42.483,173.892,"B",5909796
"CP16918","RRGO","KK","M","66891_2","PTT",2022-10-28 22:57:00,2023-01-05 09:26:28,-35.662,NA,-42.445,173.725,"B",5912968
"CP16918","RRGO","KK","M","66891_2","PTT",2022-10-28 22:57:00,2023-01-05 16:12:44,-35.662,NA,-42.467,173.514,"B",5937344
"CP16617","RBWO","KK","M","66967","PTT",2022-10-29 14:35:00,2023-01-05 16:14:26,43.022,3.7243,-42.453,173.749,"3",5881166
"CP16617","RBWO","KK","M","66967","PTT",2022-10-29 14:35:00,2023-01-05 16:14:26,-35.662,NA,-42.453,173.749,"3",5881166
"CP16617","RBWO","KK","M","66967","PTT",2022-10-29 14:35:00,2023-01-05 16:20:41,38.756,3.7243,-42.419,173.715,"3",5881541
"CP16617","RBWO","KK","M","66967","PTT",2022-10-29 14:35:00,2023-01-05 16:20:41,-35.662,NA,-42.419,173.715,"3",5881541
"CP16616","RBWR","KK","M","66969","PTT",2022-10-28 18:07:00,2023-01-05 16:13:49,-35.662,NA,-42.415,173.668,"3",5954809
"CP16616","RBWR","KK","M","66969","PTT",2022-10-28 18:07:00,2023-01-05 16:13:49,37.808,3.7006,-42.415,173.668,"3",5954809
"CP16616","RBWR","KK","M","66969","PTT",2022-10-28 18:07:00,2023-01-05 16:20:05,-35.662,NA,-42.414,173.668,"3",5955185
"CP16918","RRGO","KK","M","66891_2","PTT",2022-10-28 22:57:00,2023-01-06 08:12:25,32.594,2.9106,-42.428,173.642,"B",5994925
"CP16918","RRGO","KK","M","66891_2","PTT",2022-10-28 22:57:00,2023-01-06 08:12:25,-35.662,NA,-42.428,173.642,"B",5994925
"CP16918","RRGO","KK","M","66891_2","PTT",2022-10-28 22:57:00,2023-01-06 09:08:08,-35.662,NA,-42.459,173.702,"B",5998268
"CP16918","RRGO","KK","M","66891_2","PTT",2022-10-28 22:57:00,2023-01-06 15:43:20,-35.662,NA,-42.446,173.702,"B",6021980
"CP16918","RRGO","KK","M","66891_2","PTT",2022-10-28 22:57:00,2023-01-06 15:43:20,36.86,3.6848,-42.446,173.702,"B",6021980
"CP16918","RRGO","KK","M","66891_2","PTT",2022-10-28 22:57:00,2023-01-06 16:03:02,-35.662,NA,-42.428,173.715,"B",6023162
"CP16918","RRGO","KK","M","66891_2","PTT",2022-10-28 22:57:00,2023-01-06 16:03:02,30.698,3.6769,-42.428,173.715,"B",6023162
"CP16617","RBWO","KK","M","66967","PTT",2022-10-29 14:35:00,2023-01-06 15:43:13,-35.662,NA,-42.414,173.686,"A",5965693
"CP16617","RBWO","KK","M","66967","PTT",2022-10-29 14:35:00,2023-01-06 15:43:13,41.126,3.7243,-42.414,173.686,"A",5965693
"CP16616","RBWR","KK","M","66969","PTT",2022-10-28 18:07:00,2023-01-06 17:22:08,35.438,3.7006,-42.43,173.688,"3",6045308
"CP16616","RBWR","KK","M","66969","PTT",2022-10-28 18:07:00,2023-01-06 17:22:08,-35.662,NA,-42.43,173.688,"3",6045308
"CP16616","RBWR","KK","M","66969","PTT",2022-10-28 18:07:00,2023-01-06 17:36:01,-35.662,NA,-42.43,173.69,"B",6046141
"CP9099","RWLG","KK","F","234673","PTT",2022-10-26 17:55:00,2023-01-06 17:21:54,35.438,3.7164,-42.418,173.724,"2",6218814
"CP9099","RWLG","KK","F","234673","PTT",2022-10-26 20:02:00,2023-01-06 17:21:54,35.438,3.7164,-42.418,173.724,"2",6211194
"CP9099","RWLG","KK","F","234673","PTT",2022-10-26 17:55:00,2023-01-06 17:21:54,-35.662,NA,-42.418,173.724,"2",6218814
"CP9099","RWLG","KK","F","234673","PTT",2022-10-26 20:02:00,2023-01-06 17:21:54,-35.662,NA,-42.418,173.724,"2",6211194
"CP9099","RWLG","KK","F","234673","PTT",2022-10-26 17:55:00,2023-01-06 17:38:07,-35.662,NA,-42.416,173.722,"B",6219787
"CP9099","RWLG","KK","F","234673","PTT",2022-10-26 20:02:00,2023-01-06 17:38:07,-35.662,NA,-42.416,173.722,"B",6212167
"CP9099","RWLG","KK","F","234673","PTT",2022-10-26 17:55:00,2023-01-06 19:03:57,-35.662,NA,-42.407,173.733,"B",6224937
"CP9099","RWLG","KK","F","234673","PTT",2022-10-26 20:02:00,2023-01-06 19:03:57,-35.662,NA,-42.407,173.733,"B",6217317
"CP16918","RRGO","KK","M","66891_2","PTT",2022-10-28 22:57:00,2023-01-07 15:12:00,21.218,3.7006,-42.482,173.725,"B",6106500
"CP9068","RBRL","KK","F","66903","PTT",2021-10-03 19:06:00,2023-01-08 08:23:43,30.698,3.3846,-42.469,173.975,"0",39878263
"CP9068","RBRL","KK","F","66903","PTT",2021-10-03 19:06:00,2023-01-08 08:23:43,-35.662,NA,-42.469,173.975,"0",39878263
"CP9068","RBRL","KK","F","66903","PTT",2021-10-03 19:06:00,2023-01-08 08:23:43,28.328,3.7164,-42.469,173.975,"0",39878263
"CP16918","RRGO","KK","M","66891_2","PTT",2022-10-28 22:57:00,2023-01-08 16:20:22,29.276,3.7875,-42.437,173.723,"0",6197002
"CP16918","RRGO","KK","M","66891_2","PTT",2022-10-28 22:57:00,2023-01-08 16:20:22,-35.662,NA,-42.437,173.723,"0",6197002
"CP16918","RRGO","KK","M","66891_2","PTT",2022-10-28 22:57:00,2023-01-08 16:20:22,26.906,3.7954,-42.437,173.723,"0",6197002
"CP16918","RRGO","KK","M","66891_2","PTT",2022-10-28 22:57:00,2023-01-08 17:02:18,29.276,3.7401,-42.419,173.711,"A",6199518
"CP16918","RRGO","KK","M","66891_2","PTT",2022-10-28 22:57:00,2023-01-08 17:02:18,-35.662,NA,-42.419,173.711,"A",6199518
"CP16918","RRGO","KK","M","66891_2","PTT",2022-10-28 22:57:00,2023-01-08 18:00:01,-35.662,NA,-42.411,173.703,"B",6202981
"CP9068","RBRL","KK","F","66903","PTT",2021-10-03 19:06:00,2023-01-08 16:20:59,-35.662,NA,-42.491,173.986,"B",39906899
"CP16617","RBWO","KK","M","66967","PTT",2022-10-29 14:35:00,2023-01-08 17:03:04,-35.662,NA,-42.414,173.664,"2",6143284
"CP16111","RBGB","KK","F","234672","PTT",2022-10-26 18:35:00,2023-01-08 17:02:48,-35.662,NA,-42.42,173.645,"3",6388068
"CP16111","RBGB","KK","F","234672","PTT",2022-10-26 18:35:00,2023-01-08 17:02:48,33.068,3.748,-42.42,173.645,"3",6388068
"CP16111","RBGB","KK","F","234672","PTT",2022-10-26 18:35:00,2023-01-08 18:00:46,-35.662,NA,-42.424,173.626,"B",6391546
"CP16918","RRGO","KK","M","66891_2","PTT",2022-10-28 22:57:00,2023-01-09 08:50:28,-35.662,NA,-42.441,173.687,"B",6256408
"CP16918","RRGO","KK","M","66891_2","PTT",2022-10-28 22:57:00,2023-01-09 09:41:29,-35.662,NA,-42.432,173.665,"B",6259469
"CP9068","RBRL","KK","F","66903","PTT",2021-10-03 19:06:00,2023-01-09 09:40:49,-35.662,NA,-42.439,174.082,"B",39969289
"CP16918","RRGO","KK","M","66891_2","PTT",2022-10-28 22:57:00,2023-01-09 14:13:09,-35.662,NA,-42.417,173.807,"B",6275769
"CP16918","RRGO","KK","M","66891_2","PTT",2022-10-28 22:57:00,2023-01-09 15:48:45,35.912,3.9139,-42.483,173.72,"B",6281505
"CP16918","RRGO","KK","M","66891_2","PTT",2022-10-28 22:57:00,2023-01-09 15:48:45,-35.662,NA,-42.483,173.72,"B",6281505
"CP16607","RROW","KK","M","66894","PTT",2022-10-27 12:20:00,2023-01-09 16:44:59,-35.662,NA,-42.438,173.805,"2",6409499
"CP16607","RROW","KK","M","66894","PTT",2022-10-27 12:20:00,2023-01-09 17:27:59,38.756,3.7006,-42.418,173.666,"3",6412079
"CP16607","RROW","KK","M","66894","PTT",2022-10-27 12:20:00,2023-01-09 17:27:59,-35.662,NA,-42.418,173.666,"3",6412079
"CP9068","RBRL","KK","F","66903","PTT",2021-10-03 19:06:00,2023-01-09 15:47:55,34.964,3.7875,-42.35,173.65,"B",39991315
"CP9068","RBRL","KK","F","66903","PTT",2021-10-03 19:06:00,2023-01-09 15:47:55,-35.662,NA,-42.35,173.65,"B",39991315
"CP9068","RBRL","KK","F","66903","PTT",2021-10-03 19:06:00,2023-01-09 16:45:02,32.12,3.7717,-42.421,173.695,"1",39994742
"CP9068","RBRL","KK","F","66903","PTT",2021-10-03 19:06:00,2023-01-09 16:45:02,-35.662,NA,-42.421,173.695,"1",39994742
"CP16617","RBWO","KK","M","66967","PTT",2022-10-29 14:35:00,2023-01-09 15:48:51,-35.662,NA,-42.419,173.659,"1",6225231
"CP16616","RBWR","KK","M","66969","PTT",2022-10-28 18:07:00,2023-01-09 17:27:51,-35.662,NA,-42.402,173.685,"A",6304851
"CP16616","RBWR","KK","M","66969","PTT",2022-10-28 18:07:00,2023-01-09 17:27:51,35.912,3.7243,-42.402,173.685,"A",6304851
"CP16609","RBOY","KK","M","234750","PTT",2022-10-28 07:26:00,2023-01-09 15:48:10,-35.662,NA,-42.391,173.647,"A",6337330
"CP16609","RBOY","KK","M","234750","PTT",2022-10-28 07:26:00,2023-01-09 16:45:46,-35.662,NA,-42.425,173.705,"0",6340786
"CP16609","RBOY","KK","M","234750","PTT",2022-10-28 07:26:00,2023-01-09 17:29:05,37.808,3.7006,-42.411,173.648,"2",6343385
"CP16609","RBOY","KK","M","234750","PTT",2022-10-28 07:26:00,2023-01-09 17:29:05,-35.662,NA,-42.411,173.648,"2",6343385
"CP16918","RRGO","KK","M","66891_2","PTT",2022-10-28 22:57:00,2023-01-09 20:12:45,-35.662,NA,-42.438,173.62,"B",6297345
"CP16918","RRGO","KK","M","66891_2","PTT",2022-10-28 22:57:00,2023-01-09 20:19:27,-35.662,NA,-42.419,173.752,"A",6297747
"CP16918","RRGO","KK","M","66891_2","PTT",2022-10-28 22:57:00,2023-01-09 22:00:23,24.536,3.7006,-42.451,173.674,"0",6303803
"CP16918","RRGO","KK","M","66891_2","PTT",2022-10-28 22:57:00,2023-01-09 22:00:23,-35.662,NA,-42.451,173.674,"0",6303803
"CP16918","RRGO","KK","M","66891_2","PTT",2022-10-28 22:57:00,2023-01-10 07:43:53,29.75,3.7322,-42.557,173.441,"B",6338813
"CP16918","RRGO","KK","M","66891_2","PTT",2022-10-28 22:57:00,2023-01-10 07:44:18,29.75,3.7322,-42.414,173.71,"B",6338838
"CP16918","RRGO","KK","M","66891_2","PTT",2022-10-28 22:57:00,2023-01-10 07:44:18,-35.662,NA,-42.414,173.71,"B",6338838
"CP16918","RRGO","KK","M","66891_2","PTT",2022-10-28 22:57:00,2023-01-10 08:31:15,23.588,3.6927,-42.433,173.791,"B",6341655
"CP16918","RRGO","KK","M","66891_2","PTT",2022-10-28 22:57:00,2023-01-10 08:31:15,-35.662,NA,-42.433,173.791,"B",6341655
"CP16918","RRGO","KK","M","66891_2","PTT",2022-10-28 22:57:00,2023-01-10 09:22:54,-35.662,NA,-42.38,173.674,"0",6344754
"CP16918","RRGO","KK","M","66891_2","PTT",2022-10-28 22:57:00,2023-01-10 09:22:54,30.224,3.6769,-42.38,173.674,"0",6344754
"CP16918","RRGO","KK","M","66891_2","PTT",2022-10-28 22:57:00,2023-01-10 15:19:31,-35.662,NA,-42.197,173.571,"B",6366151
"CP16918","RRGO","KK","M","66891_2","PTT",2022-10-28 22:57:00,2023-01-12 06:17:07,-35.662,NA,-42.418,173.716,"1",6506407
"CP16918","RRGO","KK","M","66891_2","PTT",2022-10-28 22:57:00,2023-01-13 07:04:09,-35.662,NA,-42.477,173.904,"0",6595629
"CP9068","RBRL","KK","F","66903","PTT",2021-10-03 19:06:00,2023-01-13 07:03:16,-35.662,NA,-42.431,173.802,"1",40305436
"CP9068","RBRL","KK","F","66903","PTT",2021-10-03 19:06:00,2023-01-13 08:20:02,34.964,3.7243,-42.388,173.499,"0",40310042
"CP9068","RBRL","KK","F","66903","PTT",2021-10-03 19:06:00,2023-01-13 08:20:02,-35.662,NA,-42.388,173.499,"0",40310042
"CP9068","RBRL","KK","F","66903","PTT",2021-10-03 19:06:00,2023-01-13 08:20:02,34.49,2.5156,-42.388,173.499,"0",40310042
"CP16617","RBWO","KK","M","66967","PTT",2022-10-29 14:35:00,2023-01-13 07:04:36,43.496,3.748,-42.494,174.023,"0",6539376
"CP16617","RBWO","KK","M","66967","PTT",2022-10-29 14:35:00,2023-01-13 07:04:36,-35.662,NA,-42.494,174.023,"0",6539376
"CP16617","RBWO","KK","M","66967","PTT",2022-10-29 14:35:00,2023-01-13 08:20:28,-35.662,NA,-42.353,173.39,"0",6543928
"CP16617","RBWO","KK","M","66967","PTT",2022-10-29 14:35:00,2023-01-13 08:20:28,43.97,3.7164,-42.353,173.39,"0",6543928
"CP16616","RBWR","KK","M","66969","PTT",2022-10-28 18:07:00,2023-01-13 08:20:37,-35.662,NA,-42.41,173.656,"1",6617617
"CP9068","RBRL","KK","F","66903","PTT",2021-10-03 19:06:00,2023-01-14 06:51:21,34.016,3.748,-42.418,173.693,"0",40391121
"CP9068","RBRL","KK","F","66903","PTT",2021-10-03 19:06:00,2023-01-14 06:51:21,-35.662,NA,-42.418,173.693,"0",40391121
"CP9068","RBRL","KK","F","66903","PTT",2021-10-03 19:06:00,2023-01-14 07:58:29,40.652,3.7954,-42.436,173.69,"1",40395149
"CP9068","RBRL","KK","F","66903","PTT",2021-10-03 19:06:00,2023-01-14 07:58:29,37.808,3.8033,-42.436,173.69,"1",40395149
"CP9068","RBRL","KK","F","66903","PTT",2021-10-03 19:06:00,2023-01-14 07:58:29,-35.662,NA,-42.436,173.69,"1",40395149
"CP9068","RBRL","KK","F","66903","PTT",2021-10-03 19:06:00,2023-01-14 07:58:29,33.542,3.8112,-42.436,173.69,"1",40395149
"CP9068","RBRL","KK","F","66903","PTT",2021-10-03 19:06:00,2023-01-14 16:30:58,34.016,3.7085,-42.459,173.781,"0",40425898
"CP9068","RBRL","KK","F","66903","PTT",2021-10-03 19:06:00,2023-01-14 16:30:58,-35.662,NA,-42.459,173.781,"0",40425898
"CP9068","RBRL","KK","F","66903","PTT",2021-10-03 19:06:00,2023-01-14 16:53:57,-35.662,NA,-42.422,173.706,"A",40427277
"CP9068","RBRL","KK","F","66903","PTT",2021-10-03 19:06:00,2023-01-14 16:53:57,38.756,3.7164,-42.422,173.706,"A",40427277
"CP16609","RBOY","KK","M","234750","PTT",2022-10-28 07:26:00,2023-01-14 16:31:01,41.126,3.6848,-42.412,173.66,"1",6771901
"CP16609","RBOY","KK","M","234750","PTT",2022-10-28 07:26:00,2023-01-14 16:31:01,-35.662,NA,-42.412,173.66,"1",6771901
"CP16609","RBOY","KK","M","234750","PTT",2022-10-28 07:26:00,2023-01-14 16:53:32,-35.662,NA,-42.412,173.663,"3",6773252
"CP9068","RBRL","KK","F","66903","PTT",2021-10-03 19:06:00,2023-01-15 06:39:47,-35.662,NA,-42.489,173.732,"B",40476827
"CP16918","RRGO","KK","M","66891_2","PTT",2022-10-28 22:57:00,2023-01-15 16:01:00,33.542,3.8902,-42.38,173.717,"A",6800640
"CP16918","RRGO","KK","M","66891_2","PTT",2022-10-28 22:57:00,2023-01-15 16:01:00,-35.662,NA,-42.38,173.717,"A",6800640
"CP16918","RRGO","KK","M","66891_2","PTT",2022-10-28 22:57:00,2023-01-15 17:39:32,-35.662,NA,-42.424,173.694,"1",6806552
"CP16918","RRGO","KK","M","66891_2","PTT",2022-10-28 22:57:00,2023-01-15 17:39:32,28.802,3.8349,-42.424,173.694,"1",6806552
"CP9068","RBRL","KK","F","66903","PTT",2021-10-03 19:06:00,2023-01-15 16:01:44,33.068,3.7717,-42.424,173.671,"1",40510544
"CP9068","RBRL","KK","F","66903","PTT",2021-10-03 19:06:00,2023-01-15 16:01:44,-35.662,NA,-42.424,173.671,"1",40510544
"CP9068","RBRL","KK","F","66903","PTT",2021-10-03 19:06:00,2023-01-15 16:01:44,33.542,3.7717,-42.424,173.671,"1",40510544
"CP9068","RBRL","KK","F","66903","PTT",2021-10-03 19:06:00,2023-01-15 16:36:29,-35.662,NA,-42.435,173.655,"B",40512629
"CP16617","RBWO","KK","M","66967","PTT",2022-10-29 14:35:00,2023-01-15 16:01:25,-35.662,NA,-42.402,173.728,"A",6744385
"CP16617","RBWO","KK","M","66967","PTT",2022-10-29 14:35:00,2023-01-15 16:37:05,-35.662,NA,-42.42,173.717,"2",6746525
"CP16617","RBWO","KK","M","66967","PTT",2022-10-29 14:35:00,2023-01-15 16:37:05,36.86,3.7164,-42.42,173.717,"2",6746525
"CP16918","RRGO","KK","M","66891_2","PTT",2022-10-28 22:57:00,2023-01-15 20:40:00,-35.662,NA,-42.424,173.686,"B",6817380
"CP16918","RRGO","KK","M","66891_2","PTT",2022-10-28 22:57:00,2023-01-16 08:57:13,39.704,3.7401,-42.419,173.719,"1",6861613
"CP16918","RRGO","KK","M","66891_2","PTT",2022-10-28 22:57:00,2023-01-16 08:57:13,-35.662,NA,-42.419,173.719,"1",6861613
"CP9068","RBRL","KK","F","66903","PTT",2021-10-03 19:06:00,2023-01-16 08:58:07,38.282,3.7243,-42.411,173.69,"1",40571527
"CP9068","RBRL","KK","F","66903","PTT",2021-10-03 19:06:00,2023-01-16 08:58:07,-35.662,NA,-42.411,173.69,"1",40571527
"CP9068","RBRL","KK","F","66903","PTT",2021-10-03 19:06:00,2023-01-16 16:20:17,37.808,3.7164,-42.419,173.707,"3",40598057
"CP9068","RBRL","KK","F","66903","PTT",2021-10-03 19:06:00,2023-01-16 16:20:17,36.86,3.7164,-42.419,173.707,"3",40598057
"CP9068","RBRL","KK","F","66903","PTT",2021-10-03 19:06:00,2023-01-16 16:20:17,-35.662,NA,-42.419,173.707,"3",40598057
"CP9068","RBRL","KK","F","66903","PTT",2021-10-03 19:06:00,2023-01-18 16:07:51,33.542,3.7954,-42.421,173.703,"1",40770111
"CP9068","RBRL","KK","F","66903","PTT",2021-10-03 19:06:00,2023-01-18 16:07:51,-35.662,NA,-42.421,173.703,"1",40770111
"CP9068","RBRL","KK","F","66903","PTT",2021-10-03 19:06:00,2023-01-18 16:07:51,33.068,3.7875,-42.421,173.703,"1",40770111
"CP9068","RBRL","KK","F","66903","PTT",2021-10-03 19:06:00,2023-01-18 17:19:02,-35.662,NA,-42.454,173.697,"B",40774382
"CP9068","RBRL","KK","F","66903","PTT",2021-10-03 19:06:00,2023-01-18 17:49:26,-35.662,NA,-42.429,173.73,"B",40776206
"CP9068","RBRL","KK","F","66903","PTT",2021-10-03 19:06:00,2023-01-18 20:04:25,24.536,3.6769,-42.39,173.704,"B",40784305
"CP16918","RRGO","KK","M","66891_2","PTT",2022-10-28 22:57:00,2023-01-19 07:30:28,-35.662,NA,-42.466,173.838,"B",7115608
"CP16918","RRGO","KK","M","66891_2","PTT",2022-10-28 22:57:00,2023-01-19 07:30:28,31.646,3.6927,-42.466,173.838,"B",7115608
"CP16918","RRGO","KK","M","66891_2","PTT",2022-10-28 22:57:00,2023-01-19 07:51:53,-35.662,NA,-42.451,173.794,"B",7116893
"CP9068","RBRL","KK","F","66903","PTT",2021-10-03 19:06:00,2023-01-19 07:02:09,33.542,3.7085,-42.328,173.833,"B",40823769
"CP9068","RBRL","KK","F","66903","PTT",2021-10-03 19:06:00,2023-01-19 07:33:52,-35.662,NA,-42.4,173.79,"B",40825672
"CP9068","RBRL","KK","F","66903","PTT",2021-10-03 19:06:00,2023-01-19 07:56:29,-35.662,NA,-42.418,173.721,"1",40827029
"CP9068","RBRL","KK","F","66903","PTT",2021-10-03 19:06:00,2023-01-19 15:35:59,-35.662,NA,-42.499,173.786,"A",40854599
"CP9068","RBRL","KK","F","66903","PTT",2021-10-03 19:06:00,2023-01-19 17:00:20,-35.662,NA,-42.523,173.803,"B",40859660
"CP9068","RBRL","KK","F","66903","PTT",2021-10-03 19:06:00,2023-01-19 17:16:19,29.276,3.7322,-42.424,173.714,"2",40860619
"CP9068","RBRL","KK","F","66903","PTT",2021-10-03 19:06:00,2023-01-19 17:16:19,28.802,3.7322,-42.424,173.714,"2",40860619
"CP9068","RBRL","KK","F","66903","PTT",2021-10-03 19:06:00,2023-01-19 17:16:19,-35.662,NA,-42.424,173.714,"2",40860619
"CP16609","RBOY","KK","M","234750","PTT",2022-10-28 07:26:00,2023-01-19 17:01:34,-35.662,NA,-42.416,173.654,"3",7205734
"CP16609","RBOY","KK","M","234750","PTT",2022-10-28 07:26:00,2023-01-19 17:16:09,-35.662,NA,-42.415,173.649,"3",7206609
"CP16918","RRGO","KK","M","66891_2","PTT",2022-10-28 22:57:00,2023-01-20 09:15:22,-35.662,NA,-42.327,173.745,"A",7208302
"CP16918","RRGO","KK","M","66891_2","PTT",2022-10-28 22:57:00,2023-01-20 09:15:22,39.23,3.748,-42.327,173.745,"A",7208302
"CP9068","RBRL","KK","F","66903","PTT",2021-10-03 19:06:00,2023-01-20 07:21:35,32.12,3.748,-42.417,173.698,"2",40911335
"CP9068","RBRL","KK","F","66903","PTT",2021-10-03 19:06:00,2023-01-20 07:21:35,-35.662,NA,-42.417,173.698,"2",40911335
"CP9068","RBRL","KK","F","66903","PTT",2021-10-03 19:06:00,2023-01-20 07:21:35,32.594,3.7401,-42.417,173.698,"2",40911335
"CP9068","RBRL","KK","F","66903","PTT",2021-10-03 19:06:00,2023-01-20 07:35:38,35.438,3.7243,-42.425,173.712,"1",40912178
"CP9068","RBRL","KK","F","66903","PTT",2021-10-03 19:06:00,2023-01-20 07:35:38,-35.662,NA,-42.425,173.712,"1",40912178
"CP9068","RBRL","KK","F","66903","PTT",2021-10-03 19:06:00,2023-01-20 08:23:24,36.86,3.7085,-42.391,173.707,"B",40915044
"CP9068","RBRL","KK","F","66903","PTT",2021-10-03 19:06:00,2023-01-20 09:16:20,-35.662,NA,-42.423,173.689,"1",40918220
"CP9068","RBRL","KK","F","66903","PTT",2021-10-03 19:06:00,2023-01-20 15:05:24,-35.662,NA,-42.301,173.791,"B",40939164
"CP16607","RROW","KK","M","66894","PTT",2022-10-27 12:20:00,2023-01-22 08:33:57,42.548,3.7164,-42.414,173.662,"3",7503237
"CP16607","RROW","KK","M","66894","PTT",2022-10-27 12:20:00,2023-01-22 08:33:57,-35.662,NA,-42.414,173.662,"3",7503237
"CP9068","RBRL","KK","F","66903","PTT",2021-10-03 19:06:00,2023-01-22 06:05:46,36.386,3.7717,-42.452,173.669,"1",41079586
"CP9068","RBRL","KK","F","66903","PTT",2021-10-03 19:06:00,2023-01-22 06:05:46,35.912,3.7243,-42.452,173.669,"1",41079586
"CP9068","RBRL","KK","F","66903","PTT",2021-10-03 19:06:00,2023-01-22 06:05:46,-35.662,NA,-42.452,173.669,"1",41079586
"CP16918","RRGO","KK","M","66891_2","PTT",2022-10-28 22:57:00,2023-01-24 07:51:44,34.016,3.116,-42.417,173.711,"1",7548884
"CP16918","RRGO","KK","M","66891_2","PTT",2022-10-28 22:57:00,2023-01-24 07:51:44,-35.662,NA,-42.417,173.711,"1",7548884
"CP9068","RBRL","KK","F","66903","PTT",2021-10-03 19:06:00,2023-01-24 07:52:08,35.438,3.7164,-42.41,173.659,"A",41258768
"CP9068","RBRL","KK","F","66903","PTT",2021-10-03 19:06:00,2023-01-24 07:52:08,-35.662,NA,-42.41,173.659,"A",41258768
"CP16918","RRGO","KK","M","66891_2","PTT",2022-10-28 22:57:00,2023-01-25 15:49:43,34.964,3.6769,-42.413,173.673,"1",7663963
"CP16918","RRGO","KK","M","66891_2","PTT",2022-10-28 22:57:00,2023-01-25 15:49:43,-35.662,NA,-42.413,173.673,"1",7663963
"CP16918","RRGO","KK","M","66891_2","PTT",2022-10-28 22:57:00,2023-01-25 15:49:43,36.386,3.6769,-42.413,173.673,"1",7663963
"CP9068","RBRL","KK","F","66903","PTT",2021-10-03 19:06:00,2023-01-26 16:34:36,34.964,3.669,-42.444,173.804,"0",41462916
"CP9068","RBRL","KK","F","66903","PTT",2021-10-03 19:06:00,2023-01-26 16:34:36,-35.662,NA,-42.444,173.804,"0",41462916
"CP9068","RBRL","KK","F","66903","PTT",2021-10-03 19:06:00,2023-01-26 16:34:36,41.126,3.7164,-42.444,173.804,"0",41462916
"CP16918","RRGO","KK","M","66891_2","PTT",2022-10-28 22:57:00,2023-01-27 08:30:04,-35.662,NA,-42.42,173.642,"A",7810384
"CP16918","RRGO","KK","M","66891_2","PTT",2022-10-28 22:57:00,2023-01-29 09:30:35,35.438,3.6848,-42.395,173.71,"A",7986815
"CP16918","RRGO","KK","M","66891_2","PTT",2022-10-28 22:57:00,2023-01-29 09:30:35,-35.662,NA,-42.395,173.71,"A",7986815
"CP16918","RRGO","KK","M","66891_2","PTT",2022-10-28 22:57:00,2023-01-29 09:30:35,35.912,3.6769,-42.395,173.71,"A",7986815
"CP16918","RRGO","KK","M","66891_2","PTT",2022-10-28 22:57:00,2023-02-06 08:25:12,38.282,3.7085,-42.286,173.081,"1",8674092
"CP16918","RRGO","KK","M","66891_2","PTT",2022-10-28 22:57:00,2023-02-06 08:25:12,38.756,3.7006,-42.286,173.081,"1",8674092
"CP16918","RRGO","KK","M","66891_2","PTT",2022-10-28 22:57:00,2023-02-06 08:25:12,-35.662,NA,-42.286,173.081,"1",8674092
"CP16616","RBWR","KK","M","66969","PTT",2022-10-28 18:07:00,2023-02-07 16:13:40,-35.662,NA,-42.416,173.645,"A",8806000
"CP16609","RBOY","KK","M","234750","PTT",2022-10-28 07:26:00,2023-02-07 16:14:11,-35.662,NA,-42.411,173.655,"3",8844491
"CP9099","RWLG","KK","F","234673","PTT",2022-10-26 17:55:00,2023-03-02 16:59:59,35.912,3.6848,-34.793,173.117,"1",10969499
"CP9099","RWLG","KK","F","234673","PTT",2022-10-26 20:02:00,2023-03-02 16:59:59,35.912,3.6848,-34.793,173.117,"1",10961879
"CP9099","RWLG","KK","F","234673","PTT",2022-10-26 17:55:00,2023-03-02 16:59:59,-35.662,NA,-34.793,173.117,"1",10969499
"CP9099","RWLG","KK","F","234673","PTT",2022-10-26 20:02:00,2023-03-02 16:59:59,-35.662,NA,-34.793,173.117,"1",10961879
"CP9099","RWLG","KK","F","234673","PTT",2022-10-26 17:55:00,2023-03-02 16:59:59,35.912,3.6848,-34.793,173.117,"1",10969499
"CP9099","RWLG","KK","F","234673","PTT",2022-10-26 20:02:00,2023-03-02 16:59:59,35.912,3.6848,-34.793,173.117,"1",10961879
"CP9099","RWLG","KK","F","234673","PTT",2022-10-26 17:55:00,2023-03-02 17:15:34,-35.662,NA,-34.77,173.033,"A",10970434
"CP9099","RWLG","KK","F","234673","PTT",2022-10-26 20:02:00,2023-03-02 17:15:34,-35.662,NA,-34.77,173.033,"A",10962814
"CP9099","RWLG","KK","F","234673","PTT",2022-10-26 17:55:00,2023-03-02 17:15:34,31.646,3.6848,-34.77,173.033,"A",10970434
"CP9099","RWLG","KK","F","234673","PTT",2022-10-26 20:02:00,2023-03-02 17:15:34,31.646,3.6848,-34.77,173.033,"A",10962814
"CP16918","RRGO","KK","M","66891_2","PTT",2022-10-28 22:57:00,2023-03-06 08:43:51,-35.662,NA,-42.443,173.68,"A",11094411
"CP16918","RRGO","KK","M","66891_2","PTT",2022-10-28 22:57:00,2023-03-06 08:43:51,38.756,3.7164,-42.443,173.68,"A",11094411
"CP16609","RBOY","KK","M","234750","PTT",2022-10-28 07:26:00,2023-03-07 17:22:38,-35.662,NA,-43.725,171.978,"B",11267798
"CP16609","RBOY","KK","M","234750","PTT",2022-10-28 07:26:00,2023-03-07 17:45:33,-35.662,NA,-43.604,172.045,"A",11269173
"CP16609","RBOY","KK","M","234750","PTT",2022-10-28 07:26:00,2023-03-07 17:45:33,-35.662,NA,-43.604,172.045,"A",11269173
"CP9099","RWLG","KK","F","234673","PTT",2022-10-26 17:55:00,2023-03-08 15:30:06,-35.662,NA,-34.817,173.117,"B",11482506
"CP9099","RWLG","KK","F","234673","PTT",2022-10-26 20:02:00,2023-03-08 15:30:06,-35.662,NA,-34.817,173.117,"B",11474886
"CP16918","RRGO","KK","M","66891_2","PTT",2022-10-28 22:57:00,2023-03-10 09:02:25,29.75,3.7006,-42.413,173.67,"1",11441125
"CP16918","RRGO","KK","M","66891_2","PTT",2022-10-28 22:57:00,2023-03-10 09:02:25,-35.662,NA,-42.413,173.67,"1",11441125
"CP16918","RRGO","KK","M","66891_2","PTT",2022-10-28 22:57:00,2023-03-11 08:40:25,33.542,3.6927,-42.335,173.704,"A",11526205
"CP16918","RRGO","KK","M","66891_2","PTT",2022-10-28 22:57:00,2023-03-11 08:40:25,-35.662,NA,-42.335,173.704,"A",11526205
"CP9068","RBRL","KK","F","66903","PTT",2021-10-03 19:06:00,2023-03-11 08:39:26,38.282,3.7322,-37.366,174.684,"2",45236006
"CP9068","RBRL","KK","F","66903","PTT",2021-10-03 19:06:00,2023-03-11 08:39:26,-35.662,NA,-37.366,174.684,"2",45236006
"CP9068","RBRL","KK","F","66903","PTT",2021-10-03 19:06:00,2023-03-11 08:39:26,40.178,3.7322,-37.366,174.684,"2",45236006
"CP9099","RWLG","KK","F","234673","PTT",2022-10-26 17:55:00,2023-03-11 16:08:54,-35.662,NA,-34.798,173.11,"B",11744034
"CP9099","RWLG","KK","F","234673","PTT",2022-10-26 20:02:00,2023-03-11 16:08:54,-35.662,NA,-34.798,173.11,"B",11736414
"CP16918","RRGO","KK","M","66891_2","PTT",2022-10-28 22:57:00,2023-03-16 08:38:36,-35.662,NA,-42.44,173.789,"B",11958096
"CP16609","RBOY","KK","M","234750","PTT",2022-10-28 07:26:00,2023-03-17 09:56:03,-35.662,NA,-43.612,172.126,"B",12105003
"CP9099","RWLG","KK","F","234673","PTT",2022-10-26 17:55:00,2023-03-17 15:50:10,-35.662,NA,-34.85,173.145,"A",12261310
"CP9099","RWLG","KK","F","234673","PTT",2022-10-26 20:02:00,2023-03-17 15:50:10,-35.662,NA,-34.85,173.145,"A",12253690
"CP9099","RWLG","KK","F","234673","PTT",2022-10-26 17:55:00,2023-03-17 15:50:10,37.808,3.6927,-34.85,173.145,"A",12261310
"CP9099","RWLG","KK","F","234673","PTT",2022-10-26 20:02:00,2023-03-17 15:50:10,37.808,3.6927,-34.85,173.145,"A",12253690
"CP16918","RRGO","KK","M","66891_2","PTT",2022-10-28 22:57:00,2023-03-18 07:42:25,32.12,3.6769,-42.423,173.682,"1",12127525
"CP16918","RRGO","KK","M","66891_2","PTT",2022-10-28 22:57:00,2023-03-18 07:42:25,-35.662,NA,-42.423,173.682,"1",12127525
"CP9068","RBRL","KK","F","66903","PTT",2021-10-03 19:06:00,2023-03-19 09:14:56,35.438,3.7322,-37.43,174.773,"B",45929336
"CP9068","RBRL","KK","F","66903","PTT",2021-10-03 19:06:00,2023-03-19 09:14:56,-35.662,NA,-37.43,174.773,"B",45929336
"CP16616","RBWR","KK","M","66969","PTT",2022-10-28 18:07:00,2023-03-19 16:29:40,35.438,3.6927,-42.335,173.691,"2",12262960
"CP16616","RBWR","KK","M","66969","PTT",2022-10-28 18:07:00,2023-03-19 16:29:40,-35.662,NA,-42.335,173.691,"2",12262960
"CP16918","RRGO","KK","M","66891_2","PTT",2022-10-28 22:57:00,2023-03-23 09:31:14,-35.662,NA,-42.455,173.809,"B",12566054
"CP9068","RBRL","KK","F","66903","PTT",2021-10-03 19:06:00,2023-03-25 08:49:59,39.23,3.7559,-37.383,174.731,"2",46446239
"CP9068","RBRL","KK","F","66903","PTT",2021-10-03 19:06:00,2023-03-25 08:49:59,37.334,3.748,-37.383,174.731,"2",46446239
"CP9068","RBRL","KK","F","66903","PTT",2021-10-03 19:06:00,2023-03-25 08:49:59,-35.662,NA,-37.383,174.731,"2",46446239
"CP9068","RBRL","KK","F","66903","PTT",2021-10-03 19:06:00,2023-03-25 08:49:59,37.808,3.7401,-37.383,174.731,"2",46446239
"CP9068","RBRL","KK","F","66903","PTT",2021-10-03 19:06:00,2023-04-02 06:22:39,47.762,3.748,-37.406,174.779,"0",47132199
"CP9068","RBRL","KK","F","66903","PTT",2021-10-03 19:06:00,2023-04-02 06:22:39,-35.662,NA,-37.406,174.779,"0",47132199
"CP9068","RBRL","KK","F","66903","PTT",2021-10-03 19:06:00,2023-04-03 06:03:38,-35.662,NA,-37.553,174.726,"B",47217458
"CP16609","RBOY","KK","M","234750","PTT",2022-10-28 07:26:00,2023-04-03 12:21:03,-35.662,NA,-43.746,171.88,"0",13586103
"CP9068","RBRL","KK","F","66903","PTT",2021-10-03 19:06:00,2023-04-04 13:43:01,28.802,3.7559,-37.345,174.366,"B",47331421
"CP9068","RBRL","KK","F","66903","PTT",2021-10-03 19:06:00,2023-04-04 13:43:01,-35.662,NA,-37.345,174.366,"B",47331421
"CP16609","RBOY","KK","M","234750","PTT",2022-10-28 07:26:00,2023-04-04 13:28:51,35.912,3.7243,-43.713,171.989,"2",13676571
"CP16609","RBOY","KK","M","234750","PTT",2022-10-28 07:26:00,2023-04-04 13:28:51,-35.662,NA,-43.713,171.989,"2",13676571
"CP16609","RBOY","KK","M","234750","PTT",2022-10-28 07:26:00,2023-04-04 13:43:53,-35.662,NA,-43.712,171.974,"3",13677473
"CP16609","RBOY","KK","M","234750","PTT",2022-10-28 07:26:00,2023-04-08 13:03:40,34.49,3.7085,-43.718,171.962,"A",14020660
"CP16609","RBOY","KK","M","234750","PTT",2022-10-28 07:26:00,2023-04-08 13:03:40,-35.662,NA,-43.718,171.962,"A",14020660
"CP16609","RBOY","KK","M","234750","PTT",2022-10-28 07:26:00,2023-04-08 14:05:06,32.594,3.6769,-43.714,171.977,"3",14024346
"CP16609","RBOY","KK","M","234750","PTT",2022-10-28 07:26:00,2023-04-08 14:05:06,-35.662,NA,-43.714,171.977,"3",14024346
"CP16918","RRGO","KK","M","66891_2","PTT",2022-10-28 22:57:00,2023-04-12 04:41:04,-35.662,NA,-42.426,173.721,"B",14280244
"CP16918","RRGO","KK","M","66891_2","PTT",2022-10-28 22:57:00,2023-04-12 04:44:54,-35.662,NA,-42.426,173.715,"3",14280474
"CP9068","RBRL","KK","F","66903","PTT",2021-10-03 19:06:00,2023-04-24 05:30:42,-35.662,NA,-37.377,174.662,"1",49029882
"CP9068","RBRL","KK","F","66903","PTT",2021-10-03 19:06:00,2023-04-24 13:00:15,-35.662,NA,-37.38,174.745,"B",49056855
"CP9068","RBRL","KK","F","66903","PTT",2021-10-03 19:06:00,2023-04-24 13:47:50,-35.662,NA,-37.386,174.741,"1",49059710
"CP16918","RRGO","KK","M","66891_2","PTT",2022-10-28 22:57:00,2023-04-27 06:09:03,35.438,3.7006,-42.415,173.696,"3",15581523
"CP16918","RRGO","KK","M","66891_2","PTT",2022-10-28 22:57:00,2023-04-27 06:09:03,-35.662,NA,-42.415,173.696,"3",15581523
"CP16617","RBWO","KK","M","66967","PTT",2022-10-29 14:35:00,2023-04-28 14:09:19,26.432,3.7085,-42.411,173.651,"1",15640459
"CP16617","RBWO","KK","M","66967","PTT",2022-10-29 14:35:00,2023-04-28 14:09:19,-35.662,NA,-42.411,173.651,"1",15640459
"CP16617","RBWO","KK","M","66967","PTT",2022-10-29 14:35:00,2023-04-28 14:13:43,25.958,3.6927,-42.411,173.756,"0",15640723
"CP16617","RBWO","KK","M","66967","PTT",2022-10-29 14:35:00,2023-04-28 14:13:43,-35.662,NA,-42.411,173.756,"0",15640723
"CP9099","RWLG","KK","F","234673","PTT",2022-10-26 17:55:00,2023-05-23 12:49:45,-35.662,NA,-34.781,173.111,"3",18042885
"CP9099","RWLG","KK","F","234673","PTT",2022-10-26 20:02:00,2023-05-23 12:49:45,-35.662,NA,-34.781,173.111,"3",18035265
"CP9099","RWLG","KK","F","234673","PTT",2022-10-26 17:55:00,2023-05-23 12:49:45,34.964,4.064,-34.781,173.111,"3",18042885
"CP9099","RWLG","KK","F","234673","PTT",2022-10-26 20:02:00,2023-05-23 12:49:45,34.964,4.064,-34.781,173.111,"3",18035265
"CP9099","RWLG","KK","F","234673","PTT",2022-10-26 17:55:00,2023-05-24 13:48:40,-35.662,NA,-34.786,173.111,"2",18132820
"CP9099","RWLG","KK","F","234673","PTT",2022-10-26 20:02:00,2023-05-24 13:48:40,-35.662,NA,-34.786,173.111,"2",18125200
"CP9099","RWLG","KK","F","234673","PTT",2022-10-26 17:55:00,2023-05-24 13:57:26,34.964,3.6769,-34.805,173.168,"0",18133346
"CP9099","RWLG","KK","F","234673","PTT",2022-10-26 20:02:00,2023-05-24 13:57:26,34.964,3.6769,-34.805,173.168,"0",18125726
"CP9099","RWLG","KK","F","234673","PTT",2022-10-26 17:55:00,2023-05-24 13:57:26,-35.662,NA,-34.805,173.168,"0",18133346
"CP9099","RWLG","KK","F","234673","PTT",2022-10-26 20:02:00,2023-05-24 13:57:26,-35.662,NA,-34.805,173.168,"0",18125726
"CP9099","RWLG","KK","F","234673","PTT",2022-10-26 17:55:00,2023-05-26 06:06:33,38.756,3.7401,-34.76,173.128,"3",18277893
"CP9099","RWLG","KK","F","234673","PTT",2022-10-26 20:02:00,2023-05-26 06:06:33,38.756,3.7401,-34.76,173.128,"3",18270273
"CP9099","RWLG","KK","F","234673","PTT",2022-10-26 17:55:00,2023-05-26 06:06:33,-35.662,NA,-34.76,173.128,"3",18277893
"CP9099","RWLG","KK","F","234673","PTT",2022-10-26 20:02:00,2023-05-26 06:06:33,-35.662,NA,-34.76,173.128,"3",18270273
"CP9099","RWLG","KK","F","234673","PTT",2022-10-26 17:55:00,2023-06-18 04:50:13,32.594,3.7559,-34.804,173.049,"1",20260513
"CP9099","RWLG","KK","F","234673","PTT",2022-10-26 20:02:00,2023-06-18 04:50:13,32.594,3.7559,-34.804,173.049,"1",20252893
"CP9099","RWLG","KK","F","234673","PTT",2022-10-26 17:55:00,2023-06-18 04:50:13,-35.662,NA,-34.804,173.049,"1",20260513
"CP9099","RWLG","KK","F","234673","PTT",2022-10-26 20:02:00,2023-06-18 04:50:13,-35.662,NA,-34.804,173.049,"1",20252893
"CP9099","RWLG","KK","F","234673","PTT",2022-10-26 17:55:00,2023-06-18 05:37:31,-35.662,NA,-34.81,173.066,"B",20263351
"CP9099","RWLG","KK","F","234673","PTT",2022-10-26 20:02:00,2023-06-18 05:37:31,-35.662,NA,-34.81,173.066,"B",20255731
"CP9099","RWLG","KK","F","234673","PTT",2022-10-26 17:55:00,2023-06-18 06:18:48,-35.662,NA,-34.812,173.042,"B",20265828
"CP9099","RWLG","KK","F","234673","PTT",2022-10-26 20:02:00,2023-06-18 06:18:48,-35.662,NA,-34.812,173.042,"B",20258208
"CP9099","RWLG","KK","F","234673","PTT",2022-10-26 17:55:00,2023-06-18 06:30:52,-35.662,NA,-34.824,173.097,"0",20266552
"CP9099","RWLG","KK","F","234673","PTT",2022-10-26 20:02:00,2023-06-18 06:30:52,-35.662,NA,-34.824,173.097,"0",20258932
"CP9099","RWLG","KK","F","234673","PTT",2022-10-26 17:55:00,2023-06-18 06:30:52,-35.662,NA,-34.824,173.097,"0",20266552
"CP9099","RWLG","KK","F","234673","PTT",2022-10-26 20:02:00,2023-06-18 06:30:52,-35.662,NA,-34.824,173.097,"0",20258932
"CP9099","RWLG","KK","F","234673","PTT",2022-10-26 17:55:00,2023-07-03 06:19:10,-35.662,NA,-34.819,173.102,"3",21561850
"CP9099","RWLG","KK","F","234673","PTT",2022-10-26 20:02:00,2023-07-03 06:19:10,-35.662,NA,-34.819,173.102,"3",21554230
"CP9099","RWLG","KK","F","234673","PTT",2022-10-26 17:55:00,2023-07-03 06:19:10,37.334,3.7401,-34.819,173.102,"3",21561850
"CP9099","RWLG","KK","F","234673","PTT",2022-10-26 20:02:00,2023-07-03 06:19:10,37.334,3.7401,-34.819,173.102,"3",21554230
"CP9099","RWLG","KK","F","234673","PTT",2022-10-26 17:55:00,2023-07-09 05:56:52,32.12,3.7401,-34.811,173.13,"1",22078912
"CP9099","RWLG","KK","F","234673","PTT",2022-10-26 20:02:00,2023-07-09 05:56:52,32.12,3.7401,-34.811,173.13,"1",22071292
"CP9099","RWLG","KK","F","234673","PTT",2022-10-26 17:55:00,2023-07-09 05:56:52,-35.662,NA,-34.811,173.13,"1",22078912
"CP9099","RWLG","KK","F","234673","PTT",2022-10-26 20:02:00,2023-07-09 05:56:52,-35.662,NA,-34.811,173.13,"1",22071292
"CP9099","RWLG","KK","F","234673","PTT",2022-10-26 17:55:00,2023-07-09 05:56:52,34.016,3.7322,-34.811,173.13,"1",22078912
"CP9099","RWLG","KK","F","234673","PTT",2022-10-26 20:02:00,2023-07-09 05:56:52,34.016,3.7322,-34.811,173.13,"1",22071292
"CP9099","RWLG","KK","F","234673","PTT",2022-10-26 17:55:00,2023-07-12 13:19:08,-35.662,NA,-34.81,173.103,"3",22364648
"CP9099","RWLG","KK","F","234673","PTT",2022-10-26 20:02:00,2023-07-12 13:19:08,-35.662,NA,-34.81,173.103,"3",22357028
"CP9099","RWLG","KK","F","234673","PTT",2022-10-26 17:55:00,2023-07-12 13:19:08,33.068,3.6769,-34.81,173.103,"3",22364648
"CP9099","RWLG","KK","F","234673","PTT",2022-10-26 20:02:00,2023-07-12 13:19:08,33.068,3.6769,-34.81,173.103,"3",22357028
"CP9099","RWLG","KK","F","234673","PTT",2022-10-26 17:55:00,2023-07-15 07:44:05,34.49,3.6848,-34.775,173.091,"0",22603745
"CP9099","RWLG","KK","F","234673","PTT",2022-10-26 20:02:00,2023-07-15 07:44:05,34.49,3.6848,-34.775,173.091,"0",22596125
"CP9099","RWLG","KK","F","234673","PTT",2022-10-26 17:55:00,2023-07-15 07:44:05,-35.662,NA,-34.775,173.091,"0",22603745
"CP9099","RWLG","KK","F","234673","PTT",2022-10-26 20:02:00,2023-07-15 07:44:05,-35.662,NA,-34.775,173.091,"0",22596125
"CP16609","RBOY","KK","M","234750","PTT",2022-10-28 07:26:00,2023-07-15 07:46:06,-35.662,NA,-42.38,173.682,"1",22468806
"CP9099","RWLG","KK","F","234673","PTT",2022-10-26 17:55:00,2023-07-17 06:30:02,-35.662,NA,-34.857,173.096,"A",22772102
"CP9099","RWLG","KK","F","234673","PTT",2022-10-26 20:02:00,2023-07-17 06:30:02,-35.662,NA,-34.857,173.096,"A",22764482
"CP9099","RWLG","KK","F","234673","PTT",2022-10-26 17:55:00,2023-07-17 07:52:42,34.964,3.7006,-34.795,173.154,"1",22777062
"CP9099","RWLG","KK","F","234673","PTT",2022-10-26 20:02:00,2023-07-17 07:52:42,34.964,3.7006,-34.795,173.154,"1",22769442
"CP9099","RWLG","KK","F","234673","PTT",2022-10-26 17:55:00,2023-07-17 07:52:42,-35.662,NA,-34.795,173.154,"1",22777062
"CP9099","RWLG","KK","F","234673","PTT",2022-10-26 20:02:00,2023-07-17 07:52:42,-35.662,NA,-34.795,173.154,"1",22769442
"CP9099","RWLG","KK","F","234673","PTT",2022-10-26 17:55:00,2023-07-23 13:21:19,34.016,3.7164,-34.785,173.105,"1",23315179
"CP9099","RWLG","KK","F","234673","PTT",2022-10-26 20:02:00,2023-07-23 13:21:19,34.016,3.7164,-34.785,173.105,"1",23307559
"CP9099","RWLG","KK","F","234673","PTT",2022-10-26 17:55:00,2023-07-23 13:21:19,-35.662,NA,-34.785,173.105,"1",23315179
"CP9099","RWLG","KK","F","234673","PTT",2022-10-26 20:02:00,2023-07-23 13:21:19,-35.662,NA,-34.785,173.105,"1",23307559
"CP9099","RWLG","KK","F","234673","PTT",2022-10-26 17:55:00,2023-07-23 13:39:09,34.49,3.7006,-34.783,173.107,"3",23316249
"CP9099","RWLG","KK","F","234673","PTT",2022-10-26 20:02:00,2023-07-23 13:39:09,34.49,3.7006,-34.783,173.107,"3",23308629
"CP9099","RWLG","KK","F","234673","PTT",2022-10-26 17:55:00,2023-07-23 13:39:09,-35.662,NA,-34.783,173.107,"3",23316249
"CP9099","RWLG","KK","F","234673","PTT",2022-10-26 20:02:00,2023-07-23 13:39:09,-35.662,NA,-34.783,173.107,"3",23308629
"CP9099","RWLG","KK","F","234673","PTT",2022-10-26 17:55:00,2023-07-23 14:13:26,34.49,3.6848,-34.788,173.116,"3",23318306
"CP9099","RWLG","KK","F","234673","PTT",2022-10-26 20:02:00,2023-07-23 14:13:26,34.49,3.6848,-34.788,173.116,"3",23310686
"CP9099","RWLG","KK","F","234673","PTT",2022-10-26 17:55:00,2023-07-23 14:13:26,-35.662,NA,-34.788,173.116,"3",23318306
"CP9099","RWLG","KK","F","234673","PTT",2022-10-26 20:02:00,2023-07-23 14:13:26,-35.662,NA,-34.788,173.116,"3",23310686
"CP9099","RWLG","KK","F","234673","PTT",2022-10-26 17:55:00,2023-07-25 08:23:02,35.912,3.7322,-34.786,173.072,"1",23470082
"CP9099","RWLG","KK","F","234673","PTT",2022-10-26 20:02:00,2023-07-25 08:23:02,35.912,3.7322,-34.786,173.072,"1",23462462
"CP9099","RWLG","KK","F","234673","PTT",2022-10-26 17:55:00,2023-07-25 08:23:02,-35.662,NA,-34.786,173.072,"1",23470082
"CP9099","RWLG","KK","F","234673","PTT",2022-10-26 20:02:00,2023-07-25 08:23:02,-35.662,NA,-34.786,173.072,"1",23462462
"CP16609","RBOY","KK","M","234750","PTT",2022-10-28 07:26:00,2023-07-25 13:13:36,-35.662,NA,-42.414,173.667,"3",23352456
"CP16609","RBOY","KK","M","234750","PTT",2022-10-28 07:26:00,2023-07-25 13:13:36,32.12,3.7006,-42.414,173.667,"3",23352456
"CP16609","RBOY","KK","M","234750","PTT",2022-10-28 07:26:00,2023-07-25 13:54:30,-35.662,NA,-42.417,173.658,"3",23354910
"CP16609","RBOY","KK","M","234750","PTT",2022-10-28 07:26:00,2023-07-25 13:54:30,31.646,3.6769,-42.417,173.658,"3",23354910
"CP9099","RWLG","KK","F","234673","PTT",2022-10-26 17:55:00,2023-07-27 06:24:56,-35.662,NA,-34.753,173.239,"B",23635796
"CP9099","RWLG","KK","F","234673","PTT",2022-10-26 20:02:00,2023-07-27 06:24:56,-35.662,NA,-34.753,173.239,"B",23628176
"CP9099","RWLG","KK","F","234673","PTT",2022-10-26 17:55:00,2023-07-27 08:29:34,34.964,3.6848,-34.799,173.048,"1",23643274
"CP9099","RWLG","KK","F","234673","PTT",2022-10-26 20:02:00,2023-07-27 08:29:34,34.964,3.6848,-34.799,173.048,"1",23635654
"CP9099","RWLG","KK","F","234673","PTT",2022-10-26 17:55:00,2023-07-27 08:29:34,-35.662,NA,-34.799,173.048,"1",23643274
"CP9099","RWLG","KK","F","234673","PTT",2022-10-26 20:02:00,2023-07-27 08:29:34,-35.662,NA,-34.799,173.048,"1",23635654
"CP9099","RWLG","KK","F","234673","PTT",2022-10-26 17:55:00,2023-07-27 13:18:37,34.964,3.6848,58.341,4.777,"0",23660617
"CP9099","RWLG","KK","F","234673","PTT",2022-10-26 20:02:00,2023-07-27 13:18:37,34.964,3.6848,58.341,4.777,"0",23652997
"CP9099","RWLG","KK","F","234673","PTT",2022-10-26 17:55:00,2023-07-27 13:18:37,-35.662,NA,58.341,4.777,"0",23660617
"CP9099","RWLG","KK","F","234673","PTT",2022-10-26 20:02:00,2023-07-27 13:18:37,-35.662,NA,58.341,4.777,"0",23652997
"CP16609","RBOY","KK","M","234750","PTT",2022-10-28 07:26:00,2023-07-30 07:53:36,37.334,3.7401,-42.397,173.738,"0",23765256
"CP16609","RBOY","KK","M","234750","PTT",2022-10-28 07:26:00,2023-07-30 07:53:36,-35.662,NA,-42.397,173.738,"0",23765256
"CP16609","RBOY","KK","M","234750","PTT",2022-10-28 07:26:00,2023-08-01 12:53:05,33.542,3.7006,-42.379,173.679,"1",23956025
"CP16609","RBOY","KK","M","234750","PTT",2022-10-28 07:26:00,2023-08-01 12:53:05,-35.662,NA,-42.379,173.679,"1",23956025
"CP16609","RBOY","KK","M","234750","PTT",2022-10-28 07:26:00,2023-08-01 13:35:59,-35.662,NA,-42.38,173.672,"3",23958599
"CP16609","RBOY","KK","M","234750","PTT",2022-10-28 07:26:00,2023-08-01 13:35:59,32.594,3.6769,-42.38,173.672,"3",23958599
"CP16609","RBOY","KK","M","234750","PTT",2022-10-28 07:26:00,2023-08-05 06:38:29,35.438,3.7322,-42.391,173.642,"B",24279149
"CP16609","RBOY","KK","M","234750","PTT",2022-10-28 07:26:00,2023-08-05 06:38:29,-35.662,NA,-42.391,173.642,"B",24279149
"CP16609","RBOY","KK","M","234750","PTT",2022-10-28 07:26:00,2023-08-05 08:16:53,28.328,3.6769,-42.414,173.733,"1",24285053
"CP16609","RBOY","KK","M","234750","PTT",2022-10-28 07:26:00,2023-08-05 08:16:53,-35.662,NA,-42.414,173.733,"1",24285053
"CP16616","RBWR","KK","M","66969","PTT",2022-10-28 18:07:00,2023-08-07 08:24:01,-35.662,NA,-42.42,173.706,"2",24419821
"CP9099","RWLG","KK","F","234673","PTT",2022-10-26 17:55:00,2023-08-07 08:24:41,38.756,3.7085,-42.426,173.708,"1",24593381
"CP9099","RWLG","KK","F","234673","PTT",2022-10-26 20:02:00,2023-08-07 08:24:41,38.756,3.7085,-42.426,173.708,"1",24585761
"CP9099","RWLG","KK","F","234673","PTT",2022-10-26 17:55:00,2023-08-07 08:24:41,-35.662,NA,-42.426,173.708,"1",24593381
"CP9099","RWLG","KK","F","234673","PTT",2022-10-26 20:02:00,2023-08-07 08:24:41,-35.662,NA,-42.426,173.708,"1",24585761
"CP16609","RBOY","KK","M","234750","PTT",2022-10-28 07:26:00,2023-08-07 08:23:36,38.756,3.7322,-42.378,173.662,"2",24458256
"CP16609","RBOY","KK","M","234750","PTT",2022-10-28 07:26:00,2023-08-07 08:23:36,-35.662,NA,-42.378,173.662,"2",24458256
"CP9099","RWLG","KK","F","234673","PTT",2022-10-26 17:55:00,2023-08-11 06:14:29,39.23,3.7164,-42.386,173.65,"2",24931169
"CP9099","RWLG","KK","F","234673","PTT",2022-10-26 20:02:00,2023-08-11 06:14:29,39.23,3.7164,-42.386,173.65,"2",24923549
"CP9099","RWLG","KK","F","234673","PTT",2022-10-26 17:55:00,2023-08-11 06:14:29,-35.662,NA,-42.386,173.65,"2",24931169
"CP9099","RWLG","KK","F","234673","PTT",2022-10-26 20:02:00,2023-08-11 06:14:29,-35.662,NA,-42.386,173.65,"2",24923549
"CP9099","RWLG","KK","F","234673","PTT",2022-10-26 17:55:00,2023-08-11 07:00:45,38.282,3.6927,-42.387,173.668,"A",24933945
"CP9099","RWLG","KK","F","234673","PTT",2022-10-26 20:02:00,2023-08-11 07:00:45,38.282,3.6927,-42.387,173.668,"A",24926325
"CP9099","RWLG","KK","F","234673","PTT",2022-10-26 17:55:00,2023-08-11 07:00:45,-35.662,NA,-42.387,173.668,"A",24933945
"CP9099","RWLG","KK","F","234673","PTT",2022-10-26 20:02:00,2023-08-11 07:00:45,-35.662,NA,-42.387,173.668,"A",24926325
"CP16616","RBWR","KK","M","66969","PTT",2022-10-28 18:07:00,2023-08-12 07:53:03,36.86,3.7085,-42.398,173.571,"0",24849963
"CP16616","RBWR","KK","M","66969","PTT",2022-10-28 18:07:00,2023-08-12 07:53:03,-35.662,NA,-42.398,173.571,"0",24849963
"CP9099","RWLG","KK","F","234673","PTT",2022-10-26 17:55:00,2023-08-14 12:46:03,-35.662,NA,-42.441,173.664,"2",25213863
"CP9099","RWLG","KK","F","234673","PTT",2022-10-26 20:02:00,2023-08-14 12:46:03,-35.662,NA,-42.441,173.664,"2",25206243
"CP9099","RWLG","KK","F","234673","PTT",2022-10-26 17:55:00,2023-08-14 12:46:03,35.438,3.7243,-42.441,173.664,"2",25213863
"CP9099","RWLG","KK","F","234673","PTT",2022-10-26 20:02:00,2023-08-14 12:46:03,35.438,3.7243,-42.441,173.664,"2",25206243
"CP9099","RWLG","KK","F","234673","PTT",2022-10-26 17:55:00,2023-08-14 14:04:02,-35.662,NA,-42.42,173.678,"1",25218542
"CP9099","RWLG","KK","F","234673","PTT",2022-10-26 20:02:00,2023-08-14 14:04:02,-35.662,NA,-42.42,173.678,"1",25210922
"CP9099","RWLG","KK","F","234673","PTT",2022-10-26 17:55:00,2023-08-14 14:23:25,28.328,3.6769,-42.413,173.733,"1",25219705
"CP9099","RWLG","KK","F","234673","PTT",2022-10-26 20:02:00,2023-08-14 14:23:25,28.328,3.6769,-42.413,173.733,"1",25212085
"CP9099","RWLG","KK","F","234673","PTT",2022-10-26 17:55:00,2023-08-14 14:23:25,-35.662,NA,-42.413,173.733,"1",25219705
"CP9099","RWLG","KK","F","234673","PTT",2022-10-26 20:02:00,2023-08-14 14:23:25,-35.662,NA,-42.413,173.733,"1",25212085
"CP9099","RWLG","KK","F","234673","PTT",2022-10-26 17:55:00,2023-08-14 13:35:15,33.542,3.6927,-42.419,173.674,"3",25216815
"CP9099","RWLG","KK","F","234673","PTT",2022-10-26 20:02:00,2023-08-14 13:35:15,33.542,3.6927,-42.419,173.674,"3",25209195
"CP9099","RWLG","KK","F","234673","PTT",2022-10-26 17:55:00,2023-08-14 13:35:15,-35.662,NA,-42.419,173.674,"3",25216815
"CP9099","RWLG","KK","F","234673","PTT",2022-10-26 20:02:00,2023-08-14 13:35:15,-35.662,NA,-42.419,173.674,"3",25209195
"CP9099","RWLG","KK","F","234673","PTT",2022-10-26 17:55:00,2023-08-14 14:23:25,28.328,3.6769,-42.414,173.734,"1",25219705
"CP9099","RWLG","KK","F","234673","PTT",2022-10-26 20:02:00,2023-08-14 14:23:25,28.328,3.6769,-42.414,173.734,"1",25212085
"CP9099","RWLG","KK","F","234673","PTT",2022-10-26 17:55:00,2023-08-14 14:23:25,-35.662,NA,-42.414,173.734,"1",25219705
"CP9099","RWLG","KK","F","234673","PTT",2022-10-26 20:02:00,2023-08-14 14:23:25,-35.662,NA,-42.414,173.734,"1",25212085
"CP9099","RWLG","KK","F","234673","PTT",2022-10-26 17:55:00,2023-08-20 12:56:36,35.438,3.7322,-42.426,173.589,"2",25732896
"CP9099","RWLG","KK","F","234673","PTT",2022-10-26 20:02:00,2023-08-20 12:56:36,35.438,3.7322,-42.426,173.589,"2",25725276
"CP9099","RWLG","KK","F","234673","PTT",2022-10-26 17:55:00,2023-08-20 12:56:36,-35.662,NA,-42.426,173.589,"2",25732896
"CP9099","RWLG","KK","F","234673","PTT",2022-10-26 20:02:00,2023-08-20 12:56:36,-35.662,NA,-42.426,173.589,"2",25725276
"CP9099","RWLG","KK","F","234673","PTT",2022-10-26 17:55:00,2023-08-20 13:39:15,-35.662,NA,-42.415,173.682,"3",25735455
"CP9099","RWLG","KK","F","234673","PTT",2022-10-26 20:02:00,2023-08-20 13:39:15,-35.662,NA,-42.415,173.682,"3",25727835
"CP9099","RWLG","KK","F","234673","PTT",2022-10-26 17:55:00,2023-08-20 14:27:37,30.224,3.6848,-42.43,173.588,"0",25738357
"CP9099","RWLG","KK","F","234673","PTT",2022-10-26 20:02:00,2023-08-20 14:27:37,30.224,3.6848,-42.43,173.588,"0",25730737
"CP9099","RWLG","KK","F","234673","PTT",2022-10-26 17:55:00,2023-08-20 14:27:37,-35.662,NA,-42.43,173.588,"0",25738357
"CP9099","RWLG","KK","F","234673","PTT",2022-10-26 20:02:00,2023-08-20 14:27:37,-35.662,NA,-42.43,173.588,"0",25730737
"CP9099","RWLG","KK","F","234673","PTT",2022-10-26 17:55:00,2023-08-20 14:34:35,-35.662,NA,-42.438,173.654,"A",25738775
"CP9099","RWLG","KK","F","234673","PTT",2022-10-26 20:02:00,2023-08-20 14:34:35,-35.662,NA,-42.438,173.654,"A",25731155
"CP16609","RBOY","KK","M","234750","PTT",2022-10-28 07:26:00,2023-08-20 12:56:42,-35.662,NA,-42.412,173.621,"0",25597842
"CP9099","RWLG","KK","F","234673","PTT",2022-10-26 17:55:00,2023-08-23 07:45:53,35.438,3.6848,-42.425,173.695,"0",25973453
"CP9099","RWLG","KK","F","234673","PTT",2022-10-26 20:02:00,2023-08-23 07:45:53,35.438,3.6848,-42.425,173.695,"0",25965833
"CP9099","RWLG","KK","F","234673","PTT",2022-10-26 17:55:00,2023-08-23 07:45:53,-35.662,NA,-42.425,173.695,"0",25973453
"CP9099","RWLG","KK","F","234673","PTT",2022-10-26 20:02:00,2023-08-23 07:45:53,-35.662,NA,-42.425,173.695,"0",25965833
"CP16609","RBOY","KK","M","234750","PTT",2022-10-28 07:26:00,2023-08-24 07:01:29,-35.662,NA,-42.464,173.805,"0",25922129
"CP16609","RBOY","KK","M","234750","PTT",2022-10-28 07:26:00,2023-08-24 08:40:02,37.808,3.6848,-42.408,173.629,"2",25928042
"CP16609","RBOY","KK","M","234750","PTT",2022-10-28 07:26:00,2023-08-24 08:40:02,-35.662,NA,-42.408,173.629,"2",25928042
"CP9099","RWLG","KK","F","234673","PTT",2022-10-26 17:55:00,2023-08-25 13:34:32,-35.662,NA,-42.413,173.674,"3",26167172
"CP9099","RWLG","KK","F","234673","PTT",2022-10-26 20:02:00,2023-08-25 13:34:32,-35.662,NA,-42.413,173.674,"3",26159552
"CP16616","RBWR","KK","M","66969","PTT",2022-10-28 18:07:00,2023-08-28 13:43:59,32.594,3.7085,-42.423,173.665,"2",26253419
"CP16616","RBWR","KK","M","66969","PTT",2022-10-28 18:07:00,2023-08-28 13:43:59,-35.662,NA,-42.423,173.665,"2",26253419
"CP16616","RBWR","KK","M","66969","PTT",2022-10-28 18:07:00,2023-08-28 13:58:45,-35.662,NA,-42.431,173.684,"2",26254305
"CP16616","RBWR","KK","M","66969","PTT",2022-10-28 18:07:00,2023-08-28 14:07:19,31.646,3.7006,-42.429,173.693,"3",26254819
"CP16616","RBWR","KK","M","66969","PTT",2022-10-28 18:07:00,2023-08-28 14:07:19,-35.662,NA,-42.429,173.693,"3",26254819
"CP9099","RWLG","KK","F","234673","PTT",2022-10-26 17:55:00,2023-08-28 13:43:57,31.646,3.6848,-42.41,173.601,"0",26426937
"CP9099","RWLG","KK","F","234673","PTT",2022-10-26 20:02:00,2023-08-28 13:43:57,31.646,3.6848,-42.41,173.601,"0",26419317
"CP9099","RWLG","KK","F","234673","PTT",2022-10-26 17:55:00,2023-08-28 13:43:57,32.12,3.6848,-42.41,173.601,"0",26426937
"CP9099","RWLG","KK","F","234673","PTT",2022-10-26 20:02:00,2023-08-28 13:43:57,32.12,3.6848,-42.41,173.601,"0",26419317
"CP9099","RWLG","KK","F","234673","PTT",2022-10-26 17:55:00,2023-08-28 13:43:57,-35.662,NA,-42.41,173.601,"0",26426937
"CP9099","RWLG","KK","F","234673","PTT",2022-10-26 20:02:00,2023-08-28 13:43:57,-35.662,NA,-42.41,173.601,"0",26419317
"CP9099","RWLG","KK","F","234673","PTT",2022-10-26 17:55:00,2023-08-28 13:59:17,30.698,3.6848,-42.431,173.696,"2",26427857
"CP9099","RWLG","KK","F","234673","PTT",2022-10-26 20:02:00,2023-08-28 13:59:17,30.698,3.6848,-42.431,173.696,"2",26420237
"CP9099","RWLG","KK","F","234673","PTT",2022-10-26 17:55:00,2023-08-28 13:59:17,-35.662,NA,-42.431,173.696,"2",26427857
"CP9099","RWLG","KK","F","234673","PTT",2022-10-26 20:02:00,2023-08-28 13:59:17,-35.662,NA,-42.431,173.696,"2",26420237
"CP9099","RWLG","KK","F","234673","PTT",2022-10-26 17:55:00,2023-08-28 14:08:26,31.172,3.6848,-42.431,173.689,"2",26428406
"CP9099","RWLG","KK","F","234673","PTT",2022-10-26 20:02:00,2023-08-28 14:08:26,31.172,3.6848,-42.431,173.689,"2",26420786
"CP9099","RWLG","KK","F","234673","PTT",2022-10-26 17:55:00,2023-08-28 14:08:26,-35.662,NA,-42.431,173.689,"2",26428406
"CP9099","RWLG","KK","F","234673","PTT",2022-10-26 20:02:00,2023-08-28 14:08:26,-35.662,NA,-42.431,173.689,"2",26420786
"CP9099","RWLG","KK","F","234673","PTT",2022-10-26 17:55:00,2023-08-31 13:08:41,34.964,3.6769,-42.415,173.674,"3",26684021
"CP9099","RWLG","KK","F","234673","PTT",2022-10-26 20:02:00,2023-08-31 13:08:41,34.964,3.6769,-42.415,173.674,"3",26676401
"CP9099","RWLG","KK","F","234673","PTT",2022-10-26 17:55:00,2023-08-31 13:08:41,-35.662,NA,-42.415,173.674,"3",26684021
"CP9099","RWLG","KK","F","234673","PTT",2022-10-26 20:02:00,2023-08-31 13:08:41,-35.662,NA,-42.415,173.674,"3",26676401
"CP9099","RWLG","KK","F","234673","PTT",2022-10-26 17:55:00,2023-09-02 12:46:52,33.068,3.6769,-42.418,173.673,"1",26855512
"CP9099","RWLG","KK","F","234673","PTT",2022-10-26 20:02:00,2023-09-02 12:46:52,33.068,3.6769,-42.418,173.673,"1",26847892
"CP9099","RWLG","KK","F","234673","PTT",2022-10-26 17:55:00,2023-09-02 12:46:52,-35.662,NA,-42.418,173.673,"1",26855512
"CP9099","RWLG","KK","F","234673","PTT",2022-10-26 20:02:00,2023-09-02 12:46:52,-35.662,NA,-42.418,173.673,"1",26847892
"CP9099","RWLG","KK","F","234673","PTT",2022-10-26 17:55:00,2023-09-07 07:53:34,37.334,3.7243,-42.445,173.781,"0",27269914
"CP9099","RWLG","KK","F","234673","PTT",2022-10-26 20:02:00,2023-09-07 07:53:34,37.334,3.7243,-42.445,173.781,"0",27262294
"CP9099","RWLG","KK","F","234673","PTT",2022-10-26 17:55:00,2023-09-07 07:53:34,-35.662,NA,-42.445,173.781,"0",27269914
"CP9099","RWLG","KK","F","234673","PTT",2022-10-26 20:02:00,2023-09-07 07:53:34,-35.662,NA,-42.445,173.781,"0",27262294
"CP16609","RBOY","KK","M","234750","PTT",2022-10-28 07:26:00,2023-09-09 12:28:48,-35.662,NA,-42.443,173.647,"B",27324168
"CP9099","RWLG","KK","F","234673","PTT",2022-10-26 17:55:00,2023-09-12 04:08:38,-35.662,NA,-42.426,173.699,"2",27688418
"CP9099","RWLG","KK","F","234673","PTT",2022-10-26 20:02:00,2023-09-12 04:08:38,-35.662,NA,-42.426,173.699,"2",27680798
"CP9099","RWLG","KK","F","234673","PTT",2022-10-26 17:55:00,2023-09-12 05:10:24,29.75,3.6927,-42.45,173.659,"0",27692124
"CP9099","RWLG","KK","F","234673","PTT",2022-10-26 20:02:00,2023-09-12 05:10:24,29.75,3.6927,-42.45,173.659,"0",27684504
"CP9099","RWLG","KK","F","234673","PTT",2022-10-26 17:55:00,2023-09-12 05:10:24,35.438,3.6927,-42.45,173.659,"0",27692124
"CP9099","RWLG","KK","F","234673","PTT",2022-10-26 20:02:00,2023-09-12 05:10:24,35.438,3.6927,-42.45,173.659,"0",27684504
"CP9099","RWLG","KK","F","234673","PTT",2022-10-26 17:55:00,2023-09-12 05:10:24,-35.662,NA,-42.45,173.659,"0",27692124
"CP9099","RWLG","KK","F","234673","PTT",2022-10-26 20:02:00,2023-09-12 05:10:24,-35.662,NA,-42.45,173.659,"0",27684504
"CP9099","RWLG","KK","F","234673","PTT",2022-10-26 17:55:00,2023-09-14 13:11:20,34.964,3.6927,-42.434,173.705,"1",27893780
"CP9099","RWLG","KK","F","234673","PTT",2022-10-26 20:02:00,2023-09-14 13:11:20,34.964,3.6927,-42.434,173.705,"1",27886160
"CP9099","RWLG","KK","F","234673","PTT",2022-10-26 17:55:00,2023-09-14 13:11:20,-35.662,NA,-42.434,173.705,"1",27893780
"CP9099","RWLG","KK","F","234673","PTT",2022-10-26 20:02:00,2023-09-14 13:11:20,-35.662,NA,-42.434,173.705,"1",27886160
"CP9099","RWLG","KK","F","234673","PTT",2022-10-26 17:55:00,2023-09-14 14:01:47,-35.662,NA,-42.429,173.689,"2",27896807
"CP9099","RWLG","KK","F","234673","PTT",2022-10-26 20:02:00,2023-09-14 14:01:47,-35.662,NA,-42.429,173.689,"2",27889187
"CP9099","RWLG","KK","F","234673","PTT",2022-10-26 17:55:00,2023-09-14 14:01:47,32.594,3.6769,-42.429,173.689,"2",27896807
"CP9099","RWLG","KK","F","234673","PTT",2022-10-26 20:02:00,2023-09-14 14:01:47,32.594,3.6769,-42.429,173.689,"2",27889187
"CP9099","RWLG","KK","F","234673","PTT",2022-10-26 17:55:00,2023-09-21 07:08:23,-35.662,NA,-42.398,173.687,"1",28476803
"CP9099","RWLG","KK","F","234673","PTT",2022-10-26 20:02:00,2023-09-21 07:08:23,-35.662,NA,-42.398,173.687,"1",28469183
"CP9099","RWLG","KK","F","234673","PTT",2022-10-26 17:55:00,2023-09-21 08:45:58,40.178,3.6848,-42.427,173.669,"A",28482658
"CP9099","RWLG","KK","F","234673","PTT",2022-10-26 20:02:00,2023-09-21 08:45:58,40.178,3.6848,-42.427,173.669,"A",28475038
"CP9099","RWLG","KK","F","234673","PTT",2022-10-26 17:55:00,2023-09-21 08:45:58,-35.662,NA,-42.427,173.669,"A",28482658
"CP9099","RWLG","KK","F","234673","PTT",2022-10-26 20:02:00,2023-09-21 08:45:58,-35.662,NA,-42.427,173.669,"A",28475038
"CP9099","RWLG","KK","F","234673","PTT",2022-10-26 17:55:00,2023-10-02 09:40:57,-35.662,NA,-42.431,173.71,"B",29432757
"CP9099","RWLG","KK","F","234673","PTT",2022-10-26 20:02:00,2023-10-02 09:40:57,-35.662,NA,-42.431,173.71,"B",29425137
"CP9099","RWLG","KK","F","234673","PTT",2022-10-26 17:55:00,2023-10-03 07:18:23,37.808,3.7559,-42.419,173.652,"2",29510603
"CP9099","RWLG","KK","F","234673","PTT",2022-10-26 20:02:00,2023-10-03 07:18:23,37.808,3.7559,-42.419,173.652,"2",29502983
"CP9099","RWLG","KK","F","234673","PTT",2022-10-26 17:55:00,2023-10-03 07:18:23,-35.662,NA,-42.419,173.652,"2",29510603
"CP9099","RWLG","KK","F","234673","PTT",2022-10-26 20:02:00,2023-10-03 07:18:23,-35.662,NA,-42.419,173.652,"2",29502983
"CP9099","RWLG","KK","F","234673","PTT",2022-10-26 17:55:00,2023-10-03 08:54:38,-35.662,NA,-42.404,173.598,"0",29516378
"CP9099","RWLG","KK","F","234673","PTT",2022-10-26 20:02:00,2023-10-03 08:54:38,-35.662,NA,-42.404,173.598,"0",29508758
"CP9099","RWLG","KK","F","234673","PTT",2022-10-26 17:55:00,2023-10-03 08:54:38,41.6,3.6927,-42.404,173.598,"0",29516378
"CP9099","RWLG","KK","F","234673","PTT",2022-10-26 20:02:00,2023-10-03 08:54:38,41.6,3.6927,-42.404,173.598,"0",29508758
"CP16609","RBOY","KK","M","234750","PTT",2022-10-28 07:26:00,2023-10-03 14:04:41,-35.662,NA,-42.377,173.697,"A",29399921
"CP16609","RBOY","KK","M","234750","PTT",2022-10-28 07:26:00,2023-10-03 14:12:45,-35.662,NA,-42.414,173.677,"2",29400405
"CP16616","RBWR","KK","M","66969","PTT",2022-10-28 18:07:00,2023-10-04 13:41:24,-35.662,NA,-48.256,-155.239,"A",29446464
"CP9099","RWLG","KK","F","234673","PTT",2022-10-26 17:55:00,2023-10-07 09:10:16,-35.662,NA,-42.422,173.686,"1",29862916
"CP9099","RWLG","KK","F","234673","PTT",2022-10-26 20:02:00,2023-10-07 09:10:16,-35.662,NA,-42.422,173.686,"1",29855296
"CP16616","RBWR","KK","M","66969","PTT",2022-10-28 18:07:00,2023-10-10 08:32:03,38.282,3.7164,-42.422,173.687,"2",29946303
"CP16616","RBWR","KK","M","66969","PTT",2022-10-28 18:07:00,2023-10-10 08:32:03,-35.662,NA,-42.422,173.687,"2",29946303
"CP9099","RWLG","KK","F","234673","PTT",2022-10-26 17:55:00,2023-10-11 06:01:22,-35.662,NA,-42.412,173.668,"1",30197182
"CP9099","RWLG","KK","F","234673","PTT",2022-10-26 20:02:00,2023-10-11 06:01:22,-35.662,NA,-42.412,173.668,"1",30189562
"CP9099","RWLG","KK","F","234673","PTT",2022-10-26 17:55:00,2023-10-11 06:12:31,35.912,3.7006,-42.439,173.705,"0",30197851
"CP9099","RWLG","KK","F","234673","PTT",2022-10-26 20:02:00,2023-10-11 06:12:31,35.912,3.7006,-42.439,173.705,"0",30190231
"CP9099","RWLG","KK","F","234673","PTT",2022-10-26 17:55:00,2023-10-11 06:12:31,-35.662,NA,-42.439,173.705,"0",30197851
"CP9099","RWLG","KK","F","234673","PTT",2022-10-26 20:02:00,2023-10-11 06:12:31,-35.662,NA,-42.439,173.705,"0",30190231
"CP9099","RWLG","KK","F","234673","PTT",2022-10-26 17:55:00,2023-10-11 14:53:04,-35.662,NA,-42.416,173.673,"3",30229084
"CP9099","RWLG","KK","F","234673","PTT",2022-10-26 20:02:00,2023-10-11 14:53:04,-35.662,NA,-42.416,173.673,"3",30221464
"CP9099","RWLG","KK","F","234673","PTT",2022-10-26 17:55:00,2023-10-11 14:53:04,35.912,3.6927,-42.416,173.673,"3",30229084
"CP9099","RWLG","KK","F","234673","PTT",2022-10-26 20:02:00,2023-10-11 14:53:04,35.912,3.6927,-42.416,173.673,"3",30221464
"CP9099","RWLG","KK","F","234673","PTT",2022-10-26 17:55:00,2023-10-11 15:00:21,-35.662,NA,-42.416,173.679,"3",30229521
"CP9099","RWLG","KK","F","234673","PTT",2022-10-26 20:02:00,2023-10-11 15:00:21,-35.662,NA,-42.416,173.679,"3",30221901
"CP16609","RBOY","KK","M","234750","PTT",2022-10-28 07:26:00,2023-10-11 09:23:13,37.334,3.7243,-42.401,173.672,"1",30074233
"CP16609","RBOY","KK","M","234750","PTT",2022-10-28 07:26:00,2023-10-11 09:23:13,-35.662,NA,-42.401,173.672,"1",30074233
"CP16616","RBWR","KK","M","66969","PTT",2022-10-28 18:07:00,2023-10-12 14:07:18,-35.662,NA,-42.433,173.693,"B",30139218
"CP16616","RBWR","KK","M","66969","PTT",2022-10-28 18:07:00,2023-10-12 14:11:54,-35.662,NA,-42.427,173.693,"B",30139494
"CP16616","RBWR","KK","M","66969","PTT",2022-10-28 18:07:00,2023-10-12 14:26:03,33.542,3.6769,-42.43,173.69,"1",30140343
"CP16616","RBWR","KK","M","66969","PTT",2022-10-28 18:07:00,2023-10-12 14:26:03,-35.662,NA,-42.43,173.69,"1",30140343
"CP9099","RWLG","KK","F","234673","PTT",2022-10-26 17:55:00,2023-10-12 14:06:07,-35.662,NA,-42.438,173.681,"B",30312667
"CP9099","RWLG","KK","F","234673","PTT",2022-10-26 20:02:00,2023-10-12 14:06:07,-35.662,NA,-42.438,173.681,"B",30305047
"CP9099","RWLG","KK","F","234673","PTT",2022-10-26 17:55:00,2023-10-12 14:10:16,-35.662,NA,-42.427,173.699,"B",30312916
"CP9099","RWLG","KK","F","234673","PTT",2022-10-26 20:02:00,2023-10-12 14:10:16,-35.662,NA,-42.427,173.699,"B",30305296
"CP9099","RWLG","KK","F","234673","PTT",2022-10-26 17:55:00,2023-10-12 14:29:02,35.912,3.7164,-42.414,173.668,"3",30314042
"CP9099","RWLG","KK","F","234673","PTT",2022-10-26 20:02:00,2023-10-12 14:29:02,35.912,3.7164,-42.414,173.668,"3",30306422
"CP9099","RWLG","KK","F","234673","PTT",2022-10-26 17:55:00,2023-10-12 14:29:02,-35.662,NA,-42.414,173.668,"3",30314042
"CP9099","RWLG","KK","F","234673","PTT",2022-10-26 20:02:00,2023-10-12 14:29:02,-35.662,NA,-42.414,173.668,"3",30306422
"CP9099","RWLG","KK","F","234673","PTT",2022-10-26 17:55:00,2023-10-12 15:50:56,31.646,3.6769,-42.396,173.713,"1",30318956
"CP9099","RWLG","KK","F","234673","PTT",2022-10-26 20:02:00,2023-10-12 15:50:56,31.646,3.6769,-42.396,173.713,"1",30311336
"CP9099","RWLG","KK","F","234673","PTT",2022-10-26 17:55:00,2023-10-12 15:50:56,-35.662,NA,-42.396,173.713,"1",30318956
"CP9099","RWLG","KK","F","234673","PTT",2022-10-26 20:02:00,2023-10-12 15:50:56,-35.662,NA,-42.396,173.713,"1",30311336
"CP16918","RRGO","KK","M","66891_2","PTT",2022-10-28 22:57:00,2023-10-13 09:32:01,-35.662,NA,-39.078,156.041,"A",30191701
"CP9099","RWLG","KK","F","234673","PTT",2022-10-26 17:55:00,2023-10-13 13:57:52,-35.662,NA,-42.431,173.661,"B",30398572
"CP9099","RWLG","KK","F","234673","PTT",2022-10-26 20:02:00,2023-10-13 13:57:52,-35.662,NA,-42.431,173.661,"B",30390952
"CP9099","RWLG","KK","F","234673","PTT",2022-10-26 17:55:00,2023-10-14 16:08:42,-35.662,NA,-42.376,173.704,"1",30492822
"CP9099","RWLG","KK","F","234673","PTT",2022-10-26 20:02:00,2023-10-14 16:08:42,-35.662,NA,-42.376,173.704,"1",30485202
"CP9099","RWLG","KK","F","234673","PTT",2022-10-26 17:55:00,2023-10-14 16:08:42,33.542,3.6927,-42.376,173.704,"1",30492822
"CP9099","RWLG","KK","F","234673","PTT",2022-10-26 20:02:00,2023-10-14 16:08:42,33.542,3.6927,-42.376,173.704,"1",30485202
"CP9099","RWLG","KK","F","234673","PTT",2022-10-26 17:55:00,2023-10-15 14:35:17,32.594,3.6848,-42.407,173.654,"1",30573617
"CP9099","RWLG","KK","F","234673","PTT",2022-10-26 20:02:00,2023-10-15 14:35:17,32.594,3.6848,-42.407,173.654,"1",30565997
"CP9099","RWLG","KK","F","234673","PTT",2022-10-26 17:55:00,2023-10-15 14:35:17,-35.662,NA,-42.407,173.654,"1",30573617
"CP9099","RWLG","KK","F","234673","PTT",2022-10-26 20:02:00,2023-10-15 14:35:17,-35.662,NA,-42.407,173.654,"1",30565997
"CP9099","RWLG","KK","F","234673","PTT",2022-10-26 17:55:00,2023-10-15 14:40:31,33.542,3.6848,-42.418,173.666,"3",30573931
"CP9099","RWLG","KK","F","234673","PTT",2022-10-26 20:02:00,2023-10-15 14:40:31,33.542,3.6848,-42.418,173.666,"3",30566311
"CP9099","RWLG","KK","F","234673","PTT",2022-10-26 17:55:00,2023-10-15 14:40:31,-35.662,NA,-42.418,173.666,"3",30573931
"CP9099","RWLG","KK","F","234673","PTT",2022-10-26 20:02:00,2023-10-15 14:40:31,-35.662,NA,-42.418,173.666,"3",30566311
"CP9099","RWLG","KK","F","234673","PTT",2022-10-26 17:55:00,2023-10-16 14:03:18,36.86,3.7164,-42.406,173.663,"2",30658098
"CP9099","RWLG","KK","F","234673","PTT",2022-10-26 20:02:00,2023-10-16 14:03:18,36.86,3.7164,-42.406,173.663,"2",30650478
"CP9099","RWLG","KK","F","234673","PTT",2022-10-26 17:55:00,2023-10-16 14:03:18,-35.662,NA,-42.406,173.663,"2",30658098
"CP9099","RWLG","KK","F","234673","PTT",2022-10-26 20:02:00,2023-10-16 14:03:18,-35.662,NA,-42.406,173.663,"2",30650478
"CP9099","RWLG","KK","F","234673","PTT",2022-10-26 17:55:00,2023-10-16 14:19:07,-35.662,NA,-42.41,173.698,"B",30659047
"CP9099","RWLG","KK","F","234673","PTT",2022-10-26 20:02:00,2023-10-16 14:19:07,-35.662,NA,-42.41,173.698,"B",30651427
"CP9099","RWLG","KK","F","234673","PTT",2022-10-26 17:55:00,2023-10-16 14:47:29,-35.662,NA,-42.414,173.681,"3",30660749
"CP9099","RWLG","KK","F","234673","PTT",2022-10-26 20:02:00,2023-10-16 14:47:29,-35.662,NA,-42.414,173.681,"3",30653129
"CP9099","RWLG","KK","F","234673","PTT",2022-10-26 17:55:00,2023-10-16 14:47:29,34.016,3.7006,-42.414,173.681,"3",30660749
"CP9099","RWLG","KK","F","234673","PTT",2022-10-26 20:02:00,2023-10-16 14:47:29,34.016,3.7006,-42.414,173.681,"3",30653129
"CP9099","RWLG","KK","F","234673","PTT",2022-10-26 17:55:00,2023-10-16 15:43:22,32.594,3.6848,-42.367,173.675,"A",30664102
"CP9099","RWLG","KK","F","234673","PTT",2022-10-26 20:02:00,2023-10-16 15:43:22,32.594,3.6848,-42.367,173.675,"A",30656482
"CP9099","RWLG","KK","F","234673","PTT",2022-10-26 17:55:00,2023-10-16 15:43:22,-35.662,NA,-42.367,173.675,"A",30664102
"CP9099","RWLG","KK","F","234673","PTT",2022-10-26 20:02:00,2023-10-16 15:43:22,-35.662,NA,-42.367,173.675,"A",30656482
"CP9099","RWLG","KK","F","234673","PTT",2022-10-26 17:55:00,2023-10-18 05:02:01,-35.662,NA,-42.422,173.652,"A",30798421
"CP9099","RWLG","KK","F","234673","PTT",2022-10-26 20:02:00,2023-10-18 05:02:01,-35.662,NA,-42.422,173.652,"A",30790801
"CP9099","RWLG","KK","F","234673","PTT",2022-10-26 17:55:00,2023-10-18 05:02:01,36.86,3.7401,-42.422,173.652,"A",30798421
"CP9099","RWLG","KK","F","234673","PTT",2022-10-26 20:02:00,2023-10-18 05:02:01,36.86,3.7401,-42.422,173.652,"A",30790801
"CP9099","RWLG","KK","F","234673","PTT",2022-10-26 17:55:00,2023-10-18 05:27:26,-35.662,NA,-42.406,173.7,"A",30799946
"CP9099","RWLG","KK","F","234673","PTT",2022-10-26 20:02:00,2023-10-18 05:27:26,-35.662,NA,-42.406,173.7,"A",30792326
"CP9099","RWLG","KK","F","234673","PTT",2022-10-26 17:55:00,2023-10-18 06:14:31,-35.662,NA,-42.409,173.654,"A",30802771
"CP9099","RWLG","KK","F","234673","PTT",2022-10-26 20:02:00,2023-10-18 06:14:31,-35.662,NA,-42.409,173.654,"A",30795151
"CP9099","RWLG","KK","F","234673","PTT",2022-10-26 17:55:00,2023-10-18 06:19:58,37.808,3.7085,-42.419,173.675,"2",30803098
"CP9099","RWLG","KK","F","234673","PTT",2022-10-26 20:02:00,2023-10-18 06:19:58,37.808,3.7085,-42.419,173.675,"2",30795478
"CP9099","RWLG","KK","F","234673","PTT",2022-10-26 17:55:00,2023-10-18 06:19:58,-35.662,NA,-42.419,173.675,"2",30803098
"CP9099","RWLG","KK","F","234673","PTT",2022-10-26 20:02:00,2023-10-18 06:19:58,-35.662,NA,-42.419,173.675,"2",30795478
"CP9099","RWLG","KK","F","234673","PTT",2022-10-26 17:55:00,2023-10-18 07:08:19,38.282,3.6848,-42.417,173.696,"1",30805999
"CP9099","RWLG","KK","F","234673","PTT",2022-10-26 20:02:00,2023-10-18 07:08:19,38.282,3.6848,-42.417,173.696,"1",30798379
"CP9099","RWLG","KK","F","234673","PTT",2022-10-26 17:55:00,2023-10-18 07:08:19,-35.662,NA,-42.417,173.696,"1",30805999
"CP9099","RWLG","KK","F","234673","PTT",2022-10-26 20:02:00,2023-10-18 07:08:19,-35.662,NA,-42.417,173.696,"1",30798379
"CP9099","RWLG","KK","F","234673","PTT",2022-10-26 17:55:00,2023-10-20 06:26:14,-35.662,NA,-42.42,173.698,"1",30976274
"CP9099","RWLG","KK","F","234673","PTT",2022-10-26 20:02:00,2023-10-20 06:26:14,-35.662,NA,-42.42,173.698,"1",30968654
"CP9099","RWLG","KK","F","234673","PTT",2022-10-26 17:55:00,2023-10-20 06:26:14,39.23,3.748,-42.42,173.698,"1",30976274
"CP9099","RWLG","KK","F","234673","PTT",2022-10-26 20:02:00,2023-10-20 06:26:14,39.23,3.748,-42.42,173.698,"1",30968654
"CP16609","RBOY","KK","M","234750","PTT",2022-10-28 07:26:00,2023-10-20 09:09:58,-35.662,NA,-42.409,173.671,"2",30851038
"CP9099","RWLG","KK","F","234673","PTT",2022-10-26 17:55:00,2023-10-23 16:36:12,-35.662,NA,-42.414,173.713,"A",31272072
"CP9099","RWLG","KK","F","234673","PTT",2022-10-26 20:02:00,2023-10-23 16:36:12,-35.662,NA,-42.414,173.713,"A",31264452
"CP16609","RBOY","KK","M","234750","PTT",2022-10-28 07:26:00,2023-10-25 14:22:33,-35.662,NA,-42.424,173.691,"A",31301793
"CP16609","RBOY","KK","M","234750","PTT",2022-10-28 07:26:00,2023-10-25 14:22:33,36.86,3.7006,-42.424,173.691,"A",31301793
"CP16609","RBOY","KK","M","234750","PTT",2022-10-28 07:26:00,2023-10-25 14:21:43,36.86,3.7006,-42.424,173.691,"3",31301743
"CP16609","RBOY","KK","M","234750","PTT",2022-10-28 07:26:00,2023-10-25 14:21:43,-35.662,NA,-42.424,173.691,"3",31301743
"CP16616","RBWR","KK","M","66969","PTT",2022-10-28 18:07:00,2023-10-26 07:42:27,-35.662,NA,-42.391,173.706,"A",31325727
"CP16616","RBWR","KK","M","66969","PTT",2022-10-28 18:07:00,2023-10-26 07:42:27,42.548,3.7401,-42.391,173.706,"A",31325727
"CP16616","RBWR","KK","M","66969","PTT",2022-10-28 18:07:00,2023-10-26 07:54:21,-35.662,NA,-42.407,173.712,"B",31326441
"CP9099","RWLG","KK","F","234673","PTT",2022-10-26 17:55:00,2023-10-27 05:18:57,-35.662,NA,-42.508,173.672,"A",31577037
"CP9099","RWLG","KK","F","234673","PTT",2022-10-26 20:02:00,2023-10-27 05:18:57,-35.662,NA,-42.508,173.672,"A",31569417
"CP9099","RWLG","KK","F","234673","PTT",2022-10-26 17:55:00,2023-10-27 05:41:12,39.704,3.7559,-42.436,173.739,"1",31578372
"CP9099","RWLG","KK","F","234673","PTT",2022-10-26 20:02:00,2023-10-27 05:41:12,39.704,3.7559,-42.436,173.739,"1",31570752
"CP9099","RWLG","KK","F","234673","PTT",2022-10-26 17:55:00,2023-10-27 05:41:12,-35.662,NA,-42.436,173.739,"1",31578372
"CP9099","RWLG","KK","F","234673","PTT",2022-10-26 20:02:00,2023-10-27 05:41:12,-35.662,NA,-42.436,173.739,"1",31570752
"CP9099","RWLG","KK","F","234673","PTT",2022-10-26 17:55:00,2023-10-27 06:07:26,37.808,3.7322,-42.449,173.712,"1",31579946
"CP9099","RWLG","KK","F","234673","PTT",2022-10-26 20:02:00,2023-10-27 06:07:26,37.808,3.7322,-42.449,173.712,"1",31572326
"CP9099","RWLG","KK","F","234673","PTT",2022-10-26 17:55:00,2023-10-27 06:07:26,-35.662,NA,-42.449,173.712,"1",31579946
"CP9099","RWLG","KK","F","234673","PTT",2022-10-26 20:02:00,2023-10-27 06:07:26,-35.662,NA,-42.449,173.712,"1",31572326
"CP9099","RWLG","KK","F","234673","PTT",2022-10-26 17:55:00,2023-10-27 06:26:59,-35.662,NA,-42.434,173.705,"B",31581119
"CP9099","RWLG","KK","F","234673","PTT",2022-10-26 20:02:00,2023-10-27 06:26:59,-35.662,NA,-42.434,173.705,"B",31573499
"CP9099","RWLG","KK","F","234673","PTT",2022-10-26 17:55:00,2023-10-27 07:21:44,39.23,3.6927,-42.446,173.69,"1",31584404
"CP9099","RWLG","KK","F","234673","PTT",2022-10-26 20:02:00,2023-10-27 07:21:44,39.23,3.6927,-42.446,173.69,"1",31576784
"CP9099","RWLG","KK","F","234673","PTT",2022-10-26 17:55:00,2023-10-27 07:21:44,-35.662,NA,-42.446,173.69,"1",31584404
"CP9099","RWLG","KK","F","234673","PTT",2022-10-26 20:02:00,2023-10-27 07:21:44,-35.662,NA,-42.446,173.69,"1",31576784
"CP16609","RBOY","KK","M","234750","PTT",2022-10-28 07:26:00,2023-10-27 06:08:26,32.12,3.748,-42.413,173.68,"0",31444946
"CP16609","RBOY","KK","M","234750","PTT",2022-10-28 07:26:00,2023-10-27 06:08:26,-35.662,NA,-42.413,173.68,"0",31444946
"CP16609","RBOY","KK","M","234750","PTT",2022-10-28 07:26:00,2023-10-27 06:28:26,35.438,3.7243,-42.415,173.635,"1",31446146
"CP16609","RBOY","KK","M","234750","PTT",2022-10-28 07:26:00,2023-10-27 06:28:26,-35.662,NA,-42.415,173.635,"1",31446146
"CP16609","RBOY","KK","M","234750","PTT",2022-10-28 07:26:00,2023-10-27 07:21:46,36.386,3.7006,-42.415,173.645,"A",31449346
"CP16609","RBOY","KK","M","234750","PTT",2022-10-28 07:26:00,2023-10-27 07:21:46,-35.662,NA,-42.415,173.645,"A",31449346
"CP9099","RWLG","KK","F","234673","PTT",2022-10-26 17:55:00,2023-10-27 08:46:18,33.068,3.6769,-42.403,173.619,"0",31589478
"CP9099","RWLG","KK","F","234673","PTT",2022-10-26 20:02:00,2023-10-27 08:46:18,33.068,3.6769,-42.403,173.619,"0",31581858
"CP9099","RWLG","KK","F","234673","PTT",2022-10-26 17:55:00,2023-10-27 08:46:18,-35.662,NA,-42.403,173.619,"0",31589478
"CP9099","RWLG","KK","F","234673","PTT",2022-10-26 20:02:00,2023-10-27 08:46:18,-35.662,NA,-42.403,173.619,"0",31581858
"CP9099","RWLG","KK","F","234673","PTT",2022-10-26 17:55:00,2023-10-28 04:15:49,-35.662,NA,-42.421,173.68,"A",31659649
"CP9099","RWLG","KK","F","234673","PTT",2022-10-26 20:02:00,2023-10-28 04:15:49,-35.662,NA,-42.421,173.68,"A",31652029
"CP9099","RWLG","KK","F","234673","PTT",2022-10-26 17:55:00,2023-10-28 04:47:12,36.386,3.7243,-42.422,173.678,"1",31661532
"CP9099","RWLG","KK","F","234673","PTT",2022-10-26 20:02:00,2023-10-28 04:47:12,36.386,3.7243,-42.422,173.678,"1",31653912
"CP9099","RWLG","KK","F","234673","PTT",2022-10-26 17:55:00,2023-10-28 04:47:12,-35.662,NA,-42.422,173.678,"1",31661532
"CP9099","RWLG","KK","F","234673","PTT",2022-10-26 20:02:00,2023-10-28 04:47:12,-35.662,NA,-42.422,173.678,"1",31653912
"CP9099","RWLG","KK","F","234673","PTT",2022-10-26 17:55:00,2023-10-28 05:21:29,-35.662,NA,-42.397,173.653,"0",31663589
"CP9099","RWLG","KK","F","234673","PTT",2022-10-26 20:02:00,2023-10-28 05:21:29,-35.662,NA,-42.397,173.653,"0",31655969
"CP9099","RWLG","KK","F","234673","PTT",2022-10-26 17:55:00,2023-10-28 05:55:42,42.548,3.7006,-42.406,173.668,"1",31665642
"CP9099","RWLG","KK","F","234673","PTT",2022-10-26 20:02:00,2023-10-28 05:55:42,42.548,3.7006,-42.406,173.668,"1",31658022
"CP9099","RWLG","KK","F","234673","PTT",2022-10-26 17:55:00,2023-10-28 05:55:42,40.652,3.7006,-42.406,173.668,"1",31665642
"CP9099","RWLG","KK","F","234673","PTT",2022-10-26 20:02:00,2023-10-28 05:55:42,40.652,3.7006,-42.406,173.668,"1",31658022
"CP9099","RWLG","KK","F","234673","PTT",2022-10-26 17:55:00,2023-10-28 05:55:42,-35.662,NA,-42.406,173.668,"1",31665642
"CP9099","RWLG","KK","F","234673","PTT",2022-10-26 20:02:00,2023-10-28 05:55:42,-35.662,NA,-42.406,173.668,"1",31658022
"CP9099","RWLG","KK","F","234673","PTT",2022-10-26 17:55:00,2023-10-28 06:06:56,-35.662,NA,-42.409,173.66,"B",31666316
"CP9099","RWLG","KK","F","234673","PTT",2022-10-26 20:02:00,2023-10-28 06:06:56,-35.662,NA,-42.409,173.66,"B",31658696
"CP9099","RWLG","KK","F","234673","PTT",2022-10-26 17:55:00,2023-10-28 07:01:14,41.6,3.6848,-42.422,173.678,"0",31669574
"CP9099","RWLG","KK","F","234673","PTT",2022-10-26 20:02:00,2023-10-28 07:01:14,41.6,3.6848,-42.422,173.678,"0",31661954
"CP9099","RWLG","KK","F","234673","PTT",2022-10-26 17:55:00,2023-10-28 07:01:14,-35.662,NA,-42.422,173.678,"0",31669574
"CP9099","RWLG","KK","F","234673","PTT",2022-10-26 20:02:00,2023-10-28 07:01:14,-35.662,NA,-42.422,173.678,"0",31661954
"CP16609","RBOY","KK","M","234750","PTT",2022-10-28 07:26:00,2023-10-28 06:59:36,-35.662,NA,-42.431,173.684,"1",31534416
"CP16609","RBOY","KK","M","234750","PTT",2022-10-28 07:26:00,2023-10-28 08:03:22,40.652,3.6927,-42.416,173.729,"1",31538242
"CP16609","RBOY","KK","M","234750","PTT",2022-10-28 07:26:00,2023-10-28 08:03:22,-35.662,NA,-42.416,173.729,"1",31538242
"CP9099","RWLG","KK","F","234673","PTT",2022-10-26 17:55:00,2023-10-29 05:00:52,-35.662,NA,-42.421,173.681,"B",31748752
"CP9099","RWLG","KK","F","234673","PTT",2022-10-26 20:02:00,2023-10-29 05:00:52,-35.662,NA,-42.421,173.681,"B",31741132
"CP9099","RWLG","KK","F","234673","PTT",2022-10-26 17:55:00,2023-10-29 05:43:47,37.334,3.7006,-42.506,174.104,"0",31751327
"CP9099","RWLG","KK","F","234673","PTT",2022-10-26 20:02:00,2023-10-29 05:43:47,37.334,3.7006,-42.506,174.104,"0",31743707
"CP9099","RWLG","KK","F","234673","PTT",2022-10-26 17:55:00,2023-10-29 05:43:47,-35.662,NA,-42.506,174.104,"0",31751327
"CP9099","RWLG","KK","F","234673","PTT",2022-10-26 20:02:00,2023-10-29 05:43:47,-35.662,NA,-42.506,174.104,"0",31743707
"CP9099","RWLG","KK","F","234673","PTT",2022-10-26 17:55:00,2023-10-29 05:50:04,-35.662,NA,-42.481,173.975,"B",31751704
"CP9099","RWLG","KK","F","234673","PTT",2022-10-26 20:02:00,2023-10-29 05:50:04,-35.662,NA,-42.481,173.975,"B",31744084
"CP9099","RWLG","KK","F","234673","PTT",2022-10-26 17:55:00,2023-10-29 06:40:06,36.386,3.6848,-42.407,173.684,"1",31754706
"CP9099","RWLG","KK","F","234673","PTT",2022-10-26 20:02:00,2023-10-29 06:40:06,36.386,3.6848,-42.407,173.684,"1",31747086
"CP9099","RWLG","KK","F","234673","PTT",2022-10-26 17:55:00,2023-10-29 06:40:06,-35.662,NA,-42.407,173.684,"1",31754706
"CP9099","RWLG","KK","F","234673","PTT",2022-10-26 20:02:00,2023-10-29 06:40:06,-35.662,NA,-42.407,173.684,"1",31747086
"CP16616","RBWR","KK","M","66969","PTT",2022-10-28 18:07:00,2023-10-29 15:55:34,38.282,3.7164,-42.41,173.67,"3",31614514
"CP16616","RBWR","KK","M","66969","PTT",2022-10-28 18:07:00,2023-10-29 15:55:34,-35.662,NA,-42.41,173.67,"3",31614514
"CP16616","RBWR","KK","M","66969","PTT",2022-10-28 18:07:00,2023-10-29 16:13:42,-35.662,NA,-42.415,173.665,"2",31615602
"CP16616","RBWR","KK","M","66969","PTT",2022-10-28 18:07:00,2023-10-29 16:13:42,36.386,3.7164,-42.415,173.665,"2",31615602
"CP16616","RBWR","KK","M","66969","PTT",2022-10-28 18:07:00,2023-10-29 16:32:02,-35.662,NA,-42.417,173.68,"3",31616702
"CP16616","RBWR","KK","M","66969","PTT",2022-10-28 18:07:00,2023-10-29 17:33:21,-35.662,NA,-42.427,173.669,"A",31620381
"CP16616","RBWR","KK","M","66969","PTT",2022-10-28 18:07:00,2023-10-29 17:53:21,-35.662,NA,-42.413,173.686,"1",31621581
"CP9099","RWLG","KK","F","234673","PTT",2022-10-26 17:55:00,2023-10-29 16:15:32,-35.662,NA,-42.429,173.65,"B",31789232
"CP9099","RWLG","KK","F","234673","PTT",2022-10-26 20:02:00,2023-10-29 16:15:32,-35.662,NA,-42.429,173.65,"B",31781612
"CP9099","RWLG","KK","F","234673","PTT",2022-10-26 17:55:00,2023-10-29 16:15:32,35.438,3.7401,-42.429,173.65,"B",31789232
"CP9099","RWLG","KK","F","234673","PTT",2022-10-26 20:02:00,2023-10-29 16:15:32,35.438,3.7401,-42.429,173.65,"B",31781612
"CP9099","RWLG","KK","F","234673","PTT",2022-10-26 17:55:00,2023-10-29 16:33:03,-35.662,NA,-42.409,173.686,"2",31790283
"CP9099","RWLG","KK","F","234673","PTT",2022-10-26 20:02:00,2023-10-29 16:33:03,-35.662,NA,-42.409,173.686,"2",31782663
"CP9099","RWLG","KK","F","234673","PTT",2022-10-26 17:55:00,2023-10-29 17:34:42,34.016,3.7401,-42.429,173.678,"1",31793982
"CP9099","RWLG","KK","F","234673","PTT",2022-10-26 20:02:00,2023-10-29 17:34:42,34.016,3.7401,-42.429,173.678,"1",31786362
"CP9099","RWLG","KK","F","234673","PTT",2022-10-26 17:55:00,2023-10-29 17:34:42,-35.662,NA,-42.429,173.678,"1",31793982
"CP9099","RWLG","KK","F","234673","PTT",2022-10-26 20:02:00,2023-10-29 17:34:42,-35.662,NA,-42.429,173.678,"1",31786362
"CP9099","RWLG","KK","F","234673","PTT",2022-10-26 17:55:00,2023-10-29 17:52:13,32.594,3.7322,-42.408,173.679,"1",31795033
"CP9099","RWLG","KK","F","234673","PTT",2022-10-26 20:02:00,2023-10-29 17:52:13,32.594,3.7322,-42.408,173.679,"1",31787413
"CP9099","RWLG","KK","F","234673","PTT",2022-10-26 17:55:00,2023-10-29 17:52:13,-35.662,NA,-42.408,173.679,"1",31795033
"CP9099","RWLG","KK","F","234673","PTT",2022-10-26 20:02:00,2023-10-29 17:52:13,-35.662,NA,-42.408,173.679,"1",31787413
"CP9099","RWLG","KK","F","234673","PTT",2022-10-26 17:55:00,2023-10-30 16:12:35,-35.662,NA,-42.414,173.676,"A",31875455
"CP9099","RWLG","KK","F","234673","PTT",2022-10-26 20:02:00,2023-10-30 16:12:35,-35.662,NA,-42.414,173.676,"A",31867835
"CP9099","RWLG","KK","F","234673","PTT",2022-10-26 17:55:00,2023-10-30 17:03:24,36.386,3.7401,-42.422,173.691,"2",31878504
"CP9099","RWLG","KK","F","234673","PTT",2022-10-26 20:02:00,2023-10-30 17:03:24,36.386,3.7401,-42.422,173.691,"2",31870884
"CP9099","RWLG","KK","F","234673","PTT",2022-10-26 17:55:00,2023-10-30 17:03:24,-35.662,NA,-42.422,173.691,"2",31878504
"CP9099","RWLG","KK","F","234673","PTT",2022-10-26 20:02:00,2023-10-30 17:03:24,-35.662,NA,-42.422,173.691,"2",31870884
"CP9099","RWLG","KK","F","234673","PTT",2022-10-26 17:55:00,2023-10-30 17:12:33,35.912,3.7401,-42.407,173.711,"0",31879053
"CP9099","RWLG","KK","F","234673","PTT",2022-10-26 20:02:00,2023-10-30 17:12:33,35.912,3.7401,-42.407,173.711,"0",31871433
"CP9099","RWLG","KK","F","234673","PTT",2022-10-26 17:55:00,2023-10-30 17:12:33,-35.662,NA,-42.407,173.711,"0",31879053
"CP9099","RWLG","KK","F","234673","PTT",2022-10-26 20:02:00,2023-10-30 17:12:33,-35.662,NA,-42.407,173.711,"0",31871433
"CP9099","RWLG","KK","F","234673","PTT",2022-10-26 17:55:00,2023-10-30 18:50:33,33.068,3.6769,-42.413,173.687,"B",31884933
"CP9099","RWLG","KK","F","234673","PTT",2022-10-26 20:02:00,2023-10-30 18:50:33,33.068,3.6769,-42.413,173.687,"B",31877313
"CP9099","RWLG","KK","F","234673","PTT",2022-10-26 17:55:00,2023-10-30 18:50:33,-35.662,NA,-42.413,173.687,"B",31884933
"CP9099","RWLG","KK","F","234673","PTT",2022-10-26 20:02:00,2023-10-30 18:50:33,-35.662,NA,-42.413,173.687,"B",31877313
"CP9099","RWLG","KK","F","234673","PTT",2022-10-26 17:55:00,2023-11-01 11:54:18,41.6,3.7085,-42.435,173.707,"1",32032758
"CP9099","RWLG","KK","F","234673","PTT",2022-10-26 20:02:00,2023-11-01 11:54:18,41.6,3.7085,-42.435,173.707,"1",32025138
"CP9099","RWLG","KK","F","234673","PTT",2022-10-26 17:55:00,2023-11-01 11:54:18,-35.662,NA,-42.435,173.707,"1",32032758
"CP9099","RWLG","KK","F","234673","PTT",2022-10-26 20:02:00,2023-11-01 11:54:18,-35.662,NA,-42.435,173.707,"1",32025138
"CP16609","RBOY","KK","M","234750","PTT",2022-10-28 07:26:00,2023-11-01 11:54:26,-35.662,NA,-42.413,173.653,"B",31897706
"CP9099","RWLG","KK","F","234673","PTT",2022-10-26 17:55:00,2023-11-03 10:24:03,-35.662,NA,-42.411,173.676,"0",32200143
"CP9099","RWLG","KK","F","234673","PTT",2022-10-26 20:02:00,2023-11-03 10:24:03,-35.662,NA,-42.411,173.676,"0",32192523
"CP16609","RBOY","KK","M","234750","PTT",2022-10-28 07:26:00,2023-11-04 06:26:30,37.808,3.7322,-42.409,173.673,"1",32137230
"CP16609","RBOY","KK","M","234750","PTT",2022-10-28 07:26:00,2023-11-04 06:26:30,-35.662,NA,-42.409,173.673,"1",32137230
"CP16609","RBOY","KK","M","234750","PTT",2022-10-28 07:26:00,2023-11-04 06:29:51,-35.662,NA,-42.409,173.666,"B",32137431
"CP16609","RBOY","KK","M","234750","PTT",2022-10-28 07:26:00,2023-11-04 06:36:31,-35.662,NA,-42.446,173.662,"B",32137831
"CP16609","RBOY","KK","M","234750","PTT",2022-10-28 07:26:00,2023-11-04 06:36:31,34.016,3.7243,-42.446,173.662,"B",32137831
"CP16609","RBOY","KK","M","234750","PTT",2022-10-28 07:26:00,2023-11-04 06:56:05,-35.662,NA,-42.409,173.667,"B",32139005
"CP16609","RBOY","KK","M","234750","PTT",2022-10-28 07:26:00,2023-11-04 08:10:18,41.126,3.6848,-42.412,173.667,"3",32143458
"CP16609","RBOY","KK","M","234750","PTT",2022-10-28 07:26:00,2023-11-04 08:10:18,-35.662,NA,-42.412,173.667,"3",32143458
"CP16609","RBOY","KK","M","234750","PTT",2022-10-28 07:26:00,2023-11-04 08:16:08,-35.662,NA,-42.412,173.669,"3",32143808
"CP16609","RBOY","KK","M","234750","PTT",2022-10-28 07:26:00,2023-11-04 16:00:19,-35.662,NA,-42.424,173.67,"B",32171659
"CP16609","RBOY","KK","M","234750","PTT",2022-10-28 07:26:00,2023-11-04 16:05:59,-35.662,NA,-42.419,173.673,"1",32171999
"CP16609","RBOY","KK","M","234750","PTT",2022-10-28 07:26:00,2023-11-04 17:06:10,-35.662,NA,-42.395,173.695,"0",32175610
"CP16609","RBOY","KK","M","234750","PTT",2022-10-28 07:26:00,2023-11-04 17:34:57,-35.662,NA,-42.405,173.67,"B",32177337
"CP16609","RBOY","KK","M","234750","PTT",2022-10-28 07:26:00,2023-11-04 17:45:48,-35.662,NA,-42.406,173.676,"B",32177988
"CP16609","RBOY","KK","M","234750","PTT",2022-10-28 07:26:00,2023-11-04 17:45:48,-35.662,NA,-42.401,173.673,"B",32177988
"CP16609","RBOY","KK","M","234750","PTT",2022-10-28 07:26:00,2023-11-05 10:31:14,41.6,3.7322,-42.416,173.666,"3",32238314
"CP16609","RBOY","KK","M","234750","PTT",2022-10-28 07:26:00,2023-11-05 10:31:14,-35.662,NA,-42.416,173.666,"3",32238314
"CP9099","RWLG","KK","F","234673","PTT",2022-10-26 17:55:00,2023-11-06 07:46:11,33.542,3.7401,-42.422,173.715,"0",32449871
"CP9099","RWLG","KK","F","234673","PTT",2022-10-26 20:02:00,2023-11-06 07:46:11,33.542,3.7401,-42.422,173.715,"0",32442251
"CP9099","RWLG","KK","F","234673","PTT",2022-10-26 17:55:00,2023-11-06 07:46:11,-35.662,NA,-42.422,173.715,"0",32449871
"CP9099","RWLG","KK","F","234673","PTT",2022-10-26 20:02:00,2023-11-06 07:46:11,-35.662,NA,-42.422,173.715,"0",32442251
"CP9099","RWLG","KK","F","234673","PTT",2022-10-26 17:55:00,2023-11-06 08:19:50,-35.662,NA,-42.415,173.718,"B",32451890
"CP9099","RWLG","KK","F","234673","PTT",2022-10-26 20:02:00,2023-11-06 08:19:50,-35.662,NA,-42.415,173.718,"B",32444270
"CP9099","RWLG","KK","F","234673","PTT",2022-10-26 17:55:00,2023-11-06 09:13:40,31.646,3.6848,-42.423,173.673,"2",32455120
"CP9099","RWLG","KK","F","234673","PTT",2022-10-26 20:02:00,2023-11-06 09:13:40,31.646,3.6848,-42.423,173.673,"2",32447500
"CP9099","RWLG","KK","F","234673","PTT",2022-10-26 17:55:00,2023-11-06 09:13:40,-35.662,NA,-42.423,173.673,"2",32455120
"CP9099","RWLG","KK","F","234673","PTT",2022-10-26 20:02:00,2023-11-06 09:13:40,-35.662,NA,-42.423,173.673,"2",32447500
"CP9099","RWLG","KK","F","234673","PTT",2022-10-26 17:55:00,2023-11-06 09:49:07,-35.662,NA,-42.42,173.673,"B",32457247
"CP9099","RWLG","KK","F","234673","PTT",2022-10-26 20:02:00,2023-11-06 09:49:07,-35.662,NA,-42.42,173.673,"B",32449627
"CP9099","RWLG","KK","F","234673","PTT",2022-10-26 17:55:00,2023-11-07 10:38:17,29.75,3.6848,-42.422,173.731,"1",32546597
"CP9099","RWLG","KK","F","234673","PTT",2022-10-26 20:02:00,2023-11-07 10:38:17,29.75,3.6848,-42.422,173.731,"1",32538977
"CP9099","RWLG","KK","F","234673","PTT",2022-10-26 17:55:00,2023-11-07 10:38:17,-35.662,NA,-42.422,173.731,"1",32546597
"CP9099","RWLG","KK","F","234673","PTT",2022-10-26 20:02:00,2023-11-07 10:38:17,-35.662,NA,-42.422,173.731,"1",32538977
"CP16609","RBOY","KK","M","234750","PTT",2022-10-28 07:26:00,2023-11-07 10:39:03,34.49,3.7322,-42.414,173.67,"3",32411583
"CP16609","RBOY","KK","M","234750","PTT",2022-10-28 07:26:00,2023-11-07 10:39:03,-35.662,NA,-42.414,173.67,"3",32411583
"CP9099","RWLG","KK","F","234673","PTT",2022-10-26 17:55:00,2023-11-08 08:33:01,37.808,3.7085,-42.413,173.632,"1",32625481
"CP9099","RWLG","KK","F","234673","PTT",2022-10-26 20:02:00,2023-11-08 08:33:01,37.808,3.7085,-42.413,173.632,"1",32617861
"CP9099","RWLG","KK","F","234673","PTT",2022-10-26 17:55:00,2023-11-08 08:33:01,-35.662,NA,-42.413,173.632,"1",32625481
"CP9099","RWLG","KK","F","234673","PTT",2022-10-26 20:02:00,2023-11-08 08:33:01,-35.662,NA,-42.413,173.632,"1",32617861
"CP9099","RWLG","KK","F","234673","PTT",2022-10-26 17:55:00,2023-11-08 09:03:01,-35.662,NA,-42.412,173.629,"B",32627281
"CP9099","RWLG","KK","F","234673","PTT",2022-10-26 20:02:00,2023-11-08 09:03:01,-35.662,NA,-42.412,173.629,"B",32619661
"CP9099","RWLG","KK","F","234673","PTT",2022-10-26 17:55:00,2023-11-08 09:56:27,-35.662,NA,-42.41,173.653,"B",32630487
"CP9099","RWLG","KK","F","234673","PTT",2022-10-26 20:02:00,2023-11-08 09:56:27,-35.662,NA,-42.41,173.653,"B",32622867
"CP9099","RWLG","KK","F","234673","PTT",2022-10-26 17:55:00,2023-11-08 10:15:11,-35.662,NA,-42.329,173.789,"B",32631611
"CP9099","RWLG","KK","F","234673","PTT",2022-10-26 20:02:00,2023-11-08 10:15:11,-35.662,NA,-42.329,173.789,"B",32623991
"CP16609","RBOY","KK","M","234750","PTT",2022-10-28 07:26:00,2023-11-08 09:53:25,-35.662,NA,-42.42,173.688,"A",32495245
"CP16609","RBOY","KK","M","234750","PTT",2022-10-28 07:26:00,2023-11-08 09:53:25,41.126,3.7401,-42.42,173.688,"A",32495245
"CP9099","RWLG","KK","F","234673","PTT",2022-10-26 17:55:00,2023-11-08 09:03:01,-35.662,NA,-42.412,173.629,"B",32627281
"CP9099","RWLG","KK","F","234673","PTT",2022-10-26 20:02:00,2023-11-08 09:03:01,-35.662,NA,-42.412,173.629,"B",32619661
"CP9099","RWLG","KK","F","234673","PTT",2022-10-26 17:55:00,2023-11-08 10:15:11,-35.662,NA,-42.332,173.791,"B",32631611
"CP9099","RWLG","KK","F","234673","PTT",2022-10-26 20:02:00,2023-11-08 10:15:11,-35.662,NA,-42.332,173.791,"B",32623991
"CP16609","RBOY","KK","M","234750","PTT",2022-10-28 07:26:00,2023-11-08 11:31:59,-35.662,NA,-42.421,173.664,"1",32501159
"CP9099","RWLG","KK","F","234673","PTT",2022-10-26 17:55:00,2023-11-09 10:46:49,-35.662,NA,-42.399,173.638,"0",32719909
"CP9099","RWLG","KK","F","234673","PTT",2022-10-26 20:02:00,2023-11-09 10:46:49,-35.662,NA,-42.399,173.638,"0",32712289
"CP16609","RBOY","KK","M","234750","PTT",2022-10-28 07:26:00,2023-11-09 10:47:05,40.178,3.7085,-42.414,173.696,"0",32584865
"CP16609","RBOY","KK","M","234750","PTT",2022-10-28 07:26:00,2023-11-09 10:47:05,-35.662,NA,-42.414,173.696,"0",32584865
"CP16616","RBWR","KK","M","66969","PTT",2022-10-28 18:07:00,2023-11-10 08:38:03,41.126,3.7322,-42.422,173.681,"3",32625063
"CP16616","RBWR","KK","M","66969","PTT",2022-10-28 18:07:00,2023-11-10 08:38:03,-35.662,NA,-42.422,173.681,"3",32625063
"CP16616","RBWR","KK","M","66969","PTT",2022-10-28 18:07:00,2023-11-10 09:31:52,-35.662,NA,-42.422,173.681,"B",32628292
"CP16616","RBWR","KK","M","66969","PTT",2022-10-28 18:07:00,2023-11-10 10:01:26,-35.662,NA,-42.424,173.687,"B",32630066
"CP16616","RBWR","KK","M","66969","PTT",2022-10-28 18:07:00,2023-11-10 10:01:26,39.23,3.6927,-42.424,173.687,"B",32630066
"CP16609","RBOY","KK","M","234750","PTT",2022-10-28 07:26:00,2023-11-11 09:10:52,-35.662,NA,-42.41,173.667,"3",32751892
"CP9099","RWLG","KK","F","234673","PTT",2022-10-26 17:55:00,2023-11-12 08:13:47,40.652,3.7322,-42.423,173.677,"1",32969927
"CP9099","RWLG","KK","F","234673","PTT",2022-10-26 20:02:00,2023-11-12 08:13:47,40.652,3.7322,-42.423,173.677,"1",32962307
"CP9099","RWLG","KK","F","234673","PTT",2022-10-26 17:55:00,2023-11-12 08:13:47,-35.662,NA,-42.423,173.677,"1",32969927
"CP9099","RWLG","KK","F","234673","PTT",2022-10-26 20:02:00,2023-11-12 08:13:47,-35.662,NA,-42.423,173.677,"1",32962307
"CP9099","RWLG","KK","F","234673","PTT",2022-10-26 17:55:00,2023-11-12 08:50:29,37.808,3.7006,-42.411,173.685,"1",32972129
"CP9099","RWLG","KK","F","234673","PTT",2022-10-26 20:02:00,2023-11-12 08:50:29,37.808,3.7006,-42.411,173.685,"1",32964509
"CP9099","RWLG","KK","F","234673","PTT",2022-10-26 17:55:00,2023-11-12 08:50:29,-35.662,NA,-42.411,173.685,"1",32972129
"CP9099","RWLG","KK","F","234673","PTT",2022-10-26 20:02:00,2023-11-12 08:50:29,-35.662,NA,-42.411,173.685,"1",32964509
"CP9099","RWLG","KK","F","234673","PTT",2022-10-26 17:55:00,2023-11-12 10:09:42,-35.662,NA,-42.418,173.676,"B",32976882
"CP9099","RWLG","KK","F","234673","PTT",2022-10-26 20:02:00,2023-11-12 10:09:42,-35.662,NA,-42.418,173.676,"B",32969262
"CP16609","RBOY","KK","M","234750","PTT",2022-10-28 07:26:00,2023-11-12 06:34:46,-35.662,NA,-42.435,173.611,"B",32828926
"CP16609","RBOY","KK","M","234750","PTT",2022-10-28 07:26:00,2023-11-12 07:13:31,-35.662,NA,-42.434,173.613,"B",32831251
"CP16609","RBOY","KK","M","234750","PTT",2022-10-28 07:26:00,2023-11-12 07:56:52,-35.662,NA,-42.415,173.629,"B",32833852
"CP16609","RBOY","KK","M","234750","PTT",2022-10-28 07:26:00,2023-11-12 08:13:32,-35.662,NA,-42.417,173.667,"2",32834852
"CP16609","RBOY","KK","M","234750","PTT",2022-10-28 07:26:00,2023-11-12 08:13:32,43.022,3.6927,-42.417,173.667,"2",32834852
"CP16609","RBOY","KK","M","234750","PTT",2022-10-28 07:26:00,2023-11-12 08:50:39,41.126,3.6769,-42.412,173.673,"3",32837079
"CP16609","RBOY","KK","M","234750","PTT",2022-10-28 07:26:00,2023-11-12 08:50:39,-35.662,NA,-42.412,173.673,"3",32837079
"CP16616","RBWR","KK","M","66969","PTT",2022-10-28 18:07:00,2023-11-12 16:23:03,-35.662,NA,-42.429,173.701,"A",32825763
"CP16616","RBWR","KK","M","66969","PTT",2022-10-28 18:07:00,2023-11-12 16:23:03,35.912,3.7401,-42.429,173.701,"A",32825763
"CP16616","RBWR","KK","M","66969","PTT",2022-10-28 18:07:00,2023-11-12 16:40:33,37.334,3.7243,-42.429,173.687,"3",32826813
"CP16616","RBWR","KK","M","66969","PTT",2022-10-28 18:07:00,2023-11-12 16:40:33,-35.662,NA,-42.429,173.687,"3",32826813
"CP16616","RBWR","KK","M","66969","PTT",2022-10-28 18:07:00,2023-11-12 16:53:47,37.334,3.7085,-42.427,173.689,"2",32827607
"CP16616","RBWR","KK","M","66969","PTT",2022-10-28 18:07:00,2023-11-12 16:53:47,-35.662,NA,-42.427,173.689,"2",32827607
"CP16609","RBOY","KK","M","234750","PTT",2022-10-28 07:26:00,2023-11-13 08:02:11,39.23,3.7243,-42.416,173.674,"2",32920571
"CP16609","RBOY","KK","M","234750","PTT",2022-10-28 07:26:00,2023-11-13 08:02:11,-35.662,NA,-42.416,173.674,"2",32920571
"CP16609","RBOY","KK","M","234750","PTT",2022-10-28 07:26:00,2023-11-13 08:02:11,38.756,3.7243,-42.416,173.674,"2",32920571
"CP16609","RBOY","KK","M","234750","PTT",2022-10-28 07:26:00,2023-11-13 08:28:27,37.808,3.7085,-42.42,173.699,"1",32922147
"CP16609","RBOY","KK","M","234750","PTT",2022-10-28 07:26:00,2023-11-13 08:28:27,-35.662,NA,-42.42,173.699,"1",32922147
"CP16609","RBOY","KK","M","234750","PTT",2022-10-28 07:26:00,2023-11-13 15:56:03,-35.662,NA,-42.281,173.837,"A",32949003
"CP16616","RBWR","KK","M","66969","PTT",2022-10-28 18:07:00,2023-11-14 10:16:40,43.97,3.7164,-42.418,173.674,"2",32976580
"CP16616","RBWR","KK","M","66969","PTT",2022-10-28 18:07:00,2023-11-14 10:16:40,-35.662,NA,-42.418,173.674,"2",32976580
"CP16609","RBOY","KK","M","234750","PTT",2022-10-28 07:26:00,2023-11-14 08:11:40,-35.662,NA,-42.459,173.816,"B",33007540
"CP16609","RBOY","KK","M","234750","PTT",2022-10-28 07:26:00,2023-11-14 09:00:48,-35.662,NA,-42.416,173.668,"B",33010488
"CP16609","RBOY","KK","M","234750","PTT",2022-10-28 07:26:00,2023-11-14 10:16:03,37.334,3.7717,-42.453,173.668,"0",33015003
"CP16609","RBOY","KK","M","234750","PTT",2022-10-28 07:26:00,2023-11-14 10:16:03,-35.662,NA,-42.453,173.668,"0",33015003
"CP16616","RBWR","KK","M","66969","PTT",2022-10-28 18:07:00,2023-11-14 11:54:39,-35.662,NA,-42.423,173.67,"B",32982459
"CP16609","RBOY","KK","M","234750","PTT",2022-10-28 07:26:00,2023-11-14 11:55:34,-35.662,NA,-42.418,173.695,"A",33020974
"CP16609","RBOY","KK","M","234750","PTT",2022-10-28 07:26:00,2023-11-14 18:33:31,-35.662,NA,-42.447,173.723,"A",33044851
"CP16609","RBOY","KK","M","234750","PTT",2022-10-28 07:26:00,2023-11-14 20:09:35,34.49,3.7638,-42.41,173.688,"2",33050615
"CP16609","RBOY","KK","M","234750","PTT",2022-10-28 07:26:00,2023-11-14 20:09:35,-35.662,NA,-42.41,173.688,"2",33050615
"CP16609","RBOY","KK","M","234750","PTT",2022-10-28 07:26:00,2023-11-14 20:24:08,-35.662,NA,-42.408,173.693,"A",33051488
"CP16609","RBOY","KK","M","234750","PTT",2022-10-28 07:26:00,2023-11-14 21:11:11,-35.662,NA,-42.405,173.692,"B",33054311
"CP16609","RBOY","KK","M","234750","PTT",2022-10-28 07:26:00,2023-11-14 22:06:15,-35.662,NA,-42.404,173.687,"3",33057615
"CP9099","RWLG","KK","F","234673","PTT",2022-10-26 17:55:00,2023-11-15 16:15:22,-35.662,NA,-42.435,173.685,"B",33258022
"CP9099","RWLG","KK","F","234673","PTT",2022-10-26 20:02:00,2023-11-15 16:15:22,-35.662,NA,-42.435,173.685,"B",33250402
"CP9099","RWLG","KK","F","234673","PTT",2022-10-26 17:55:00,2023-11-15 16:52:29,-35.662,NA,-42.409,173.633,"1",33260249
"CP9099","RWLG","KK","F","234673","PTT",2022-10-26 20:02:00,2023-11-15 16:52:29,-35.662,NA,-42.409,173.633,"1",33252629
"CP9099","RWLG","KK","F","234673","PTT",2022-10-26 17:55:00,2023-11-15 16:52:29,35.438,3.6927,-42.409,173.633,"1",33260249
"CP9099","RWLG","KK","F","234673","PTT",2022-10-26 20:02:00,2023-11-15 16:52:29,35.438,3.6927,-42.409,173.633,"1",33252629
"CP9099","RWLG","KK","F","234673","PTT",2022-10-26 17:55:00,2023-11-15 16:59:10,34.49,3.6927,-42.412,173.667,"3",33260650
"CP9099","RWLG","KK","F","234673","PTT",2022-10-26 20:02:00,2023-11-15 16:59:10,34.49,3.6927,-42.412,173.667,"3",33253030
"CP9099","RWLG","KK","F","234673","PTT",2022-10-26 17:55:00,2023-11-15 16:59:10,-35.662,NA,-42.412,173.667,"3",33260650
"CP9099","RWLG","KK","F","234673","PTT",2022-10-26 20:02:00,2023-11-15 16:59:10,-35.662,NA,-42.412,173.667,"3",33253030
"CP9099","RWLG","KK","F","234673","PTT",2022-10-26 17:55:00,2023-11-15 17:53:22,34.016,3.6769,-42.424,173.652,"1",33263902
"CP9099","RWLG","KK","F","234673","PTT",2022-10-26 20:02:00,2023-11-15 17:53:22,34.016,3.6769,-42.424,173.652,"1",33256282
"CP9099","RWLG","KK","F","234673","PTT",2022-10-26 17:55:00,2023-11-15 17:53:22,-35.662,NA,-42.424,173.652,"1",33263902
"CP9099","RWLG","KK","F","234673","PTT",2022-10-26 20:02:00,2023-11-15 17:53:22,-35.662,NA,-42.424,173.652,"1",33256282
"CP16609","RBOY","KK","M","234750","PTT",2022-10-28 07:26:00,2023-11-16 09:08:12,39.23,3.7085,-42.411,173.665,"2",33183732
"CP16609","RBOY","KK","M","234750","PTT",2022-10-28 07:26:00,2023-11-16 09:08:12,-35.662,NA,-42.411,173.665,"2",33183732
"CP9099","RWLG","KK","F","234673","PTT",2022-10-26 17:55:00,2023-11-19 06:46:51,-35.662,NA,-42.409,173.687,"B",33569511
"CP9099","RWLG","KK","F","234673","PTT",2022-10-26 20:02:00,2023-11-19 06:46:51,-35.662,NA,-42.409,173.687,"B",33561891
"CP9099","RWLG","KK","F","234673","PTT",2022-10-26 17:55:00,2023-11-19 06:55:08,-35.662,NA,-42.411,173.679,"1",33570008
"CP9099","RWLG","KK","F","234673","PTT",2022-10-26 20:02:00,2023-11-19 06:55:08,-35.662,NA,-42.411,173.679,"1",33562388
"CP9099","RWLG","KK","F","234673","PTT",2022-10-26 17:55:00,2023-11-19 07:56:50,-35.662,NA,-42.421,173.688,"B",33573710
"CP9099","RWLG","KK","F","234673","PTT",2022-10-26 20:02:00,2023-11-19 07:56:50,-35.662,NA,-42.421,173.688,"B",33566090
"CP9099","RWLG","KK","F","234673","PTT",2022-10-26 17:55:00,2023-11-19 08:05:37,31.172,3.6927,-42.385,173.63,"0",33574237
"CP9099","RWLG","KK","F","234673","PTT",2022-10-26 20:02:00,2023-11-19 08:05:37,31.172,3.6927,-42.385,173.63,"0",33566617
"CP9099","RWLG","KK","F","234673","PTT",2022-10-26 17:55:00,2023-11-19 08:05:37,-35.662,NA,-42.385,173.63,"0",33574237
"CP9099","RWLG","KK","F","234673","PTT",2022-10-26 20:02:00,2023-11-19 08:05:37,-35.662,NA,-42.385,173.63,"0",33566617
"CP9099","RWLG","KK","F","234673","PTT",2022-10-26 17:55:00,2023-11-19 08:30:13,-35.662,NA,-42.425,173.67,"1",33575713
"CP9099","RWLG","KK","F","234673","PTT",2022-10-26 20:02:00,2023-11-19 08:30:13,-35.662,NA,-42.425,173.67,"1",33568093
"CP9099","RWLG","KK","F","234673","PTT",2022-10-26 17:55:00,2023-11-19 08:30:13,39.23,3.6927,-42.425,173.67,"1",33575713
"CP9099","RWLG","KK","F","234673","PTT",2022-10-26 20:02:00,2023-11-19 08:30:13,39.23,3.6927,-42.425,173.67,"1",33568093
"CP16609","RBOY","KK","M","234750","PTT",2022-10-28 07:26:00,2023-11-19 08:06:13,-35.662,NA,-42.416,173.645,"1",33439213
"CP16609","RBOY","KK","M","234750","PTT",2022-10-28 07:26:00,2023-11-19 08:30:35,38.756,3.7401,-42.429,173.672,"1",33440675
"CP16609","RBOY","KK","M","234750","PTT",2022-10-28 07:26:00,2023-11-19 08:30:35,-35.662,NA,-42.429,173.672,"1",33440675
"CP16609","RBOY","KK","M","234750","PTT",2022-10-28 07:26:00,2023-11-19 08:30:35,34.49,3.748,-42.429,173.672,"1",33440675
"CP16609","RBOY","KK","M","234750","PTT",2022-10-28 07:26:00,2023-11-19 09:44:31,-35.662,NA,-42.37,173.629,"B",33445111
"CP16609","RBOY","KK","M","234750","PTT",2022-10-28 07:26:00,2023-11-19 09:44:31,-35.662,NA,-42.371,173.634,"B",33445111
"CP9099","RWLG","KK","F","234673","PTT",2022-10-26 17:55:00,2023-11-20 07:44:28,36.386,3.7085,-42.428,173.706,"1",33659368
"CP9099","RWLG","KK","F","234673","PTT",2022-10-26 20:02:00,2023-11-20 07:44:28,36.386,3.7085,-42.428,173.706,"1",33651748
"CP9099","RWLG","KK","F","234673","PTT",2022-10-26 17:55:00,2023-11-20 07:44:28,-35.662,NA,-42.428,173.706,"1",33659368
"CP9099","RWLG","KK","F","234673","PTT",2022-10-26 20:02:00,2023-11-20 07:44:28,-35.662,NA,-42.428,173.706,"1",33651748
"CP9099","RWLG","KK","F","234673","PTT",2022-10-26 17:55:00,2023-11-20 08:18:16,36.86,3.6927,-42.411,173.695,"1",33661396
"CP9099","RWLG","KK","F","234673","PTT",2022-10-26 20:02:00,2023-11-20 08:18:16,36.86,3.6927,-42.411,173.695,"1",33653776
"CP9099","RWLG","KK","F","234673","PTT",2022-10-26 17:55:00,2023-11-20 08:18:16,-35.662,NA,-42.411,173.695,"1",33661396
"CP9099","RWLG","KK","F","234673","PTT",2022-10-26 20:02:00,2023-11-20 08:18:16,-35.662,NA,-42.411,173.695,"1",33653776
"CP9099","RWLG","KK","F","234673","PTT",2022-10-26 17:55:00,2023-11-20 08:31:10,-35.662,NA,-42.413,173.663,"B",33662170
"CP9099","RWLG","KK","F","234673","PTT",2022-10-26 20:02:00,2023-11-20 08:31:10,-35.662,NA,-42.413,173.663,"B",33654550
"CP9099","RWLG","KK","F","234673","PTT",2022-10-26 17:55:00,2023-11-20 09:26:05,37.808,3.6848,-42.394,173.694,"0",33665465
"CP9099","RWLG","KK","F","234673","PTT",2022-10-26 20:02:00,2023-11-20 09:26:05,37.808,3.6848,-42.394,173.694,"0",33657845
"CP9099","RWLG","KK","F","234673","PTT",2022-10-26 17:55:00,2023-11-20 09:26:05,-35.662,NA,-42.394,173.694,"0",33665465
"CP9099","RWLG","KK","F","234673","PTT",2022-10-26 20:02:00,2023-11-20 09:26:05,-35.662,NA,-42.394,173.694,"0",33657845
"CP16609","RBOY","KK","M","234750","PTT",2022-10-28 07:26:00,2023-11-20 08:17:30,-35.662,NA,-42.416,173.669,"2",33526290
"CP16609","RBOY","KK","M","234750","PTT",2022-10-28 07:26:00,2023-11-20 08:30:50,-35.662,NA,-42.403,173.659,"B",33527090
"CP9099","RWLG","KK","F","234673","PTT",2022-10-26 17:55:00,2023-11-20 17:43:09,35.912,3.7243,-42.412,173.666,"1",33695289
"CP9099","RWLG","KK","F","234673","PTT",2022-10-26 20:02:00,2023-11-20 17:43:09,35.912,3.7243,-42.412,173.666,"1",33687669
"CP9099","RWLG","KK","F","234673","PTT",2022-10-26 17:55:00,2023-11-20 17:43:09,-35.662,NA,-42.412,173.666,"1",33695289
"CP9099","RWLG","KK","F","234673","PTT",2022-10-26 20:02:00,2023-11-20 17:43:09,-35.662,NA,-42.412,173.666,"1",33687669
"CP9099","RWLG","KK","F","234673","PTT",2022-10-26 17:55:00,2023-11-20 17:48:18,36.386,3.7243,-42.411,173.687,"2",33695598
"CP9099","RWLG","KK","F","234673","PTT",2022-10-26 20:02:00,2023-11-20 17:48:18,36.386,3.7243,-42.411,173.687,"2",33687978
"CP9099","RWLG","KK","F","234673","PTT",2022-10-26 17:55:00,2023-11-20 17:48:18,-35.662,NA,-42.411,173.687,"2",33695598
"CP9099","RWLG","KK","F","234673","PTT",2022-10-26 20:02:00,2023-11-20 17:48:18,-35.662,NA,-42.411,173.687,"2",33687978
"CP16609","RBOY","KK","M","234750","PTT",2022-10-28 07:26:00,2023-11-20 16:02:02,-35.662,NA,-42.414,173.663,"2",33554162
"CP16609","RBOY","KK","M","234750","PTT",2022-10-28 07:26:00,2023-11-20 16:10:22,-35.662,NA,-42.414,173.662,"B",33554662
"CP16609","RBOY","KK","M","234750","PTT",2022-10-28 07:26:00,2023-11-20 17:42:53,-35.662,NA,-42.412,173.668,"2",33560213
"CP16609","RBOY","KK","M","234750","PTT",2022-10-28 07:26:00,2023-11-20 17:47:54,35.912,3.6927,-42.411,173.678,"2",33560514
"CP16609","RBOY","KK","M","234750","PTT",2022-10-28 07:26:00,2023-11-20 17:47:54,-35.662,NA,-42.411,173.678,"2",33560514
"CP16609","RBOY","KK","M","234750","PTT",2022-10-28 07:26:00,2023-11-20 16:41:20,40.178,3.7243,-42.414,173.67,"A",33556520
"CP16609","RBOY","KK","M","234750","PTT",2022-10-28 07:26:00,2023-11-20 16:41:20,-35.662,NA,-42.414,173.67,"A",33556520
"CP16609","RBOY","KK","M","234750","PTT",2022-10-28 07:26:00,2023-11-20 17:42:53,-35.662,NA,-42.412,173.668,"2",33560213
"CP16616","RBWR","KK","M","66969","PTT",2022-10-28 18:07:00,2023-11-21 08:04:49,29.276,3.7006,-42.419,173.625,"2",33573469
"CP16616","RBWR","KK","M","66969","PTT",2022-10-28 18:07:00,2023-11-21 08:04:49,-35.662,NA,-42.419,173.625,"2",33573469
"CP16616","RBWR","KK","M","66969","PTT",2022-10-28 18:07:00,2023-11-21 08:08:57,-35.662,NA,-42.419,173.625,"B",33573717
"CP16616","RBWR","KK","M","66969","PTT",2022-10-28 18:07:00,2023-11-21 09:04:31,41.126,3.6927,-42.408,173.6,"2",33577051
"CP16616","RBWR","KK","M","66969","PTT",2022-10-28 18:07:00,2023-11-21 09:04:31,-35.662,NA,-42.408,173.6,"2",33577051
"CP16609","RBOY","KK","M","234750","PTT",2022-10-28 07:26:00,2023-11-23 07:42:21,42.548,3.7322,-42.418,173.677,"0",33783381
"CP16609","RBOY","KK","M","234750","PTT",2022-10-28 07:26:00,2023-11-23 07:42:21,-35.662,NA,-42.418,173.677,"0",33783381
"CP16609","RBOY","KK","M","234750","PTT",2022-10-28 07:26:00,2023-11-23 07:42:21,40.178,3.7243,-42.418,173.677,"0",33783381
"CP16609","RBOY","KK","M","234750","PTT",2022-10-28 07:26:00,2023-11-23 08:24:01,38.282,3.7006,-42.416,173.688,"0",33785881
"CP16609","RBOY","KK","M","234750","PTT",2022-10-28 07:26:00,2023-11-23 08:24:01,-35.662,NA,-42.416,173.688,"0",33785881
"CP16609","RBOY","KK","M","234750","PTT",2022-10-28 07:26:00,2023-11-24 10:54:19,-35.662,NA,-42.455,173.863,"0",33881299
"CP9099","RWLG","KK","F","234673","PTT",2022-10-26 17:55:00,2023-11-25 07:16:18,34.016,3.7401,-42.394,173.649,"1",34089678
"CP9099","RWLG","KK","F","234673","PTT",2022-10-26 20:02:00,2023-11-25 07:16:18,34.016,3.7401,-42.394,173.649,"1",34082058
"CP9099","RWLG","KK","F","234673","PTT",2022-10-26 17:55:00,2023-11-25 07:16:18,-35.662,NA,-42.394,173.649,"1",34089678
"CP9099","RWLG","KK","F","234673","PTT",2022-10-26 20:02:00,2023-11-25 07:16:18,-35.662,NA,-42.394,173.649,"1",34082058
"CP9099","RWLG","KK","F","234673","PTT",2022-10-26 17:55:00,2023-11-25 07:40:46,-35.662,NA,-42.435,173.662,"A",34091146
"CP9099","RWLG","KK","F","234673","PTT",2022-10-26 20:02:00,2023-11-25 07:40:46,-35.662,NA,-42.435,173.662,"A",34083526
"CP9099","RWLG","KK","F","234673","PTT",2022-10-26 17:55:00,2023-11-25 07:40:46,34.49,3.7164,-42.435,173.662,"A",34091146
"CP9099","RWLG","KK","F","234673","PTT",2022-10-26 20:02:00,2023-11-25 07:40:46,34.49,3.7164,-42.435,173.662,"A",34083526
"CP9099","RWLG","KK","F","234673","PTT",2022-10-26 17:55:00,2023-11-25 09:20:34,-35.662,NA,-42.424,173.675,"A",34097134
"CP9099","RWLG","KK","F","234673","PTT",2022-10-26 20:02:00,2023-11-25 09:20:34,-35.662,NA,-42.424,173.675,"A",34089514
"CP9099","RWLG","KK","F","234673","PTT",2022-10-26 17:55:00,2023-11-25 10:08:06,-35.662,NA,-42.415,173.671,"B",34099986
"CP9099","RWLG","KK","F","234673","PTT",2022-10-26 20:02:00,2023-11-25 10:08:06,-35.662,NA,-42.415,173.671,"B",34092366
"CP16609","RBOY","KK","M","234750","PTT",2022-10-28 07:26:00,2023-11-25 07:16:14,36.386,3.748,-42.412,173.657,"1",33954614
"CP16609","RBOY","KK","M","234750","PTT",2022-10-28 07:26:00,2023-11-25 07:16:14,-35.662,NA,-42.412,173.657,"1",33954614
"CP16609","RBOY","KK","M","234750","PTT",2022-10-28 07:26:00,2023-11-25 07:41:14,33.542,3.7243,-42.387,173.658,"1",33956114
"CP16609","RBOY","KK","M","234750","PTT",2022-10-28 07:26:00,2023-11-25 07:41:14,-35.662,NA,-42.387,173.658,"1",33956114
"CP16609","RBOY","KK","M","234750","PTT",2022-10-28 07:26:00,2023-11-25 08:58:46,-35.662,NA,-42.383,173.635,"B",33960766
"CP16609","RBOY","KK","M","234750","PTT",2022-10-28 07:26:00,2023-11-25 08:58:46,37.808,3.6927,-42.383,173.635,"B",33960766
"CP16609","RBOY","KK","M","234750","PTT",2022-10-28 07:26:00,2023-11-25 09:21:43,-35.662,NA,-42.391,173.669,"A",33962143
"CP9099","RWLG","KK","F","234673","PTT",2022-10-26 17:55:00,2023-11-26 06:35:47,38.756,3.7322,-42.396,173.671,"2",34173647
"CP9099","RWLG","KK","F","234673","PTT",2022-10-26 20:02:00,2023-11-26 06:35:47,38.756,3.7322,-42.396,173.671,"2",34166027
"CP9099","RWLG","KK","F","234673","PTT",2022-10-26 17:55:00,2023-11-26 06:35:47,-35.662,NA,-42.396,173.671,"2",34173647
"CP9099","RWLG","KK","F","234673","PTT",2022-10-26 20:02:00,2023-11-26 06:35:47,-35.662,NA,-42.396,173.671,"2",34166027
"CP9099","RWLG","KK","F","234673","PTT",2022-10-26 17:55:00,2023-11-26 07:04:08,-35.662,NA,-42.417,173.699,"1",34175348
"CP9099","RWLG","KK","F","234673","PTT",2022-10-26 20:02:00,2023-11-26 07:04:08,-35.662,NA,-42.417,173.699,"1",34167728
"CP9099","RWLG","KK","F","234673","PTT",2022-10-26 17:55:00,2023-11-26 07:20:22,37.334,3.7006,-42.432,173.676,"1",34176322
"CP9099","RWLG","KK","F","234673","PTT",2022-10-26 20:02:00,2023-11-26 07:20:22,37.334,3.7006,-42.432,173.676,"1",34168702
"CP9099","RWLG","KK","F","234673","PTT",2022-10-26 17:55:00,2023-11-26 07:20:22,-35.662,NA,-42.432,173.676,"1",34176322
"CP9099","RWLG","KK","F","234673","PTT",2022-10-26 20:02:00,2023-11-26 07:20:22,-35.662,NA,-42.432,173.676,"1",34168702
"CP9099","RWLG","KK","F","234673","PTT",2022-10-26 17:55:00,2023-11-26 08:06:16,-35.662,NA,-42.43,173.671,"B",34179076
"CP9099","RWLG","KK","F","234673","PTT",2022-10-26 20:02:00,2023-11-26 08:06:16,-35.662,NA,-42.43,173.671,"B",34171456
"CP9099","RWLG","KK","F","234673","PTT",2022-10-26 17:55:00,2023-11-26 08:45:15,-35.662,NA,-42.42,173.703,"1",34181415
"CP9099","RWLG","KK","F","234673","PTT",2022-10-26 20:02:00,2023-11-26 08:45:15,-35.662,NA,-42.42,173.703,"1",34173795
"CP16609","RBOY","KK","M","234750","PTT",2022-10-28 07:26:00,2023-11-26 11:02:26,46.34,3.7006,-42.419,173.693,"1",34054586
"CP16609","RBOY","KK","M","234750","PTT",2022-10-28 07:26:00,2023-11-26 11:02:26,-35.662,NA,-42.419,173.693,"1",34054586
"CP9099","RWLG","KK","F","234673","PTT",2022-10-26 17:55:00,2023-11-27 07:00:52,-35.662,NA,-42.441,173.779,"B",34261552
"CP9099","RWLG","KK","F","234673","PTT",2022-10-26 20:02:00,2023-11-27 07:00:52,-35.662,NA,-42.441,173.779,"B",34253932
"CP9099","RWLG","KK","F","234673","PTT",2022-10-26 17:55:00,2023-11-27 08:31:42,38.756,3.6848,-42.413,173.678,"0",34267002
"CP9099","RWLG","KK","F","234673","PTT",2022-10-26 20:02:00,2023-11-27 08:31:42,38.756,3.6848,-42.413,173.678,"0",34259382
"CP9099","RWLG","KK","F","234673","PTT",2022-10-26 17:55:00,2023-11-27 08:31:42,-35.662,NA,-42.413,173.678,"0",34267002
"CP9099","RWLG","KK","F","234673","PTT",2022-10-26 20:02:00,2023-11-27 08:31:42,-35.662,NA,-42.413,173.678,"0",34259382
"CP9099","RWLG","KK","F","234673","PTT",2022-10-26 17:55:00,2023-11-27 08:40:29,38.282,3.6848,-42.422,173.659,"1",34267529
"CP9099","RWLG","KK","F","234673","PTT",2022-10-26 20:02:00,2023-11-27 08:40:29,38.282,3.6848,-42.422,173.659,"1",34259909
"CP9099","RWLG","KK","F","234673","PTT",2022-10-26 17:55:00,2023-11-27 08:40:29,37.808,3.6848,-42.422,173.659,"1",34267529
"CP9099","RWLG","KK","F","234673","PTT",2022-10-26 20:02:00,2023-11-27 08:40:29,37.808,3.6848,-42.422,173.659,"1",34259909
"CP9099","RWLG","KK","F","234673","PTT",2022-10-26 17:55:00,2023-11-27 08:40:29,-35.662,NA,-42.422,173.659,"1",34267529
"CP9099","RWLG","KK","F","234673","PTT",2022-10-26 20:02:00,2023-11-27 08:40:29,-35.662,NA,-42.422,173.659,"1",34259909
"CP16609","RBOY","KK","M","234750","PTT",2022-10-28 07:26:00,2023-11-27 08:32:36,-35.662,NA,-42.433,173.706,"B",34131996
"CP16609","RBOY","KK","M","234750","PTT",2022-10-28 07:26:00,2023-11-27 08:32:36,36.386,3.7243,-42.433,173.706,"B",34131996
"CP16609","RBOY","KK","M","234750","PTT",2022-10-28 07:26:00,2023-11-27 08:40:31,34.964,3.7164,-42.411,173.623,"2",34132471
"CP16609","RBOY","KK","M","234750","PTT",2022-10-28 07:26:00,2023-11-27 08:40:31,-35.662,NA,-42.411,173.623,"2",34132471
"CP16609","RBOY","KK","M","234750","PTT",2022-10-28 07:26:00,2023-11-27 10:16:49,-35.662,NA,-42.414,173.657,"3",34138249
"CP16609","RBOY","KK","M","234750","PTT",2022-10-28 07:26:00,2023-11-27 15:42:13,-35.662,NA,-42.41,173.666,"2",34157773
"CP16609","RBOY","KK","M","234750","PTT",2022-10-28 07:26:00,2023-11-27 15:42:13,42.074,3.7243,-42.41,173.666,"2",34157773
"CP16609","RBOY","KK","M","234750","PTT",2022-10-28 07:26:00,2023-11-27 16:20:33,-35.662,NA,-42.413,173.667,"B",34160073
"CP9099","RWLG","KK","F","234673","PTT",2022-10-26 17:55:00,2023-11-28 06:42:16,-35.662,NA,-42.498,173.96,"A",34346836
"CP9099","RWLG","KK","F","234673","PTT",2022-10-26 20:02:00,2023-11-28 06:42:16,-35.662,NA,-42.498,173.96,"A",34339216
"CP9099","RWLG","KK","F","234673","PTT",2022-10-26 17:55:00,2023-11-28 08:20:40,37.808,3.6848,-42.413,173.679,"1",34352740
"CP9099","RWLG","KK","F","234673","PTT",2022-10-26 20:02:00,2023-11-28 08:20:40,37.808,3.6848,-42.413,173.679,"1",34345120
"CP9099","RWLG","KK","F","234673","PTT",2022-10-26 17:55:00,2023-11-28 08:20:40,-35.662,NA,-42.413,173.679,"1",34352740
"CP9099","RWLG","KK","F","234673","PTT",2022-10-26 20:02:00,2023-11-28 08:20:40,-35.662,NA,-42.413,173.679,"1",34345120
"CP9099","RWLG","KK","F","234673","PTT",2022-10-26 17:55:00,2023-11-28 08:19:50,37.808,3.6848,-42.417,173.689,"2",34352690
"CP9099","RWLG","KK","F","234673","PTT",2022-10-26 20:02:00,2023-11-28 08:19:50,37.808,3.6848,-42.417,173.689,"2",34345070
"CP9099","RWLG","KK","F","234673","PTT",2022-10-26 17:55:00,2023-11-28 08:19:50,-35.662,NA,-42.417,173.689,"2",34352690
"CP9099","RWLG","KK","F","234673","PTT",2022-10-26 20:02:00,2023-11-28 08:19:50,-35.662,NA,-42.417,173.689,"2",34345070
"CP9099","RWLG","KK","F","234673","PTT",2022-10-26 17:55:00,2023-11-30 07:38:13,44.444,3.7085,-42.424,173.683,"1",34522993
"CP9099","RWLG","KK","F","234673","PTT",2022-10-26 20:02:00,2023-11-30 07:38:13,44.444,3.7085,-42.424,173.683,"1",34515373
"CP9099","RWLG","KK","F","234673","PTT",2022-10-26 17:55:00,2023-11-30 07:38:13,-35.662,NA,-42.424,173.683,"1",34522993
"CP9099","RWLG","KK","F","234673","PTT",2022-10-26 20:02:00,2023-11-30 07:38:13,-35.662,NA,-42.424,173.683,"1",34515373
"CP9099","RWLG","KK","F","234673","PTT",2022-10-26 17:55:00,2023-11-30 07:56:33,-35.662,NA,-42.416,173.671,"1",34524093
"CP9099","RWLG","KK","F","234673","PTT",2022-10-26 20:02:00,2023-11-30 07:56:33,-35.662,NA,-42.416,173.671,"1",34516473
"CP9099","RWLG","KK","F","234673","PTT",2022-10-26 17:55:00,2023-11-30 07:56:33,38.756,3.7006,-42.416,173.671,"1",34524093
"CP9099","RWLG","KK","F","234673","PTT",2022-10-26 20:02:00,2023-11-30 07:56:33,38.756,3.7006,-42.416,173.671,"1",34516473
"CP9099","RWLG","KK","F","234673","PTT",2022-10-26 17:55:00,2023-11-30 09:19:08,35.438,3.6769,-42.418,173.759,"0",34529048
"CP9099","RWLG","KK","F","234673","PTT",2022-10-26 20:02:00,2023-11-30 09:19:08,35.438,3.6769,-42.418,173.759,"0",34521428
"CP9099","RWLG","KK","F","234673","PTT",2022-10-26 17:55:00,2023-11-30 09:19:08,-35.662,NA,-42.418,173.759,"0",34529048
"CP9099","RWLG","KK","F","234673","PTT",2022-10-26 20:02:00,2023-11-30 09:19:08,-35.662,NA,-42.418,173.759,"0",34521428
"CP16609","RBOY","KK","M","234750","PTT",2022-10-28 07:26:00,2023-11-30 11:17:29,54.398,3.7243,-42.4,173.628,"1",34401089
"CP16609","RBOY","KK","M","234750","PTT",2022-10-28 07:26:00,2023-11-30 11:17:29,-35.662,NA,-42.4,173.628,"1",34401089
"CP16609","RBOY","KK","M","234750","PTT",2022-10-28 07:26:00,2023-12-01 10:31:02,-35.662,NA,-42.429,173.693,"A",34484702
"CP16609","RBOY","KK","M","234750","PTT",2022-10-28 07:26:00,2023-12-01 10:31:02,36.386,3.748,-42.429,173.693,"A",34484702
"CP16616","RBWR","KK","M","66969","PTT",2022-10-28 18:07:00,2023-12-02 11:25:36,-35.662,NA,-42.431,173.718,"1",34535916
"CP16609","RBOY","KK","M","234750","PTT",2022-10-28 07:26:00,2023-12-02 11:24:23,-35.662,NA,-42.425,173.684,"3",34574303
"CP9099","RWLG","KK","F","234673","PTT",2022-10-26 17:55:00,2023-12-06 06:40:49,-35.662,NA,-42.397,173.682,"A",35037949
"CP9099","RWLG","KK","F","234673","PTT",2022-10-26 20:02:00,2023-12-06 06:40:49,-35.662,NA,-42.397,173.682,"A",35030329
"CP9099","RWLG","KK","F","234673","PTT",2022-10-26 17:55:00,2023-12-06 06:44:09,-35.662,NA,-42.403,173.684,"B",35038149
"CP9099","RWLG","KK","F","234673","PTT",2022-10-26 20:02:00,2023-12-06 06:44:09,-35.662,NA,-42.403,173.684,"B",35030529
"CP9099","RWLG","KK","F","234673","PTT",2022-10-26 17:55:00,2023-12-06 07:13:20,39.23,3.7164,-42.443,173.689,"1",35039900
"CP9099","RWLG","KK","F","234673","PTT",2022-10-26 20:02:00,2023-12-06 07:13:20,39.23,3.7164,-42.443,173.689,"1",35032280
"CP9099","RWLG","KK","F","234673","PTT",2022-10-26 17:55:00,2023-12-06 07:13:20,-35.662,NA,-42.443,173.689,"1",35039900
"CP9099","RWLG","KK","F","234673","PTT",2022-10-26 20:02:00,2023-12-06 07:13:20,-35.662,NA,-42.443,173.689,"1",35032280
"CP9099","RWLG","KK","F","234673","PTT",2022-10-26 17:55:00,2023-12-06 08:04:12,-35.662,NA,-42.416,173.676,"B",35042952
"CP9099","RWLG","KK","F","234673","PTT",2022-10-26 20:02:00,2023-12-06 08:04:12,-35.662,NA,-42.416,173.676,"B",35035332
"CP9099","RWLG","KK","F","234673","PTT",2022-10-26 17:55:00,2023-12-06 08:23:49,36.86,3.6848,-42.416,173.665,"3",35044129
"CP9099","RWLG","KK","F","234673","PTT",2022-10-26 20:02:00,2023-12-06 08:23:49,36.86,3.6848,-42.416,173.665,"3",35036509
"CP9099","RWLG","KK","F","234673","PTT",2022-10-26 17:55:00,2023-12-06 08:23:49,-35.662,NA,-42.416,173.665,"3",35044129
"CP9099","RWLG","KK","F","234673","PTT",2022-10-26 20:02:00,2023-12-06 08:23:49,-35.662,NA,-42.416,173.665,"3",35036509
"CP9099","RWLG","KK","F","234673","PTT",2022-10-26 17:55:00,2023-12-06 08:50:56,-35.662,NA,-42.416,173.665,"B",35045756
"CP9099","RWLG","KK","F","234673","PTT",2022-10-26 20:02:00,2023-12-06 08:50:56,-35.662,NA,-42.416,173.665,"B",35038136
"CP9099","RWLG","KK","F","234673","PTT",2022-10-26 17:55:00,2023-12-09 09:33:05,-35.662,NA,-42.427,173.699,"B",35307485
"CP9099","RWLG","KK","F","234673","PTT",2022-10-26 20:02:00,2023-12-09 09:33:05,-35.662,NA,-42.427,173.699,"B",35299865
"CP9099","RWLG","KK","F","234673","PTT",2022-10-26 17:55:00,2023-12-09 11:01:52,41.126,3.6848,-42.413,173.671,"2",35312812
"CP9099","RWLG","KK","F","234673","PTT",2022-10-26 20:02:00,2023-12-09 11:01:52,41.126,3.6848,-42.413,173.671,"2",35305192
"CP9099","RWLG","KK","F","234673","PTT",2022-10-26 17:55:00,2023-12-09 11:01:52,-35.662,NA,-42.413,173.671,"2",35312812
"CP9099","RWLG","KK","F","234673","PTT",2022-10-26 20:02:00,2023-12-09 11:01:52,-35.662,NA,-42.413,173.671,"2",35305192
"CP16616","RBWR","KK","M","66969","PTT",2022-10-28 18:07:00,2023-12-11 16:41:41,36.386,3.7006,-42.423,173.671,"1",35332481
"CP16616","RBWR","KK","M","66969","PTT",2022-10-28 18:07:00,2023-12-11 16:41:41,-35.662,NA,-42.423,173.671,"1",35332481
"CP16616","RBWR","KK","M","66969","PTT",2022-10-28 18:07:00,2023-12-11 16:45:05,-35.662,NA,-42.427,173.69,"1",35332685
"CP16616","RBWR","KK","M","66969","PTT",2022-10-28 18:07:00,2023-12-11 17:04:40,-35.662,NA,-42.428,173.69,"3",35333860
"CP9099","RWLG","KK","F","234673","PTT",2022-10-26 17:55:00,2023-12-20 07:14:38,40.178,3.7322,-42.417,173.656,"2",36249578
"CP9099","RWLG","KK","F","234673","PTT",2022-10-26 20:02:00,2023-12-20 07:14:38,40.178,3.7322,-42.417,173.656,"2",36241958
"CP9099","RWLG","KK","F","234673","PTT",2022-10-26 17:55:00,2023-12-20 07:14:38,-35.662,NA,-42.417,173.656,"2",36249578
"CP9099","RWLG","KK","F","234673","PTT",2022-10-26 20:02:00,2023-12-20 07:14:38,-35.662,NA,-42.417,173.656,"2",36241958
"CP9099","RWLG","KK","F","234673","PTT",2022-10-26 17:55:00,2023-12-20 07:19:01,-35.662,NA,-42.414,173.67,"B",36249841
"CP9099","RWLG","KK","F","234673","PTT",2022-10-26 20:02:00,2023-12-20 07:19:01,-35.662,NA,-42.414,173.67,"B",36242221
"CP9099","RWLG","KK","F","234673","PTT",2022-10-26 17:55:00,2023-12-20 07:24:02,38.282,3.7243,-42.404,173.656,"3",36250142
"CP9099","RWLG","KK","F","234673","PTT",2022-10-26 20:02:00,2023-12-20 07:24:02,38.282,3.7243,-42.404,173.656,"3",36242522
"CP9099","RWLG","KK","F","234673","PTT",2022-10-26 17:55:00,2023-12-20 07:24:02,-35.662,NA,-42.404,173.656,"3",36250142
"CP9099","RWLG","KK","F","234673","PTT",2022-10-26 20:02:00,2023-12-20 07:24:02,-35.662,NA,-42.404,173.656,"3",36242522
"CP9099","RWLG","KK","F","234673","PTT",2022-10-26 17:55:00,2023-12-20 08:09:19,41.6,3.7085,-42.414,173.688,"A",36252859
"CP9099","RWLG","KK","F","234673","PTT",2022-10-26 20:02:00,2023-12-20 08:09:19,41.6,3.7085,-42.414,173.688,"A",36245239
"CP9099","RWLG","KK","F","234673","PTT",2022-10-26 17:55:00,2023-12-20 08:09:19,-35.662,NA,-42.414,173.688,"A",36252859
"CP9099","RWLG","KK","F","234673","PTT",2022-10-26 20:02:00,2023-12-20 08:09:19,-35.662,NA,-42.414,173.688,"A",36245239
"CP9099","RWLG","KK","F","234673","PTT",2022-10-26 17:55:00,2023-12-20 08:54:13,41.6,3.6927,-42.413,173.67,"0",36255553
"CP9099","RWLG","KK","F","234673","PTT",2022-10-26 20:02:00,2023-12-20 08:54:13,41.6,3.6927,-42.413,173.67,"0",36247933
"CP9099","RWLG","KK","F","234673","PTT",2022-10-26 17:55:00,2023-12-20 08:54:13,-35.662,NA,-42.413,173.67,"0",36255553
"CP9099","RWLG","KK","F","234673","PTT",2022-10-26 20:02:00,2023-12-20 08:54:13,-35.662,NA,-42.413,173.67,"0",36247933
"CP9099","RWLG","KK","F","234673","PTT",2022-10-26 17:55:00,2023-12-20 09:04:26,45.392,3.6848,-42.422,173.657,"2",36256166
"CP9099","RWLG","KK","F","234673","PTT",2022-10-26 20:02:00,2023-12-20 09:04:26,45.392,3.6848,-42.422,173.657,"2",36248546
"CP9099","RWLG","KK","F","234673","PTT",2022-10-26 17:55:00,2023-12-20 09:04:26,-35.662,NA,-42.422,173.657,"2",36256166
"CP9099","RWLG","KK","F","234673","PTT",2022-10-26 20:02:00,2023-12-20 09:04:26,-35.662,NA,-42.422,173.657,"2",36248546
"CP9099","RWLG","KK","F","234673","PTT",2022-10-26 17:55:00,2023-12-30 09:54:45,-35.662,NA,-42.422,173.659,"B",37123185
"CP9099","RWLG","KK","F","234673","PTT",2022-10-26 20:02:00,2023-12-30 09:54:45,-35.662,NA,-42.422,173.659,"B",37115565
"CP16616","RBWR","KK","M","66969","PTT",2022-10-28 18:07:00,2024-01-01 17:22:30,-35.662,NA,-42.422,173.683,"3",37149330
"CP16616","RBWR","KK","M","66969","PTT",2022-10-28 18:07:00,2024-01-01 17:22:30,38.282,3.6927,-42.422,173.683,"3",37149330
"CP16616","RBWR","KK","M","66969","PTT",2022-10-28 18:07:00,2024-01-01 17:19:55,36.86,3.6927,-42.419,173.672,"2",37149175
"CP16616","RBWR","KK","M","66969","PTT",2022-10-28 18:07:00,2024-01-01 17:19:55,-35.662,NA,-42.419,173.672,"2",37149175
"CP16616","RBWR","KK","M","66969","PTT",2022-10-28 18:07:00,2024-01-01 17:19:55,38.282,3.6927,-42.419,173.672,"2",37149175
"CP16616","RBWR","KK","M","66969","PTT",2022-10-28 18:07:00,2024-01-01 17:22:05,38.282,3.6927,-42.423,173.677,"2",37149305
"CP16616","RBWR","KK","M","66969","PTT",2022-10-28 18:07:00,2024-01-01 17:22:05,-35.662,NA,-42.423,173.677,"2",37149305
"CP9099","RWLG","KK","F","234673","PTT",2022-10-26 17:55:00,2024-01-01 17:21:41,39.23,3.7243,-42.412,173.665,"3",37322801
"CP9099","RWLG","KK","F","234673","PTT",2022-10-26 20:02:00,2024-01-01 17:21:41,39.23,3.7243,-42.412,173.665,"3",37315181
"CP9099","RWLG","KK","F","234673","PTT",2022-10-26 17:55:00,2024-01-01 17:21:41,-35.662,NA,-42.412,173.665,"3",37322801
"CP9099","RWLG","KK","F","234673","PTT",2022-10-26 20:02:00,2024-01-01 17:21:41,-35.662,NA,-42.412,173.665,"3",37315181
"CP9099","RWLG","KK","F","234673","PTT",2022-10-26 17:55:00,2024-01-01 17:22:31,39.23,3.7243,-42.414,173.665,"3",37322851
"CP9099","RWLG","KK","F","234673","PTT",2022-10-26 20:02:00,2024-01-01 17:22:31,39.23,3.7243,-42.414,173.665,"3",37315231
"CP9099","RWLG","KK","F","234673","PTT",2022-10-26 17:55:00,2024-01-01 17:22:31,-35.662,NA,-42.414,173.665,"3",37322851
"CP9099","RWLG","KK","F","234673","PTT",2022-10-26 20:02:00,2024-01-01 17:22:31,-35.662,NA,-42.414,173.665,"3",37315231
"CP9099","RWLG","KK","F","234673","PTT",2022-10-26 17:55:00,2024-01-01 17:20:01,39.23,3.7243,-42.415,173.664,"3",37322701
"CP9099","RWLG","KK","F","234673","PTT",2022-10-26 20:02:00,2024-01-01 17:20:01,39.23,3.7243,-42.415,173.664,"3",37315081
"CP9099","RWLG","KK","F","234673","PTT",2022-10-26 17:55:00,2024-01-01 17:20:01,-35.662,NA,-42.415,173.664,"3",37322701
"CP9099","RWLG","KK","F","234673","PTT",2022-10-26 20:02:00,2024-01-01 17:20:01,-35.662,NA,-42.415,173.664,"3",37315081
"CP9099","RWLG","KK","F","234673","PTT",2022-10-26 17:55:00,2024-01-01 19:00:06,-35.662,NA,-42.422,173.67,"B",37328706
"CP9099","RWLG","KK","F","234673","PTT",2022-10-26 20:02:00,2024-01-01 19:00:06,-35.662,NA,-42.422,173.67,"B",37321086
"CP16616","RBWR","KK","M","66969","PTT",2022-10-28 18:07:00,2024-01-04 15:43:43,-35.662,NA,-42.382,173.661,"B",37402603
"CP16616","RBWR","KK","M","66969","PTT",2022-10-28 18:07:00,2024-01-04 16:17:55,-35.662,NA,-42.417,173.683,"A",37404655
"CP16616","RBWR","KK","M","66969","PTT",2022-10-28 18:07:00,2024-01-04 16:59:12,37.808,3.6769,-42.42,173.666,"3",37407132
"CP16616","RBWR","KK","M","66969","PTT",2022-10-28 18:07:00,2024-01-04 16:59:12,-35.662,NA,-42.42,173.666,"3",37407132
"CP9099","RWLG","KK","F","234673","PTT",2022-10-26 17:55:00,2024-01-04 16:18:32,-35.662,NA,-42.421,173.705,"A",37578212
"CP9099","RWLG","KK","F","234673","PTT",2022-10-26 20:02:00,2024-01-04 16:18:32,-35.662,NA,-42.421,173.705,"A",37570592
"CP9099","RWLG","KK","F","234673","PTT",2022-10-26 17:55:00,2024-01-04 16:18:32,36.86,3.7322,-42.421,173.705,"A",37578212
"CP9099","RWLG","KK","F","234673","PTT",2022-10-26 20:02:00,2024-01-04 16:18:32,36.86,3.7322,-42.421,173.705,"A",37570592
"CP9099","RWLG","KK","F","234673","PTT",2022-10-26 17:55:00,2024-01-04 17:00:11,37.808,3.7006,-42.416,173.707,"1",37580711
"CP9099","RWLG","KK","F","234673","PTT",2022-10-26 20:02:00,2024-01-04 17:00:11,37.808,3.7006,-42.416,173.707,"1",37573091
"CP9099","RWLG","KK","F","234673","PTT",2022-10-26 17:55:00,2024-01-04 17:00:11,-35.662,NA,-42.416,173.707,"1",37580711
"CP9099","RWLG","KK","F","234673","PTT",2022-10-26 20:02:00,2024-01-04 17:00:11,-35.662,NA,-42.416,173.707,"1",37573091
"CP9099","RWLG","KK","F","234673","PTT",2022-10-26 17:55:00,2024-01-04 17:23:57,-35.662,NA,-42.422,173.722,"2",37582137
"CP9099","RWLG","KK","F","234673","PTT",2022-10-26 20:02:00,2024-01-04 17:23:57,-35.662,NA,-42.422,173.722,"2",37574517
"CP9099","RWLG","KK","F","234673","PTT",2022-10-26 17:55:00,2024-01-04 17:23:57,37.808,3.6848,-42.422,173.722,"2",37582137
"CP9099","RWLG","KK","F","234673","PTT",2022-10-26 20:02:00,2024-01-04 17:23:57,37.808,3.6848,-42.422,173.722,"2",37574517
"CP9099","RWLG","KK","F","234673","PTT",2022-10-26 17:55:00,2024-01-06 16:21:38,-35.662,NA,-42.428,173.68,"2",37751198
"CP9099","RWLG","KK","F","234673","PTT",2022-10-26 20:02:00,2024-01-06 16:21:38,-35.662,NA,-42.428,173.68,"2",37743578
"CP9099","RWLG","KK","F","234673","PTT",2022-10-26 17:55:00,2024-01-10 15:56:46,-35.662,NA,-42.425,173.691,"1",38095306
"CP9099","RWLG","KK","F","234673","PTT",2022-10-26 20:02:00,2024-01-10 15:56:46,-35.662,NA,-42.425,173.691,"1",38087686
"CP9099","RWLG","KK","F","234673","PTT",2022-10-26 17:55:00,2024-01-11 16:51:46,-35.662,NA,-42.398,173.526,"A",38185006
"CP9099","RWLG","KK","F","234673","PTT",2022-10-26 20:02:00,2024-01-11 16:51:46,-35.662,NA,-42.398,173.526,"A",38177386
"CP9099","RWLG","KK","F","234673","PTT",2022-10-26 17:55:00,2024-01-17 11:01:52,43.022,3.6927,-42.421,173.706,"3",38682412
"CP9099","RWLG","KK","F","234673","PTT",2022-10-26 20:02:00,2024-01-17 11:01:52,43.022,3.6927,-42.421,173.706,"3",38674792
"CP9099","RWLG","KK","F","234673","PTT",2022-10-26 17:55:00,2024-01-17 11:01:52,-35.662,NA,-42.421,173.706,"3",38682412
"CP9099","RWLG","KK","F","234673","PTT",2022-10-26 20:02:00,2024-01-17 11:01:52,-35.662,NA,-42.421,173.706,"3",38674792
"CP9099","RWLG","KK","F","234673","PTT",2022-10-26 17:55:00,2024-01-31 16:34:44,37.808,3.6769,-42.427,173.68,"2",39911984
"CP9099","RWLG","KK","F","234673","PTT",2022-10-26 20:02:00,2024-01-31 16:34:44,37.808,3.6769,-42.427,173.68,"2",39904364
"CP9099","RWLG","KK","F","234673","PTT",2022-10-26 17:55:00,2024-01-31 16:34:44,-35.662,NA,-42.427,173.68,"2",39911984
"CP9099","RWLG","KK","F","234673","PTT",2022-10-26 20:02:00,2024-01-31 16:34:44,-35.662,NA,-42.427,173.68,"2",39904364
"CP9099","RWLG","KK","F","234673","PTT",2022-10-26 17:55:00,2024-02-04 17:24:03,36.86,3.7322,-42.428,173.697,"3",40260543
"CP9099","RWLG","KK","F","234673","PTT",2022-10-26 20:02:00,2024-02-04 17:24:03,36.86,3.7322,-42.428,173.697,"3",40252923
"CP9099","RWLG","KK","F","234673","PTT",2022-10-26 17:55:00,2024-02-04 17:24:03,-35.662,NA,-42.428,173.697,"3",40260543
"CP9099","RWLG","KK","F","234673","PTT",2022-10-26 20:02:00,2024-02-04 17:24:03,-35.662,NA,-42.428,173.697,"3",40252923
"CP9099","RWLG","KK","F","234673","PTT",2022-10-26 17:55:00,2024-02-04 17:28:29,-35.662,NA,-42.426,173.696,"A",40260809
"CP9099","RWLG","KK","F","234673","PTT",2022-10-26 20:02:00,2024-02-04 17:28:29,-35.662,NA,-42.426,173.696,"A",40253189
"CP9099","RWLG","KK","F","234673","PTT",2022-10-26 17:55:00,2024-02-04 17:47:24,-35.662,NA,-42.426,173.688,"1",40261944
"CP9099","RWLG","KK","F","234673","PTT",2022-10-26 20:02:00,2024-02-04 17:47:24,-35.662,NA,-42.426,173.688,"1",40254324
"CP9099","RWLG","KK","F","234673","PTT",2022-10-26 17:55:00,2024-02-04 17:47:24,35.912,3.7006,-42.426,173.688,"1",40261944
"CP9099","RWLG","KK","F","234673","PTT",2022-10-26 20:02:00,2024-02-04 17:47:24,35.912,3.7006,-42.426,173.688,"1",40254324
"CP9099","RWLG","KK","F","234673","PTT",2022-10-26 17:55:00,2024-02-04 17:47:24,-35.662,NA,-42.426,173.688,"1",40261944
"CP9099","RWLG","KK","F","234673","PTT",2022-10-26 20:02:00,2024-02-04 17:47:24,-35.662,NA,-42.426,173.688,"1",40254324
"CP9099","RWLG","KK","F","234673","PTT",2022-10-26 17:55:00,2024-02-04 17:47:24,35.912,3.7006,-42.426,173.688,"1",40261944
"CP9099","RWLG","KK","F","234673","PTT",2022-10-26 20:02:00,2024-02-04 17:47:24,35.912,3.7006,-42.426,173.688,"1",40254324
"CP9099","RWLG","KK","F","234673","PTT",2022-10-26 17:55:00,2024-02-26 11:55:14,-35.662,NA,-42.402,173.658,"3",42141614
"CP9099","RWLG","KK","F","234673","PTT",2022-10-26 20:02:00,2024-02-26 11:55:14,-35.662,NA,-42.402,173.658,"3",42133994
"CP9099","RWLG","KK","F","234673","PTT",2022-10-26 17:55:00,2024-03-01 15:50:19,-35.662,NA,-42.418,173.661,"3",42501319
"CP9099","RWLG","KK","F","234673","PTT",2022-10-26 20:02:00,2024-03-01 15:50:19,-35.662,NA,-42.418,173.661,"3",42493699
"CP9099","RWLG","KK","F","234673","PTT",2022-10-26 17:55:00,2024-03-01 16:13:15,-35.662,NA,-42.419,173.656,"B",42502695
"CP9099","RWLG","KK","F","234673","PTT",2022-10-26 20:02:00,2024-03-01 16:13:15,-35.662,NA,-42.419,173.656,"B",42495075
"CP9099","RWLG","KK","F","234673","PTT",2022-10-26 17:55:00,2024-03-01 16:13:15,36.386,3.7085,-42.419,173.656,"B",42502695
"CP9099","RWLG","KK","F","234673","PTT",2022-10-26 20:02:00,2024-03-01 16:13:15,36.386,3.7085,-42.419,173.656,"B",42495075
"CP9099","RWLG","KK","F","234673","PTT",2022-10-26 17:55:00,2024-03-01 17:10:47,-35.662,NA,-42.414,173.667,"3",42506147
"CP9099","RWLG","KK","F","234673","PTT",2022-10-26 20:02:00,2024-03-01 17:10:47,-35.662,NA,-42.414,173.667,"3",42498527
"CP9099","RWLG","KK","F","234673","PTT",2022-10-26 17:55:00,2024-03-01 17:28:26,36.386,3.6848,-42.414,173.639,"1",42507206
"CP9099","RWLG","KK","F","234673","PTT",2022-10-26 20:02:00,2024-03-01 17:28:26,36.386,3.6848,-42.414,173.639,"1",42499586
"CP9099","RWLG","KK","F","234673","PTT",2022-10-26 17:55:00,2024-03-01 17:28:26,-35.662,NA,-42.414,173.639,"1",42507206
"CP9099","RWLG","KK","F","234673","PTT",2022-10-26 20:02:00,2024-03-01 17:28:26,-35.662,NA,-42.414,173.639,"1",42499586
"CP9099","RWLG","KK","F","234673","PTT",2022-10-26 17:55:00,2024-03-01 17:52:07,34.964,3.6769,-42.406,173.68,"2",42508627
"CP9099","RWLG","KK","F","234673","PTT",2022-10-26 20:02:00,2024-03-01 17:52:07,34.964,3.6769,-42.406,173.68,"2",42501007
"CP9099","RWLG","KK","F","234673","PTT",2022-10-26 17:55:00,2024-03-01 17:52:07,-35.662,NA,-42.406,173.68,"2",42508627
"CP9099","RWLG","KK","F","234673","PTT",2022-10-26 20:02:00,2024-03-01 17:52:07,-35.662,NA,-42.406,173.68,"2",42501007
"CP9099","RWLG","KK","F","234673","PTT",2022-10-26 17:55:00,2024-03-05 10:46:31,39.704,3.7164,-42.403,173.644,"1",42828691
"CP9099","RWLG","KK","F","234673","PTT",2022-10-26 20:02:00,2024-03-05 10:46:31,39.704,3.7164,-42.403,173.644,"1",42821071
"CP9099","RWLG","KK","F","234673","PTT",2022-10-26 17:55:00,2024-03-05 10:46:31,-35.662,NA,-42.403,173.644,"1",42828691
"CP9099","RWLG","KK","F","234673","PTT",2022-10-26 20:02:00,2024-03-05 10:46:31,-35.662,NA,-42.403,173.644,"1",42821071
"CP9099","RWLG","KK","F","234673","PTT",2022-10-26 17:55:00,2024-03-07 17:08:39,35.912,3.6848,-35.104,171.436,"0",43024419
"CP9099","RWLG","KK","F","234673","PTT",2022-10-26 20:02:00,2024-03-07 17:08:39,35.912,3.6848,-35.104,171.436,"0",43016799
"CP9099","RWLG","KK","F","234673","PTT",2022-10-26 17:55:00,2024-03-07 17:08:39,-35.662,NA,-35.104,171.436,"0",43024419
"CP9099","RWLG","KK","F","234673","PTT",2022-10-26 20:02:00,2024-03-07 17:08:39,-35.662,NA,-35.104,171.436,"0",43016799
"CP9099","RWLG","KK","F","234673","PTT",2022-10-26 17:55:00,2024-03-07 17:36:45,34.49,3.6769,-34.779,173.101,"1",43026105
"CP9099","RWLG","KK","F","234673","PTT",2022-10-26 20:02:00,2024-03-07 17:36:45,34.49,3.6769,-34.779,173.101,"1",43018485
"CP9099","RWLG","KK","F","234673","PTT",2022-10-26 17:55:00,2024-03-07 17:36:45,-35.662,NA,-34.779,173.101,"1",43026105
"CP9099","RWLG","KK","F","234673","PTT",2022-10-26 20:02:00,2024-03-07 17:36:45,-35.662,NA,-34.779,173.101,"1",43018485
"CP9099","RWLG","KK","F","234673","PTT",2022-10-26 17:55:00,2024-03-12 10:23:26,45.866,3.7401,-34.795,173.097,"2",43432106
"CP9099","RWLG","KK","F","234673","PTT",2022-10-26 20:02:00,2024-03-12 10:23:26,45.866,3.7401,-34.795,173.097,"2",43424486
"CP9099","RWLG","KK","F","234673","PTT",2022-10-26 17:55:00,2024-03-12 10:23:26,-35.662,NA,-34.795,173.097,"2",43432106
"CP9099","RWLG","KK","F","234673","PTT",2022-10-26 20:02:00,2024-03-12 10:23:26,-35.662,NA,-34.795,173.097,"2",43424486
"CP9099","RWLG","KK","F","234673","PTT",2022-10-26 17:55:00,2024-03-12 12:01:02,-35.662,NA,-34.781,173.098,"B",43437962
"CP9099","RWLG","KK","F","234673","PTT",2022-10-26 20:02:00,2024-03-12 12:01:02,-35.662,NA,-34.781,173.098,"B",43430342
"CP9099","RWLG","KK","F","234673","PTT",2022-10-26 17:55:00,2024-03-15 07:42:42,-35.662,NA,-34.812,173.109,"1",43681662
"CP9099","RWLG","KK","F","234673","PTT",2022-10-26 20:02:00,2024-03-15 07:42:42,-35.662,NA,-34.812,173.109,"1",43674042
"CP9099","RWLG","KK","F","234673","PTT",2022-10-26 17:55:00,2024-03-15 08:11:09,37.808,3.6927,-34.622,172.198,"0",43683369
"CP9099","RWLG","KK","F","234673","PTT",2022-10-26 20:02:00,2024-03-15 08:11:09,37.808,3.6927,-34.622,172.198,"0",43675749
"CP9099","RWLG","KK","F","234673","PTT",2022-10-26 17:55:00,2024-03-15 08:11:09,-35.662,NA,-34.622,172.198,"0",43683369
"CP9099","RWLG","KK","F","234673","PTT",2022-10-26 20:02:00,2024-03-15 08:11:09,-35.662,NA,-34.622,172.198,"0",43675749
"CP9099","RWLG","KK","F","234673","PTT",2022-10-26 17:55:00,2024-03-15 08:31:18,-35.662,NA,-34.543,171.82,"A",43684578
"CP9099","RWLG","KK","F","234673","PTT",2022-10-26 20:02:00,2024-03-15 08:31:18,-35.662,NA,-34.543,171.82,"A",43676958
"CP9099","RWLG","KK","F","234673","PTT",2022-10-26 17:55:00,2024-03-30 08:28:28,-35.662,NA,-34.819,173.107,"3",44980408
"CP9099","RWLG","KK","F","234673","PTT",2022-10-26 20:02:00,2024-03-30 08:28:28,-35.662,NA,-34.819,173.107,"3",44972788
"CP9099","RWLG","KK","F","234673","PTT",2022-10-26 17:55:00,2024-03-30 09:11:48,42.074,3.7164,-34.825,173.1,"1",44983008
"CP9099","RWLG","KK","F","234673","PTT",2022-10-26 20:02:00,2024-03-30 09:11:48,42.074,3.7164,-34.825,173.1,"1",44975388
"CP9099","RWLG","KK","F","234673","PTT",2022-10-26 17:55:00,2024-03-30 09:11:48,-35.662,NA,-34.825,173.1,"1",44983008
"CP9099","RWLG","KK","F","234673","PTT",2022-10-26 20:02:00,2024-03-30 09:11:48,-35.662,NA,-34.825,173.1,"1",44975388
"CP9099","RWLG","KK","F","234673","PTT",2022-10-26 17:55:00,2024-04-04 14:15:19,-35.662,NA,-34.82,173.099,"B",45433219
"CP9099","RWLG","KK","F","234673","PTT",2022-10-26 20:02:00,2024-04-04 14:15:19,-35.662,NA,-34.82,173.099,"B",45425599
"CP9099","RWLG","KK","F","234673","PTT",2022-10-26 17:55:00,2024-04-04 14:14:04,-35.662,NA,-34.82,173.092,"3",45433144
"CP9099","RWLG","KK","F","234673","PTT",2022-10-26 20:02:00,2024-04-04 14:14:04,-35.662,NA,-34.82,173.092,"3",45425524
"CP9099","RWLG","KK","F","234673","PTT",2022-10-26 17:55:00,2024-05-03 09:01:23,-35.662,NA,-34.753,173.058,"A",47923583
"CP9099","RWLG","KK","F","234673","PTT",2022-10-26 20:02:00,2024-05-03 09:01:23,-35.662,NA,-34.753,173.058,"A",47915963
"CP9099","RWLG","KK","F","234673","PTT",2022-10-26 17:55:00,2024-05-18 07:29:15,-35.662,NA,-34.779,173.106,"3",49214055
"CP9099","RWLG","KK","F","234673","PTT",2022-10-26 20:02:00,2024-05-18 07:29:15,-35.662,NA,-34.779,173.106,"3",49206435
"CP9099","RWLG","KK","F","234673","PTT",2022-10-26 17:55:00,2024-05-24 07:52:41,40.652,3.7401,-34.775,173.093,"1",49733861
"CP9099","RWLG","KK","F","234673","PTT",2022-10-26 20:02:00,2024-05-24 07:52:41,40.652,3.7401,-34.775,173.093,"1",49726241
"CP9099","RWLG","KK","F","234673","PTT",2022-10-26 17:55:00,2024-05-24 07:52:41,-35.662,NA,-34.775,173.093,"1",49733861
"CP9099","RWLG","KK","F","234673","PTT",2022-10-26 20:02:00,2024-05-24 07:52:41,-35.662,NA,-34.775,173.093,"1",49726241
"CP9099","RWLG","KK","F","234673","PTT",2022-10-26 17:55:00,2024-05-26 08:00:14,37.808,3.7401,-34.787,173.128,"0",49907114
"CP9099","RWLG","KK","F","234673","PTT",2022-10-26 20:02:00,2024-05-26 08:00:14,37.808,3.7401,-34.787,173.128,"0",49899494
"CP9099","RWLG","KK","F","234673","PTT",2022-10-26 17:55:00,2024-05-26 08:00:14,-35.662,NA,-34.787,173.128,"0",49907114
"CP9099","RWLG","KK","F","234673","PTT",2022-10-26 20:02:00,2024-05-26 08:00:14,-35.662,NA,-34.787,173.128,"0",49899494
"CP9099","RWLG","KK","F","234673","PTT",2022-10-26 17:55:00,2024-05-26 09:42:51,-35.662,NA,-34.774,173.115,"B",49913271
"CP9099","RWLG","KK","F","234673","PTT",2022-10-26 20:02:00,2024-05-26 09:42:51,-35.662,NA,-34.774,173.115,"B",49905651
"CP9099","RWLG","KK","F","234673","PTT",2022-10-26 17:55:00,2024-06-26 05:53:45,39.704,3.748,-34.792,173.044,"2",52577925
"CP9099","RWLG","KK","F","234673","PTT",2022-10-26 20:02:00,2024-06-26 05:53:45,39.704,3.748,-34.792,173.044,"2",52570305
"CP9099","RWLG","KK","F","234673","PTT",2022-10-26 17:55:00,2024-06-26 05:53:45,-35.662,NA,-34.792,173.044,"2",52577925
"CP9099","RWLG","KK","F","234673","PTT",2022-10-26 20:02:00,2024-06-26 05:53:45,-35.662,NA,-34.792,173.044,"2",52570305
"CP9099","RWLG","KK","F","234673","PTT",2022-10-26 17:55:00,2024-06-26 05:52:55,39.704,3.748,-34.803,173.052,"2",52577875
"CP9099","RWLG","KK","F","234673","PTT",2022-10-26 20:02:00,2024-06-26 05:52:55,39.704,3.748,-34.803,173.052,"2",52570255
"CP9099","RWLG","KK","F","234673","PTT",2022-10-26 17:55:00,2024-06-26 05:52:55,-35.662,NA,-34.803,173.052,"2",52577875
"CP9099","RWLG","KK","F","234673","PTT",2022-10-26 20:02:00,2024-06-26 05:52:55,-35.662,NA,-34.803,173.052,"2",52570255
"CP9099","RWLG","KK","F","234673","PTT",2022-10-26 17:55:00,2024-06-26 07:29:39,-35.662,NA,-34.795,173.108,"0",52583679
"CP9099","RWLG","KK","F","234673","PTT",2022-10-26 20:02:00,2024-06-26 07:29:39,-35.662,NA,-34.795,173.108,"0",52576059
"CP9099","RWLG","KK","F","234673","PTT",2022-10-26 17:55:00,2024-06-26 07:29:39,39.23,3.6927,-34.795,173.108,"0",52583679
"CP9099","RWLG","KK","F","234673","PTT",2022-10-26 20:02:00,2024-06-26 07:29:39,39.23,3.6927,-34.795,173.108,"0",52576059
"CP9099","RWLG","KK","F","234673","PTT",2022-10-26 17:55:00,2024-06-29 08:30:13,34.49,3.6848,-34.816,173.1,"3",52846513
"CP9099","RWLG","KK","F","234673","PTT",2022-10-26 20:02:00,2024-06-29 08:30:13,34.49,3.6848,-34.816,173.1,"3",52838893
"CP9099","RWLG","KK","F","234673","PTT",2022-10-26 17:55:00,2024-06-29 08:30:13,-35.662,NA,-34.816,173.1,"3",52846513
"CP9099","RWLG","KK","F","234673","PTT",2022-10-26 20:02:00,2024-06-29 08:30:13,-35.662,NA,-34.816,173.1,"3",52838893
"CP9099","RWLG","KK","F","234673","PTT",2022-10-26 17:55:00,2024-07-04 06:25:58,-35.662,NA,-34.763,173.109,"1",53271058
"CP9099","RWLG","KK","F","234673","PTT",2022-10-26 20:02:00,2024-07-04 06:25:58,-35.662,NA,-34.763,173.109,"1",53263438
"CP9099","RWLG","KK","F","234673","PTT",2022-10-26 17:55:00,2024-07-07 07:20:27,-35.662,NA,-34.742,173.06,"B",53533527
"CP9099","RWLG","KK","F","234673","PTT",2022-10-26 20:02:00,2024-07-07 07:20:27,-35.662,NA,-34.742,173.06,"B",53525907
"CP9099","RWLG","KK","F","234673","PTT",2022-10-26 17:55:00,2024-07-20 07:23:20,-35.662,NA,-34.773,173.069,"2",54656900
"CP9099","RWLG","KK","F","234673","PTT",2022-10-26 20:02:00,2024-07-20 07:23:20,-35.662,NA,-34.773,173.069,"2",54649280
"CP9099","RWLG","KK","F","234673","PTT",2022-10-26 17:55:00,2024-07-20 09:00:55,-35.662,NA,-34.773,173.069,"B",54662755
"CP9099","RWLG","KK","F","234673","PTT",2022-10-26 20:02:00,2024-07-20 09:00:55,-35.662,NA,-34.773,173.069,"B",54655135
"CP9099","RWLG","KK","F","234673","PTT",2022-10-26 17:55:00,2024-07-25 08:30:29,40.178,3.7243,-34.811,173.074,"2",55092929
"CP9099","RWLG","KK","F","234673","PTT",2022-10-26 20:02:00,2024-07-25 08:30:29,40.178,3.7243,-34.811,173.074,"2",55085309
"CP9099","RWLG","KK","F","234673","PTT",2022-10-26 17:55:00,2024-07-25 08:30:29,-35.662,NA,-34.811,173.074,"2",55092929
"CP9099","RWLG","KK","F","234673","PTT",2022-10-26 20:02:00,2024-07-25 08:30:29,-35.662,NA,-34.811,173.074,"2",55085309
"CP9099","RWLG","KK","F","234673","PTT",2022-10-26 17:55:00,2024-07-28 06:32:51,29.276,3.748,-41.951,174.855,"1",55345071
"CP9099","RWLG","KK","F","234673","PTT",2022-10-26 20:02:00,2024-07-28 06:32:51,29.276,3.748,-41.951,174.855,"1",55337451
"CP9099","RWLG","KK","F","234673","PTT",2022-10-26 17:55:00,2024-07-28 06:32:51,28.802,3.748,-41.951,174.855,"1",55345071
"CP9099","RWLG","KK","F","234673","PTT",2022-10-26 20:02:00,2024-07-28 06:32:51,28.802,3.748,-41.951,174.855,"1",55337451
"CP9099","RWLG","KK","F","234673","PTT",2022-10-26 17:55:00,2024-07-28 06:32:51,-35.662,NA,-41.951,174.855,"1",55345071
"CP9099","RWLG","KK","F","234673","PTT",2022-10-26 20:02:00,2024-07-28 06:32:51,-35.662,NA,-41.951,174.855,"1",55337451
"CP9099","RWLG","KK","F","234673","PTT",2022-10-26 17:55:00,2024-07-28 07:54:35,29.75,3.6927,-42.111,174.499,"0",55349975
"CP9099","RWLG","KK","F","234673","PTT",2022-10-26 20:02:00,2024-07-28 07:54:35,29.75,3.6927,-42.111,174.499,"0",55342355
"CP9099","RWLG","KK","F","234673","PTT",2022-10-26 17:55:00,2024-07-28 07:54:35,-35.662,NA,-42.111,174.499,"0",55349975
"CP9099","RWLG","KK","F","234673","PTT",2022-10-26 20:02:00,2024-07-28 07:54:35,-35.662,NA,-42.111,174.499,"0",55342355
"CP9068","RBRL","KK","F","66903","PTT",2021-10-03 19:06:00,2021-10-03 19:11:02,-35.662,NA,-42.418,173.664,"B",302
"CP9068","RBRL","KK","F","66903","PTT",2021-10-03 19:06:00,2021-10-03 19:11:02,22.64,3.8665,-42.418,173.664,"B",302
"CP9068","RBRL","KK","F","66903","PTT",2021-10-03 19:06:00,2021-10-03 19:39:16,24.536,3.8586,-42.413,173.662,"3",1996
"CP9068","RBRL","KK","F","66903","PTT",2021-10-03 19:06:00,2021-10-03 19:39:16,-35.662,NA,-42.413,173.662,"3",1996
"CP9068","RBRL","KK","F","66903","PTT",2021-10-03 19:06:00,2021-10-13 07:16:51,34.49,3.7559,-42.325,173.529,"B",821451
"CP9068","RBRL","KK","F","66903","PTT",2021-10-03 19:06:00,2021-10-13 07:16:51,-35.662,NA,-42.325,173.529,"B",821451
"CP16905","RRRG","KK","M","66891_1","PTT",2021-10-14 00:24:00,2021-10-14 17:02:36,18.848,3.9771,-42.396,173.368,"B",59916
"CP16905","RRRG","KK","M","66891_1","PTT",2021-10-14 00:24:00,2021-10-14 17:02:36,-35.662,NA,-42.396,173.368,"B",59916
"CP16905","RRRG","KK","M","66891_1","PTT",2021-10-14 00:24:00,2021-10-14 18:42:25,24.536,3.9139,-42.373,173.679,"A",65905
"CP16905","RRRG","KK","M","66891_1","PTT",2021-10-14 00:24:00,2021-10-14 18:42:25,-35.662,NA,-42.373,173.679,"A",65905
"CP16905","RRRG","KK","M","66891_1","PTT",2021-10-14 00:24:00,2021-10-14 19:12:19,24.536,3.8981,-42.388,173.679,"1",67699
"CP16905","RRRG","KK","M","66891_1","PTT",2021-10-14 00:24:00,2021-10-14 19:12:19,-35.662,NA,-42.388,173.679,"1",67699
"CP16905","RRRG","KK","M","66891_1","PTT",2021-10-14 00:24:00,2021-10-14 19:12:19,24.536,3.8981,-42.388,173.679,"1",67699
"CP16905","RRRG","KK","M","66891_1","PTT",2021-10-14 00:24:00,2021-10-16 06:12:28,30.224,3.7164,-42.361,173.688,"0",193708
"CP16905","RRRG","KK","M","66891_1","PTT",2021-10-14 20:46:00,2021-10-16 06:12:28,30.224,3.7164,-42.361,173.688,"0",120388
"CP16905","RRRG","KK","M","66891_1","PTT",2021-10-14 00:24:00,2021-10-16 06:12:28,29.276,3.7164,-42.361,173.688,"0",193708
"CP16905","RRRG","KK","M","66891_1","PTT",2021-10-14 20:46:00,2021-10-16 06:12:28,29.276,3.7164,-42.361,173.688,"0",120388
"CP16905","RRRG","KK","M","66891_1","PTT",2021-10-14 00:24:00,2021-10-16 06:12:28,-35.662,NA,-42.361,173.688,"0",193708
"CP16905","RRRG","KK","M","66891_1","PTT",2021-10-14 20:46:00,2021-10-16 06:12:28,-35.662,NA,-42.361,173.688,"0",120388
"CP16905","RRRG","KK","M","66891_1","PTT",2021-10-14 00:24:00,2021-10-17 15:50:09,24.536,3.7085,-42.352,173.733,"B",314769
"CP16905","RRRG","KK","M","66891_1","PTT",2021-10-14 20:46:00,2021-10-17 15:50:09,24.536,3.7085,-42.352,173.733,"B",241449
"CP16905","RRRG","KK","M","66891_1","PTT",2021-10-14 00:24:00,2021-10-17 15:50:09,24.536,3.7085,-42.352,173.733,"B",314769
"CP16905","RRRG","KK","M","66891_1","PTT",2021-10-14 20:46:00,2021-10-17 15:50:09,24.536,3.7085,-42.352,173.733,"B",241449
"CP9068","RBRL","KK","F","66903","PTT",2021-10-03 19:06:00,2021-10-18 07:13:28,26.906,3.7401,-42.456,173.559,"A",1253248
"CP9068","RBRL","KK","F","66903","PTT",2021-10-03 19:06:00,2021-10-18 07:13:28,-35.662,NA,-42.456,173.559,"A",1253248
"CP9068","RBRL","KK","F","66903","PTT",2021-10-03 19:06:00,2021-10-21 05:41:17,-35.662,NA,-42.474,173.652,"B",1506917
"CP9068","RBRL","KK","F","66903","PTT",2021-10-03 19:06:00,2021-10-21 06:10:04,29.75,3.7164,-42.413,173.661,"3",1508644
"CP9068","RBRL","KK","F","66903","PTT",2021-10-03 19:06:00,2021-10-21 06:10:04,-35.662,NA,-42.413,173.661,"3",1508644
"CP9068","RBRL","KK","F","66903","PTT",2021-10-03 19:06:00,2021-10-21 06:10:04,30.224,3.7164,-42.413,173.661,"3",1508644
"CP9068","RBRL","KK","F","66903","PTT",2021-10-03 19:06:00,2021-10-22 04:47:53,39.704,3.7322,-42.421,173.691,"2",1590113
"CP9068","RBRL","KK","F","66903","PTT",2021-10-03 19:06:00,2021-10-22 04:47:53,38.756,3.7322,-42.421,173.691,"2",1590113
"CP9068","RBRL","KK","F","66903","PTT",2021-10-03 19:06:00,2021-10-22 04:47:53,-35.662,NA,-42.421,173.691,"2",1590113
"CP9068","RBRL","KK","F","66903","PTT",2021-10-03 19:06:00,2021-10-22 05:20:51,-35.662,NA,-42.415,173.639,"2",1592091
"CP9068","RBRL","KK","F","66903","PTT",2021-10-03 19:06:00,2021-10-22 05:20:51,37.334,3.7243,-42.415,173.639,"2",1592091
"CP9068","RBRL","KK","F","66903","PTT",2021-10-03 19:06:00,2021-10-22 05:49:36,37.334,3.748,-42.424,173.669,"3",1593816
"CP9068","RBRL","KK","F","66903","PTT",2021-10-03 19:06:00,2021-10-22 05:49:36,-35.662,NA,-42.424,173.669,"3",1593816
"CP9068","RBRL","KK","F","66903","PTT",2021-10-03 19:06:00,2021-10-22 06:37:10,-35.662,NA,-42.446,173.587,"B",1596670
"CP9068","RBRL","KK","F","66903","PTT",2021-10-03 19:06:00,2021-10-22 07:27:15,-35.662,NA,-42.451,173.569,"B",1599675
"CP9068","RBRL","KK","F","66903","PTT",2021-10-03 19:06:00,2021-10-22 14:38:24,30.698,3.7085,-42.41,173.65,"2",1625544
"CP9068","RBRL","KK","F","66903","PTT",2021-10-03 19:06:00,2021-10-22 14:38:24,-35.662,NA,-42.41,173.65,"2",1625544
"CP9068","RBRL","KK","F","66903","PTT",2021-10-03 19:06:00,2021-10-22 14:53:51,28.328,3.6927,-42.415,173.674,"2",1626471
"CP9068","RBRL","KK","F","66903","PTT",2021-10-03 19:06:00,2021-10-22 14:53:51,28.802,3.6848,-42.415,173.674,"2",1626471
"CP9068","RBRL","KK","F","66903","PTT",2021-10-03 19:06:00,2021-10-22 14:53:51,-35.662,NA,-42.415,173.674,"2",1626471
"CP16905","RRRG","KK","M","66891_1","PTT",2021-10-14 00:24:00,2021-10-23 03:42:52,24.062,3.7322,-42.364,173.803,"0",789532
"CP16905","RRRG","KK","M","66891_1","PTT",2021-10-14 20:46:00,2021-10-23 03:42:52,24.062,3.7322,-42.364,173.803,"0",716212
"CP16905","RRRG","KK","M","66891_1","PTT",2021-10-14 00:24:00,2021-10-23 03:42:52,24.536,3.7243,-42.364,173.803,"0",789532
"CP16905","RRRG","KK","M","66891_1","PTT",2021-10-14 20:46:00,2021-10-23 03:42:52,24.536,3.7243,-42.364,173.803,"0",716212
"CP16905","RRRG","KK","M","66891_1","PTT",2021-10-14 00:24:00,2021-10-23 03:42:52,-35.662,NA,-42.364,173.803,"0",789532
"CP16905","RRRG","KK","M","66891_1","PTT",2021-10-14 20:46:00,2021-10-23 03:42:52,-35.662,NA,-42.364,173.803,"0",716212
"CP16905","RRRG","KK","M","66891_1","PTT",2021-10-14 00:24:00,2021-10-23 04:34:51,27.854,3.7006,-42.385,173.697,"2",792651
"CP16905","RRRG","KK","M","66891_1","PTT",2021-10-14 20:46:00,2021-10-23 04:34:51,27.854,3.7006,-42.385,173.697,"2",719331
"CP16905","RRRG","KK","M","66891_1","PTT",2021-10-14 00:24:00,2021-10-23 04:34:51,-35.662,NA,-42.385,173.697,"2",792651
"CP16905","RRRG","KK","M","66891_1","PTT",2021-10-14 20:46:00,2021-10-23 04:34:51,-35.662,NA,-42.385,173.697,"2",719331
"CP16905","RRRG","KK","M","66891_1","PTT",2021-10-14 00:24:00,2021-10-23 04:34:51,28.328,3.7006,-42.385,173.697,"2",792651
"CP16905","RRRG","KK","M","66891_1","PTT",2021-10-14 20:46:00,2021-10-23 04:34:51,28.328,3.7006,-42.385,173.697,"2",719331
"CP16905","RRRG","KK","M","66891_1","PTT",2021-10-14 00:24:00,2021-10-23 04:43:51,26.906,3.6927,-42.375,173.688,"A",793191
"CP16905","RRRG","KK","M","66891_1","PTT",2021-10-14 20:46:00,2021-10-23 04:43:51,26.906,3.6927,-42.375,173.688,"A",719871
"CP16905","RRRG","KK","M","66891_1","PTT",2021-10-14 00:24:00,2021-10-23 04:43:51,-35.662,NA,-42.375,173.688,"A",793191
"CP16905","RRRG","KK","M","66891_1","PTT",2021-10-14 20:46:00,2021-10-23 04:43:51,-35.662,NA,-42.375,173.688,"A",719871
"CP16905","RRRG","KK","M","66891_1","PTT",2021-10-14 00:24:00,2021-10-23 07:09:26,30.698,3.7322,-42.387,173.682,"1",801926
"CP16905","RRRG","KK","M","66891_1","PTT",2021-10-14 20:46:00,2021-10-23 07:09:26,30.698,3.7322,-42.387,173.682,"1",728606
"CP16905","RRRG","KK","M","66891_1","PTT",2021-10-14 00:24:00,2021-10-23 07:09:26,-35.662,NA,-42.387,173.682,"1",801926
"CP16905","RRRG","KK","M","66891_1","PTT",2021-10-14 20:46:00,2021-10-23 07:09:26,-35.662,NA,-42.387,173.682,"1",728606
"CP16905","RRRG","KK","M","66891_1","PTT",2021-10-14 00:24:00,2021-10-23 07:09:26,29.75,3.7401,-42.387,173.682,"1",801926
"CP16905","RRRG","KK","M","66891_1","PTT",2021-10-14 20:46:00,2021-10-23 07:09:26,29.75,3.7401,-42.387,173.682,"1",728606
"CP9068","RBRL","KK","F","66903","PTT",2021-10-03 19:06:00,2021-10-23 07:08:41,34.49,3.7243,-42.411,173.65,"A",1684961
"CP9068","RBRL","KK","F","66903","PTT",2021-10-03 19:06:00,2021-10-23 07:08:41,-35.662,NA,-42.411,173.65,"A",1684961
"CP16905","RRRG","KK","M","66891_1","PTT",2021-10-14 00:24:00,2021-10-23 14:23:27,25.484,3.7164,-42.378,173.677,"2",827967
"CP16905","RRRG","KK","M","66891_1","PTT",2021-10-14 20:46:00,2021-10-23 14:23:27,25.484,3.7164,-42.378,173.677,"2",754647
"CP16905","RRRG","KK","M","66891_1","PTT",2021-10-14 00:24:00,2021-10-23 14:23:27,-35.662,NA,-42.378,173.677,"2",827967
"CP16905","RRRG","KK","M","66891_1","PTT",2021-10-14 20:46:00,2021-10-23 14:23:27,-35.662,NA,-42.378,173.677,"2",754647
"CP16905","RRRG","KK","M","66891_1","PTT",2021-10-14 00:24:00,2021-10-23 14:24:17,25.484,3.7164,-42.374,173.667,"2",828017
"CP16905","RRRG","KK","M","66891_1","PTT",2021-10-14 20:46:00,2021-10-23 14:24:17,25.484,3.7164,-42.374,173.667,"2",754697
"CP16905","RRRG","KK","M","66891_1","PTT",2021-10-14 00:24:00,2021-10-23 14:24:17,26.432,3.7164,-42.374,173.667,"2",828017
"CP16905","RRRG","KK","M","66891_1","PTT",2021-10-14 20:46:00,2021-10-23 14:24:17,26.432,3.7164,-42.374,173.667,"2",754697
"CP16905","RRRG","KK","M","66891_1","PTT",2021-10-14 00:24:00,2021-10-23 14:24:17,-35.662,NA,-42.374,173.667,"2",828017
"CP16905","RRRG","KK","M","66891_1","PTT",2021-10-14 20:46:00,2021-10-23 14:24:17,-35.662,NA,-42.374,173.667,"2",754697
"CP9068","RBRL","KK","F","66903","PTT",2021-10-03 19:06:00,2021-10-23 14:22:53,29.276,3.7164,-42.414,173.663,"3",1711013
"CP9068","RBRL","KK","F","66903","PTT",2021-10-03 19:06:00,2021-10-23 14:22:53,28.802,3.7164,-42.414,173.663,"3",1711013
"CP9068","RBRL","KK","F","66903","PTT",2021-10-03 19:06:00,2021-10-23 14:22:53,-35.662,NA,-42.414,173.663,"3",1711013
"CP9068","RBRL","KK","F","66903","PTT",2021-10-03 19:06:00,2021-10-23 14:23:18,28.802,3.7164,-42.412,173.663,"3",1711038
"CP9068","RBRL","KK","F","66903","PTT",2021-10-03 19:06:00,2021-10-23 14:23:18,-35.662,NA,-42.412,173.663,"3",1711038
"CP16905","RRRG","KK","M","66891_1","PTT",2021-10-14 00:24:00,2021-10-25 06:28:31,41.126,3.7796,-42.414,173.797,"0",972271
"CP16905","RRRG","KK","M","66891_1","PTT",2021-10-14 20:46:00,2021-10-25 06:28:31,41.126,3.7796,-42.414,173.797,"0",898951
"CP16905","RRRG","KK","M","66891_1","PTT",2021-10-14 00:24:00,2021-10-25 06:28:31,41.6,3.7796,-42.414,173.797,"0",972271
"CP16905","RRRG","KK","M","66891_1","PTT",2021-10-14 20:46:00,2021-10-25 06:28:31,41.6,3.7796,-42.414,173.797,"0",898951
"CP16905","RRRG","KK","M","66891_1","PTT",2021-10-14 00:24:00,2021-10-25 06:28:31,-35.662,NA,-42.414,173.797,"0",972271
"CP16905","RRRG","KK","M","66891_1","PTT",2021-10-14 20:46:00,2021-10-25 06:28:31,-35.662,NA,-42.414,173.797,"0",898951
"CP9068","RBRL","KK","F","66903","PTT",2021-10-03 19:06:00,2021-10-25 06:28:13,35.438,3.7006,-42.399,173.566,"0",1855333
"CP9068","RBRL","KK","F","66903","PTT",2021-10-03 19:06:00,2021-10-25 06:28:13,-35.662,NA,-42.399,173.566,"0",1855333
"CP9068","RBRL","KK","F","66903","PTT",2021-10-03 19:06:00,2021-10-25 06:28:13,36.86,3.6927,-42.399,173.566,"0",1855333
"CP16905","RRRG","KK","M","66891_1","PTT",2021-10-14 00:24:00,2021-10-25 13:23:50,-35.662,NA,-42.386,173.767,"B",997190
"CP16905","RRRG","KK","M","66891_1","PTT",2021-10-14 20:46:00,2021-10-25 13:23:50,-35.662,NA,-42.386,173.767,"B",923870
"CP16905","RRRG","KK","M","66891_1","PTT",2021-10-14 00:24:00,2021-10-25 15:00:46,24.062,3.7796,-42.384,173.689,"3",1003006
"CP16905","RRRG","KK","M","66891_1","PTT",2021-10-14 20:46:00,2021-10-25 15:00:46,24.062,3.7796,-42.384,173.689,"3",929686
"CP16905","RRRG","KK","M","66891_1","PTT",2021-10-14 00:24:00,2021-10-25 15:00:46,-35.662,NA,-42.384,173.689,"3",1003006
"CP16905","RRRG","KK","M","66891_1","PTT",2021-10-14 20:46:00,2021-10-25 15:00:46,-35.662,NA,-42.384,173.689,"3",929686
"CP16905","RRRG","KK","M","66891_1","PTT",2021-10-14 00:24:00,2021-10-25 15:00:46,24.062,3.7796,-42.384,173.689,"3",1003006
"CP16905","RRRG","KK","M","66891_1","PTT",2021-10-14 20:46:00,2021-10-25 15:00:46,24.062,3.7796,-42.384,173.689,"3",929686
"CP16905","RRRG","KK","M","66891_1","PTT",2021-10-14 00:24:00,2021-10-25 15:27:01,-35.662,NA,-42.39,173.68,"B",1004581
"CP16905","RRRG","KK","M","66891_1","PTT",2021-10-14 20:46:00,2021-10-25 15:27:01,-35.662,NA,-42.39,173.68,"B",931261
"CP16905","RRRG","KK","M","66891_1","PTT",2021-10-14 00:24:00,2021-10-25 16:32:40,22.166,3.7243,-42.373,173.677,"2",1008520
"CP16905","RRRG","KK","M","66891_1","PTT",2021-10-14 20:46:00,2021-10-25 16:32:40,22.166,3.7243,-42.373,173.677,"2",935200
"CP16905","RRRG","KK","M","66891_1","PTT",2021-10-14 00:24:00,2021-10-25 16:32:40,22.64,3.7243,-42.373,173.677,"2",1008520
"CP16905","RRRG","KK","M","66891_1","PTT",2021-10-14 20:46:00,2021-10-25 16:32:40,22.64,3.7243,-42.373,173.677,"2",935200
"CP16905","RRRG","KK","M","66891_1","PTT",2021-10-14 00:24:00,2021-10-25 16:32:40,-35.662,NA,-42.373,173.677,"2",1008520
"CP16905","RRRG","KK","M","66891_1","PTT",2021-10-14 20:46:00,2021-10-25 16:32:40,-35.662,NA,-42.373,173.677,"2",935200
"CP9068","RBRL","KK","F","66903","PTT",2021-10-03 19:06:00,2021-10-29 06:44:51,46.814,3.7243,-42.328,173.594,"0",2201931
"CP9068","RBRL","KK","F","66903","PTT",2021-10-03 19:06:00,2021-10-29 06:44:51,50.606,3.7243,-42.328,173.594,"0",2201931
"CP9068","RBRL","KK","F","66903","PTT",2021-10-03 19:06:00,2021-10-29 06:44:51,-35.662,NA,-42.328,173.594,"0",2201931
"CP9068","RBRL","KK","F","66903","PTT",2021-10-03 19:06:00,2021-10-30 14:03:59,-35.662,NA,-42.618,173.923,"B",2314679
"CP16905","RRRG","KK","M","66891_1","PTT",2021-10-14 00:24:00,2021-10-31 15:56:59,34.49,3.8744,-42.359,173.71,"A",1524779
"CP16905","RRRG","KK","M","66891_1","PTT",2021-10-14 20:46:00,2021-10-31 15:56:59,34.49,3.8744,-42.359,173.71,"A",1451459
"CP16905","RRRG","KK","M","66891_1","PTT",2021-10-14 00:24:00,2021-10-31 15:56:59,-35.662,NA,-42.359,173.71,"A",1524779
"CP16905","RRRG","KK","M","66891_1","PTT",2021-10-14 20:46:00,2021-10-31 15:56:59,-35.662,NA,-42.359,173.71,"A",1451459
"CP16905","RRRG","KK","M","66891_1","PTT",2021-10-14 00:24:00,2021-10-31 17:13:26,27.38,3.8349,-42.383,173.697,"2",1529366
"CP16905","RRRG","KK","M","66891_1","PTT",2021-10-14 20:46:00,2021-10-31 17:13:26,27.38,3.8349,-42.383,173.697,"2",1456046
"CP16905","RRRG","KK","M","66891_1","PTT",2021-10-14 00:24:00,2021-10-31 17:13:26,-35.662,NA,-42.383,173.697,"2",1529366
"CP16905","RRRG","KK","M","66891_1","PTT",2021-10-14 20:46:00,2021-10-31 17:13:26,-35.662,NA,-42.383,173.697,"2",1456046
"CP16905","RRRG","KK","M","66891_1","PTT",2021-10-14 00:24:00,2021-10-31 19:04:10,24.536,3.7717,-42.412,173.686,"1",1536010
"CP16905","RRRG","KK","M","66891_1","PTT",2021-10-14 20:46:00,2021-10-31 19:04:10,24.536,3.7717,-42.412,173.686,"1",1462690
"CP16905","RRRG","KK","M","66891_1","PTT",2021-10-14 00:24:00,2021-10-31 19:04:10,24.536,3.7717,-42.412,173.686,"1",1536010
"CP16905","RRRG","KK","M","66891_1","PTT",2021-10-14 20:46:00,2021-10-31 19:04:10,24.536,3.7717,-42.412,173.686,"1",1462690
"CP16905","RRRG","KK","M","66891_1","PTT",2021-10-14 00:24:00,2021-10-31 19:04:10,-35.662,NA,-42.412,173.686,"1",1536010
"CP16905","RRRG","KK","M","66891_1","PTT",2021-10-14 20:46:00,2021-10-31 19:04:10,-35.662,NA,-42.412,173.686,"1",1462690
"CP16905","RRRG","KK","M","66891_1","PTT",2021-10-14 00:24:00,2021-10-31 19:51:17,23.114,3.748,-42.438,173.572,"0",1538837
"CP16905","RRRG","KK","M","66891_1","PTT",2021-10-14 20:46:00,2021-10-31 19:51:17,23.114,3.748,-42.438,173.572,"0",1465517
"CP16905","RRRG","KK","M","66891_1","PTT",2021-10-14 00:24:00,2021-10-31 19:51:17,23.114,3.748,-42.438,173.572,"0",1538837
"CP16905","RRRG","KK","M","66891_1","PTT",2021-10-14 20:46:00,2021-10-31 19:51:17,23.114,3.748,-42.438,173.572,"0",1465517
"CP16905","RRRG","KK","M","66891_1","PTT",2021-10-14 00:24:00,2021-10-31 19:51:17,-35.662,NA,-42.438,173.572,"0",1538837
"CP16905","RRRG","KK","M","66891_1","PTT",2021-10-14 20:46:00,2021-10-31 19:51:17,-35.662,NA,-42.438,173.572,"0",1465517
"CP16905","RRRG","KK","M","66891_1","PTT",2021-10-14 00:24:00,2021-10-31 20:18:50,23.114,3.7401,-42.412,173.713,"1",1540490
"CP16905","RRRG","KK","M","66891_1","PTT",2021-10-14 20:46:00,2021-10-31 20:18:50,23.114,3.7401,-42.412,173.713,"1",1467170
"CP16905","RRRG","KK","M","66891_1","PTT",2021-10-14 00:24:00,2021-10-31 20:18:50,22.64,3.7322,-42.412,173.713,"1",1540490
"CP16905","RRRG","KK","M","66891_1","PTT",2021-10-14 20:46:00,2021-10-31 20:18:50,22.64,3.7322,-42.412,173.713,"1",1467170
"CP16905","RRRG","KK","M","66891_1","PTT",2021-10-14 00:24:00,2021-10-31 20:18:50,-35.662,NA,-42.412,173.713,"1",1540490
"CP16905","RRRG","KK","M","66891_1","PTT",2021-10-14 20:46:00,2021-10-31 20:18:50,-35.662,NA,-42.412,173.713,"1",1467170
"CP9068","RBRL","KK","F","66903","PTT",2021-10-03 19:06:00,2021-11-06 09:19:53,-35.662,NA,-42.413,173.658,"3",2902433
"CP9068","RBRL","KK","F","66903","PTT",2021-10-03 19:06:00,2021-11-11 16:20:00,27.38,3.7085,-42.412,173.662,"3",3359640
"CP9068","RBRL","KK","F","66903","PTT",2021-10-03 19:06:00,2021-11-11 16:20:00,-35.662,NA,-42.412,173.662,"3",3359640
"CP9068","RBRL","KK","F","66903","PTT",2021-10-03 19:06:00,2021-11-11 16:28:36,29.75,3.7085,-42.391,173.638,"1",3360156
"CP9068","RBRL","KK","F","66903","PTT",2021-10-03 19:06:00,2021-11-11 16:28:36,32.594,3.7006,-42.391,173.638,"1",3360156
"CP9068","RBRL","KK","F","66903","PTT",2021-10-03 19:06:00,2021-11-11 16:28:36,-35.662,NA,-42.391,173.638,"1",3360156
"CP16905","RRRG","KK","M","66891_1","PTT",2021-10-14 00:24:00,2021-11-12 08:55:34,29.75,3.7164,-42.386,173.679,"3",2536294
"CP16905","RRRG","KK","M","66891_1","PTT",2021-10-14 20:46:00,2021-11-12 08:55:34,29.75,3.7164,-42.386,173.679,"3",2462974
"CP16905","RRRG","KK","M","66891_1","PTT",2021-10-14 00:24:00,2021-11-12 08:55:34,29.75,3.7085,-42.386,173.679,"3",2536294
"CP16905","RRRG","KK","M","66891_1","PTT",2021-10-14 20:46:00,2021-11-12 08:55:34,29.75,3.7085,-42.386,173.679,"3",2462974
"CP16905","RRRG","KK","M","66891_1","PTT",2021-10-14 00:24:00,2021-11-12 08:55:34,29.276,3.7085,-42.386,173.679,"3",2536294
"CP16905","RRRG","KK","M","66891_1","PTT",2021-10-14 20:46:00,2021-11-12 08:55:34,29.276,3.7085,-42.386,173.679,"3",2462974
"CP16905","RRRG","KK","M","66891_1","PTT",2021-10-14 00:24:00,2021-11-12 08:55:34,-35.662,NA,-42.386,173.679,"3",2536294
"CP16905","RRRG","KK","M","66891_1","PTT",2021-10-14 20:46:00,2021-11-12 08:55:34,-35.662,NA,-42.386,173.679,"3",2462974
"CP16905","RRRG","KK","M","66891_1","PTT",2021-10-14 00:24:00,2021-11-12 15:59:10,31.646,3.7006,-42.384,173.675,"A",2561710
"CP16905","RRRG","KK","M","66891_1","PTT",2021-10-14 20:46:00,2021-11-12 15:59:10,31.646,3.7006,-42.384,173.675,"A",2488390
"CP16905","RRRG","KK","M","66891_1","PTT",2021-10-14 00:24:00,2021-11-12 15:59:10,-35.662,NA,-42.384,173.675,"A",2561710
"CP16905","RRRG","KK","M","66891_1","PTT",2021-10-14 20:46:00,2021-11-12 15:59:10,-35.662,NA,-42.384,173.675,"A",2488390
"CP16905","RRRG","KK","M","66891_1","PTT",2021-10-14 00:24:00,2021-11-12 16:04:26,-35.662,NA,-42.382,173.664,"A",2562026
"CP16905","RRRG","KK","M","66891_1","PTT",2021-10-14 20:46:00,2021-11-12 16:04:26,-35.662,NA,-42.382,173.664,"A",2488706
"CP9068","RBRL","KK","F","66903","PTT",2021-10-03 19:06:00,2021-11-13 08:34:41,26.432,3.7164,-42.415,173.673,"1",3504521
"CP9068","RBRL","KK","F","66903","PTT",2021-10-03 19:06:00,2021-11-13 08:34:41,26.432,3.7164,-42.415,173.673,"1",3504521
"CP9068","RBRL","KK","F","66903","PTT",2021-10-03 19:06:00,2021-11-13 08:34:41,-35.662,NA,-42.415,173.673,"1",3504521
"CP16905","RRRG","KK","M","66891_1","PTT",2021-10-14 00:24:00,2021-11-14 06:57:07,-35.662,NA,-42.393,173.662,"A",2701987
"CP16905","RRRG","KK","M","66891_1","PTT",2021-10-14 20:46:00,2021-11-14 06:57:07,-35.662,NA,-42.393,173.662,"A",2628667
"CP16905","RRRG","KK","M","66891_1","PTT",2021-10-14 00:24:00,2021-11-14 08:13:03,37.808,3.7322,-42.385,173.686,"2",2706543
"CP16905","RRRG","KK","M","66891_1","PTT",2021-10-14 20:46:00,2021-11-14 08:13:03,37.808,3.7322,-42.385,173.686,"2",2633223
"CP16905","RRRG","KK","M","66891_1","PTT",2021-10-14 00:24:00,2021-11-14 08:13:03,36.86,3.7322,-42.385,173.686,"2",2706543
"CP16905","RRRG","KK","M","66891_1","PTT",2021-10-14 20:46:00,2021-11-14 08:13:03,36.86,3.7322,-42.385,173.686,"2",2633223
"CP16905","RRRG","KK","M","66891_1","PTT",2021-10-14 00:24:00,2021-11-14 08:13:03,-35.662,NA,-42.385,173.686,"2",2706543
"CP16905","RRRG","KK","M","66891_1","PTT",2021-10-14 20:46:00,2021-11-14 08:13:03,-35.662,NA,-42.385,173.686,"2",2633223
"CP9068","RBRL","KK","F","66903","PTT",2021-10-03 19:06:00,2021-11-15 09:33:02,34.964,3.7401,-42.452,173.786,"A",3680822
"CP9068","RBRL","KK","F","66903","PTT",2021-10-03 19:06:00,2021-11-15 09:33:02,-35.662,NA,-42.452,173.786,"A",3680822
"CP16905","RRRG","KK","M","66891_1","PTT",2021-10-14 00:24:00,2021-11-15 16:05:11,26.906,3.7638,-42.352,173.6,"1",2821271
"CP16905","RRRG","KK","M","66891_1","PTT",2021-10-14 20:46:00,2021-11-15 16:05:11,26.906,3.7638,-42.352,173.6,"1",2747951
"CP16905","RRRG","KK","M","66891_1","PTT",2021-10-14 00:24:00,2021-11-15 16:05:11,-35.662,NA,-42.352,173.6,"1",2821271
"CP16905","RRRG","KK","M","66891_1","PTT",2021-10-14 20:46:00,2021-11-15 16:05:11,-35.662,NA,-42.352,173.6,"1",2747951
"CP16905","RRRG","KK","M","66891_1","PTT",2021-10-14 00:24:00,2021-11-15 16:53:59,27.38,3.7401,-42.384,173.692,"2",2824199
"CP16905","RRRG","KK","M","66891_1","PTT",2021-10-14 20:46:00,2021-11-15 16:53:59,27.38,3.7401,-42.384,173.692,"2",2750879
"CP16905","RRRG","KK","M","66891_1","PTT",2021-10-14 00:24:00,2021-11-15 16:53:59,-35.662,NA,-42.384,173.692,"2",2824199
"CP16905","RRRG","KK","M","66891_1","PTT",2021-10-14 20:46:00,2021-11-15 16:53:59,-35.662,NA,-42.384,173.692,"2",2750879
"CP16905","RRRG","KK","M","66891_1","PTT",2021-10-14 00:24:00,2021-11-15 17:45:26,19.796,3.7164,-42.451,173.719,"0",2827286
"CP16905","RRRG","KK","M","66891_1","PTT",2021-10-14 20:46:00,2021-11-15 17:45:26,19.796,3.7164,-42.451,173.719,"0",2753966
"CP16905","RRRG","KK","M","66891_1","PTT",2021-10-14 00:24:00,2021-11-15 17:45:26,-35.662,NA,-42.451,173.719,"0",2827286
"CP16905","RRRG","KK","M","66891_1","PTT",2021-10-14 20:46:00,2021-11-15 17:45:26,-35.662,NA,-42.451,173.719,"0",2753966
"CP16905","RRRG","KK","M","66891_1","PTT",2021-10-14 00:24:00,2021-11-15 17:45:52,-35.662,NA,-42.445,173.717,"B",2827312
"CP16905","RRRG","KK","M","66891_1","PTT",2021-10-14 20:46:00,2021-11-15 17:45:52,-35.662,NA,-42.445,173.717,"B",2753992
"CP9068","RBRL","KK","F","66903","PTT",2021-10-03 19:06:00,2021-11-15 16:05:03,37.808,3.7243,-42.414,173.663,"3",3704343
"CP9068","RBRL","KK","F","66903","PTT",2021-10-03 19:06:00,2021-11-15 16:05:03,-35.662,NA,-42.414,173.663,"3",3704343
"CP9068","RBRL","KK","F","66903","PTT",2021-10-03 19:06:00,2021-11-15 16:54:19,25.484,3.6927,-42.413,173.668,"3",3707299
"CP9068","RBRL","KK","F","66903","PTT",2021-10-03 19:06:00,2021-11-15 16:54:19,-35.662,NA,-42.413,173.668,"3",3707299
"CP16905","RRRG","KK","M","66891_1","PTT",2021-10-14 00:24:00,2021-11-16 09:13:58,-35.662,NA,-42.293,173.672,"0",2882998
"CP16905","RRRG","KK","M","66891_1","PTT",2021-10-14 20:46:00,2021-11-16 09:13:58,-35.662,NA,-42.293,173.672,"0",2809678
"CP16905","RRRG","KK","M","66891_1","PTT",2021-10-14 00:24:00,2021-11-16 09:13:58,41.6,3.7796,-42.293,173.672,"0",2882998
"CP16905","RRRG","KK","M","66891_1","PTT",2021-10-14 20:46:00,2021-11-16 09:13:58,41.6,3.7796,-42.293,173.672,"0",2809678
"CP9068","RBRL","KK","F","66903","PTT",2021-10-03 19:06:00,2021-11-16 05:59:12,37.808,3.7559,-42.408,173.653,"1",3754392
"CP9068","RBRL","KK","F","66903","PTT",2021-10-03 19:06:00,2021-11-16 05:59:12,-35.662,NA,-42.408,173.653,"1",3754392
"CP9068","RBRL","KK","F","66903","PTT",2021-10-03 19:06:00,2021-11-16 05:56:17,37.334,3.7559,-42.432,173.58,"0",3754217
"CP9068","RBRL","KK","F","66903","PTT",2021-10-03 19:06:00,2021-11-16 05:56:17,37.808,3.7559,-42.432,173.58,"0",3754217
"CP9068","RBRL","KK","F","66903","PTT",2021-10-03 19:06:00,2021-11-16 05:56:17,-35.662,NA,-42.432,173.58,"0",3754217
"CP9068","RBRL","KK","F","66903","PTT",2021-10-03 19:06:00,2021-11-16 06:52:09,37.808,3.7559,-42.556,173.641,"0",3757569
"CP9068","RBRL","KK","F","66903","PTT",2021-10-03 19:06:00,2021-11-16 06:52:09,-35.662,NA,-42.556,173.641,"0",3757569
"CP9068","RBRL","KK","F","66903","PTT",2021-10-03 19:06:00,2021-11-16 07:32:32,42.548,3.7717,-42.428,173.618,"1",3759992
"CP9068","RBRL","KK","F","66903","PTT",2021-10-03 19:06:00,2021-11-16 07:32:32,-35.662,NA,-42.428,173.618,"1",3759992
"CP9068","RBRL","KK","F","66903","PTT",2021-10-03 19:06:00,2021-11-16 09:12:15,34.49,3.7559,-42.445,173.567,"0",3765975
"CP9068","RBRL","KK","F","66903","PTT",2021-10-03 19:06:00,2021-11-16 09:12:15,-35.662,NA,-42.445,173.567,"0",3765975
"CP16905","RRRG","KK","M","66891_1","PTT",2021-10-14 00:24:00,2021-11-16 15:35:21,-35.662,NA,-42.397,173.624,"A",2905881
"CP16905","RRRG","KK","M","66891_1","PTT",2021-10-14 20:46:00,2021-11-16 15:35:21,-35.662,NA,-42.397,173.624,"A",2832561
"CP16905","RRRG","KK","M","66891_1","PTT",2021-10-14 00:24:00,2021-11-16 16:38:53,26.432,3.7164,-42.333,173.493,"0",2909693
"CP16905","RRRG","KK","M","66891_1","PTT",2021-10-14 20:46:00,2021-11-16 16:38:53,26.432,3.7164,-42.333,173.493,"0",2836373
"CP16905","RRRG","KK","M","66891_1","PTT",2021-10-14 00:24:00,2021-11-16 16:38:53,25.484,3.7164,-42.333,173.493,"0",2909693
"CP16905","RRRG","KK","M","66891_1","PTT",2021-10-14 20:46:00,2021-11-16 16:38:53,25.484,3.7164,-42.333,173.493,"0",2836373
"CP16905","RRRG","KK","M","66891_1","PTT",2021-10-14 00:24:00,2021-11-16 16:38:53,-35.662,NA,-42.333,173.493,"0",2909693
"CP16905","RRRG","KK","M","66891_1","PTT",2021-10-14 20:46:00,2021-11-16 16:38:53,-35.662,NA,-42.333,173.493,"0",2836373
"CP16905","RRRG","KK","M","66891_1","PTT",2021-10-14 00:24:00,2021-11-16 17:12:46,-35.662,NA,-42.399,173.521,"B",2911726
"CP16905","RRRG","KK","M","66891_1","PTT",2021-10-14 20:46:00,2021-11-16 17:12:46,-35.662,NA,-42.399,173.521,"B",2838406
"CP16905","RRRG","KK","M","66891_1","PTT",2021-10-14 00:24:00,2021-11-16 17:12:46,25.484,3.6769,-42.399,173.521,"B",2911726
"CP16905","RRRG","KK","M","66891_1","PTT",2021-10-14 20:46:00,2021-11-16 17:12:46,25.484,3.6769,-42.399,173.521,"B",2838406
"CP16905","RRRG","KK","M","66891_1","PTT",2021-10-14 00:24:00,2021-11-17 06:41:59,28.328,3.7559,-42.351,173.72,"1",2960279
"CP16905","RRRG","KK","M","66891_1","PTT",2021-10-14 20:46:00,2021-11-17 06:41:59,28.328,3.7559,-42.351,173.72,"1",2886959
"CP16905","RRRG","KK","M","66891_1","PTT",2021-10-14 00:24:00,2021-11-17 06:41:59,-35.662,NA,-42.351,173.72,"1",2960279
"CP16905","RRRG","KK","M","66891_1","PTT",2021-10-14 20:46:00,2021-11-17 06:41:59,-35.662,NA,-42.351,173.72,"1",2886959
"CP16905","RRRG","KK","M","66891_1","PTT",2021-10-14 00:24:00,2021-11-17 07:03:56,-35.662,NA,-42.366,173.712,"B",2961596
"CP16905","RRRG","KK","M","66891_1","PTT",2021-10-14 20:46:00,2021-11-17 07:03:56,-35.662,NA,-42.366,173.712,"B",2888276
"CP16905","RRRG","KK","M","66891_1","PTT",2021-10-14 00:24:00,2021-11-17 07:11:00,-35.662,NA,-42.364,173.696,"B",2962020
"CP16905","RRRG","KK","M","66891_1","PTT",2021-10-14 20:46:00,2021-11-17 07:11:00,-35.662,NA,-42.364,173.696,"B",2888700
"CP16905","RRRG","KK","M","66891_1","PTT",2021-10-14 00:24:00,2021-11-17 07:11:00,29.75,3.8033,-42.364,173.696,"B",2962020
"CP16905","RRRG","KK","M","66891_1","PTT",2021-10-14 20:46:00,2021-11-17 07:11:00,29.75,3.8033,-42.364,173.696,"B",2888700
"CP16905","RRRG","KK","M","66891_1","PTT",2021-10-14 00:24:00,2021-11-17 08:51:21,25.958,3.8112,-42.398,173.717,"1",2968041
"CP16905","RRRG","KK","M","66891_1","PTT",2021-10-14 20:46:00,2021-11-17 08:51:21,25.958,3.8112,-42.398,173.717,"1",2894721
"CP16905","RRRG","KK","M","66891_1","PTT",2021-10-14 00:24:00,2021-11-17 08:51:21,28.328,3.8112,-42.398,173.717,"1",2968041
"CP16905","RRRG","KK","M","66891_1","PTT",2021-10-14 20:46:00,2021-11-17 08:51:21,28.328,3.8112,-42.398,173.717,"1",2894721
"CP16905","RRRG","KK","M","66891_1","PTT",2021-10-14 00:24:00,2021-11-17 08:51:21,-35.662,NA,-42.398,173.717,"1",2968041
"CP16905","RRRG","KK","M","66891_1","PTT",2021-10-14 20:46:00,2021-11-17 08:51:21,-35.662,NA,-42.398,173.717,"1",2894721
"CP9068","RBRL","KK","F","66903","PTT",2021-10-03 19:06:00,2021-11-17 05:02:59,-35.662,NA,-42.45,173.089,"B",3837419
"CP9068","RBRL","KK","F","66903","PTT",2021-10-03 19:06:00,2021-11-17 05:02:59,25.484,3.7164,-42.45,173.089,"B",3837419
"CP9068","RBRL","KK","F","66903","PTT",2021-10-03 19:06:00,2021-11-17 05:24:48,34.964,3.7243,-42.413,173.725,"0",3838728
"CP9068","RBRL","KK","F","66903","PTT",2021-10-03 19:06:00,2021-11-17 05:24:48,-35.662,NA,-42.413,173.725,"0",3838728
"CP9068","RBRL","KK","F","66903","PTT",2021-10-03 19:06:00,2021-11-17 06:41:27,37.334,3.7243,-42.412,173.684,"1",3843327
"CP9068","RBRL","KK","F","66903","PTT",2021-10-03 19:06:00,2021-11-17 06:41:27,-35.662,NA,-42.412,173.684,"1",3843327
"CP9068","RBRL","KK","F","66903","PTT",2021-10-03 19:06:00,2021-11-17 07:12:43,-35.662,NA,-42.398,173.682,"B",3845203
"CP9068","RBRL","KK","F","66903","PTT",2021-10-03 19:06:00,2021-11-17 08:50:52,38.282,3.7006,-42.413,173.68,"2",3851092
"CP9068","RBRL","KK","F","66903","PTT",2021-10-03 19:06:00,2021-11-17 08:50:52,-35.662,NA,-42.413,173.68,"2",3851092
"CP9068","RBRL","KK","F","66903","PTT",2021-10-03 19:06:00,2021-11-17 08:50:52,36.86,3.6927,-42.413,173.68,"2",3851092
"CP16905","RRRG","KK","M","66891_1","PTT",2021-10-14 00:24:00,2021-11-17 16:45:11,21.692,3.7243,-42.404,173.806,"0",2996471
"CP16905","RRRG","KK","M","66891_1","PTT",2021-10-14 20:46:00,2021-11-17 16:45:11,21.692,3.7243,-42.404,173.806,"0",2923151
"CP16905","RRRG","KK","M","66891_1","PTT",2021-10-14 00:24:00,2021-11-17 16:45:11,-35.662,NA,-42.404,173.806,"0",2996471
"CP16905","RRRG","KK","M","66891_1","PTT",2021-10-14 20:46:00,2021-11-17 16:45:11,-35.662,NA,-42.404,173.806,"0",2923151
"CP9068","RBRL","KK","F","66903","PTT",2021-10-03 19:06:00,2021-11-17 16:42:15,28.802,3.7322,-42.399,173.583,"0",3879375
"CP9068","RBRL","KK","F","66903","PTT",2021-10-03 19:06:00,2021-11-17 16:42:15,-35.662,NA,-42.399,173.583,"0",3879375
"CP16905","RRRG","KK","M","66891_1","PTT",2021-10-14 00:24:00,2021-11-18 06:30:25,28.802,3.7243,-42.384,173.701,"2",3045985
"CP16905","RRRG","KK","M","66891_1","PTT",2021-10-14 20:46:00,2021-11-18 06:30:25,28.802,3.7243,-42.384,173.701,"2",2972665
"CP16905","RRRG","KK","M","66891_1","PTT",2021-10-14 00:24:00,2021-11-18 06:30:25,30.224,3.7164,-42.384,173.701,"2",3045985
"CP16905","RRRG","KK","M","66891_1","PTT",2021-10-14 20:46:00,2021-11-18 06:30:25,30.224,3.7164,-42.384,173.701,"2",2972665
"CP16905","RRRG","KK","M","66891_1","PTT",2021-10-14 00:24:00,2021-11-18 06:30:25,-35.662,NA,-42.384,173.701,"2",3045985
"CP16905","RRRG","KK","M","66891_1","PTT",2021-10-14 20:46:00,2021-11-18 06:30:25,-35.662,NA,-42.384,173.701,"2",2972665
"CP16905","RRRG","KK","M","66891_1","PTT",2021-10-14 00:24:00,2021-11-18 06:32:31,30.224,3.7164,-42.378,173.677,"1",3046111
"CP16905","RRRG","KK","M","66891_1","PTT",2021-10-14 20:46:00,2021-11-18 06:32:31,30.224,3.7164,-42.378,173.677,"1",2972791
"CP16905","RRRG","KK","M","66891_1","PTT",2021-10-14 00:24:00,2021-11-18 06:32:31,-35.662,NA,-42.378,173.677,"1",3046111
"CP16905","RRRG","KK","M","66891_1","PTT",2021-10-14 20:46:00,2021-11-18 06:32:31,-35.662,NA,-42.378,173.677,"1",2972791
"CP9068","RBRL","KK","F","66903","PTT",2021-10-03 19:06:00,2021-11-18 06:30:05,31.172,3.7164,-42.445,173.679,"0",3929045
"CP9068","RBRL","KK","F","66903","PTT",2021-10-03 19:06:00,2021-11-18 06:30:05,-35.662,NA,-42.445,173.679,"0",3929045
"CP9068","RBRL","KK","F","66903","PTT",2021-10-03 19:06:00,2021-11-18 06:30:05,34.964,3.7322,-42.445,173.679,"0",3929045
"CP9068","RBRL","KK","F","66903","PTT",2021-10-03 19:06:00,2021-11-18 06:32:34,34.964,3.7322,-42.49,173.63,"A",3929194
"CP9068","RBRL","KK","F","66903","PTT",2021-10-03 19:06:00,2021-11-18 06:32:34,-35.662,NA,-42.49,173.63,"A",3929194
"CP9068","RBRL","KK","F","66903","PTT",2021-10-03 19:06:00,2021-11-18 08:31:36,35.912,3.7085,-42.422,173.742,"1",3936336
"CP9068","RBRL","KK","F","66903","PTT",2021-10-03 19:06:00,2021-11-18 08:31:36,-35.662,NA,-42.422,173.742,"1",3936336
"CP16905","RRRG","KK","M","66891_1","PTT",2021-10-14 00:24:00,2021-11-18 16:10:36,-35.662,NA,-42.305,173.734,"A",3080796
"CP16905","RRRG","KK","M","66891_1","PTT",2021-10-14 20:46:00,2021-11-18 16:10:36,-35.662,NA,-42.305,173.734,"A",3007476
"CP16905","RRRG","KK","M","66891_1","PTT",2021-10-14 00:24:00,2021-11-19 08:10:56,35.912,3.7164,-42.399,173.709,"1",3138416
"CP16905","RRRG","KK","M","66891_1","PTT",2021-10-14 20:46:00,2021-11-19 08:10:56,35.912,3.7164,-42.399,173.709,"1",3065096
"CP16905","RRRG","KK","M","66891_1","PTT",2021-10-14 00:24:00,2021-11-19 08:10:56,34.49,3.7164,-42.399,173.709,"1",3138416
"CP16905","RRRG","KK","M","66891_1","PTT",2021-10-14 20:46:00,2021-11-19 08:10:56,34.49,3.7164,-42.399,173.709,"1",3065096
"CP16905","RRRG","KK","M","66891_1","PTT",2021-10-14 00:24:00,2021-11-19 08:10:56,-35.662,NA,-42.399,173.709,"1",3138416
"CP16905","RRRG","KK","M","66891_1","PTT",2021-10-14 20:46:00,2021-11-19 08:10:56,-35.662,NA,-42.399,173.709,"1",3065096
"CP9068","RBRL","KK","F","66903","PTT",2021-10-03 19:06:00,2021-11-19 06:02:40,42.548,3.7796,-42.422,173.601,"1",4013800
"CP9068","RBRL","KK","F","66903","PTT",2021-10-03 19:06:00,2021-11-19 06:02:40,-35.662,NA,-42.422,173.601,"1",4013800
"CP9068","RBRL","KK","F","66903","PTT",2021-10-03 19:06:00,2021-11-19 06:18:31,32.594,3.7638,-42.42,173.707,"2",4014751
"CP9068","RBRL","KK","F","66903","PTT",2021-10-03 19:06:00,2021-11-19 06:18:31,31.646,3.7559,-42.42,173.707,"2",4014751
"CP9068","RBRL","KK","F","66903","PTT",2021-10-03 19:06:00,2021-11-19 06:18:31,-35.662,NA,-42.42,173.707,"2",4014751
"CP9068","RBRL","KK","F","66903","PTT",2021-10-03 19:06:00,2021-11-19 08:10:06,36.86,3.8112,-42.401,173.584,"0",4021446
"CP9068","RBRL","KK","F","66903","PTT",2021-10-03 19:06:00,2021-11-19 08:10:06,-35.662,NA,-42.401,173.584,"0",4021446
"CP9068","RBRL","KK","F","66903","PTT",2021-10-03 19:06:00,2021-11-19 08:10:06,35.912,3.8033,-42.401,173.584,"0",4021446
"CP9068","RBRL","KK","F","66903","PTT",2021-10-03 19:06:00,2021-11-19 09:53:23,-35.662,NA,-42.419,173.577,"B",4027643
"CP16905","RRRG","KK","M","66891_1","PTT",2021-10-14 00:24:00,2021-11-19 15:41:04,31.172,3.7085,-42.358,173.674,"B",3165424
"CP16905","RRRG","KK","M","66891_1","PTT",2021-10-14 20:46:00,2021-11-19 15:41:04,31.172,3.7085,-42.358,173.674,"B",3092104
"CP16905","RRRG","KK","M","66891_1","PTT",2021-10-14 00:24:00,2021-11-19 15:41:04,-35.662,NA,-42.358,173.674,"B",3165424
"CP16905","RRRG","KK","M","66891_1","PTT",2021-10-14 20:46:00,2021-11-19 15:41:04,-35.662,NA,-42.358,173.674,"B",3092104
"CP16905","RRRG","KK","M","66891_1","PTT",2021-10-14 00:24:00,2021-11-20 07:50:28,35.438,3.7243,-42.375,173.688,"1",3223588
"CP16905","RRRG","KK","M","66891_1","PTT",2021-10-14 20:46:00,2021-11-20 07:50:28,35.438,3.7243,-42.375,173.688,"1",3150268
"CP16905","RRRG","KK","M","66891_1","PTT",2021-10-14 00:24:00,2021-11-20 07:50:28,-35.662,NA,-42.375,173.688,"1",3223588
"CP16905","RRRG","KK","M","66891_1","PTT",2021-10-14 20:46:00,2021-11-20 07:50:28,-35.662,NA,-42.375,173.688,"1",3150268
"CP16905","RRRG","KK","M","66891_1","PTT",2021-10-14 00:24:00,2021-11-20 09:29:17,37.334,3.7401,-42.41,173.557,"0",3229517
"CP16905","RRRG","KK","M","66891_1","PTT",2021-10-14 20:46:00,2021-11-20 09:29:17,37.334,3.7401,-42.41,173.557,"0",3156197
"CP16905","RRRG","KK","M","66891_1","PTT",2021-10-14 00:24:00,2021-11-20 09:29:17,36.86,3.7401,-42.41,173.557,"0",3229517
"CP16905","RRRG","KK","M","66891_1","PTT",2021-10-14 20:46:00,2021-11-20 09:29:17,36.86,3.7401,-42.41,173.557,"0",3156197
"CP16905","RRRG","KK","M","66891_1","PTT",2021-10-14 00:24:00,2021-11-20 09:29:17,-35.662,NA,-42.41,173.557,"0",3229517
"CP16905","RRRG","KK","M","66891_1","PTT",2021-10-14 20:46:00,2021-11-20 09:29:17,-35.662,NA,-42.41,173.557,"0",3156197
"CP9068","RBRL","KK","F","66903","PTT",2021-10-03 19:06:00,2021-11-20 06:09:06,41.126,3.7559,-42.304,173.079,"0",4100586
"CP9068","RBRL","KK","F","66903","PTT",2021-10-03 19:06:00,2021-11-20 06:09:06,-35.662,NA,-42.304,173.079,"0",4100586
"CP9068","RBRL","KK","F","66903","PTT",2021-10-03 19:06:00,2021-11-20 07:50:01,34.016,3.7164,-42.41,173.656,"1",4106641
"CP9068","RBRL","KK","F","66903","PTT",2021-10-03 19:06:00,2021-11-20 07:50:01,-35.662,NA,-42.41,173.656,"1",4106641
"CP9068","RBRL","KK","F","66903","PTT",2021-10-03 19:06:00,2021-11-20 08:38:00,-35.662,NA,-42.346,173.054,"B",4109520
"CP16905","RRRG","KK","M","66891_1","PTT",2021-10-14 00:24:00,2021-11-22 07:09:09,31.646,3.7164,-42.369,173.749,"A",3393909
"CP16905","RRRG","KK","M","66891_1","PTT",2021-10-14 20:46:00,2021-11-22 07:09:09,31.646,3.7164,-42.369,173.749,"A",3320589
"CP16905","RRRG","KK","M","66891_1","PTT",2021-10-14 00:24:00,2021-11-22 07:09:09,-35.662,NA,-42.369,173.749,"A",3393909
"CP16905","RRRG","KK","M","66891_1","PTT",2021-10-14 20:46:00,2021-11-22 07:09:09,-35.662,NA,-42.369,173.749,"A",3320589
"CP16905","RRRG","KK","M","66891_1","PTT",2021-10-14 00:24:00,2021-11-22 08:48:36,30.698,3.7006,-42.353,173.61,"0",3399876
"CP16905","RRRG","KK","M","66891_1","PTT",2021-10-14 20:46:00,2021-11-22 08:48:36,30.698,3.7006,-42.353,173.61,"0",3326556
"CP16905","RRRG","KK","M","66891_1","PTT",2021-10-14 00:24:00,2021-11-22 08:48:36,25.958,3.7164,-42.353,173.61,"0",3399876
"CP16905","RRRG","KK","M","66891_1","PTT",2021-10-14 20:46:00,2021-11-22 08:48:36,25.958,3.7164,-42.353,173.61,"0",3326556
"CP16905","RRRG","KK","M","66891_1","PTT",2021-10-14 00:24:00,2021-11-22 08:48:36,-35.662,NA,-42.353,173.61,"0",3399876
"CP16905","RRRG","KK","M","66891_1","PTT",2021-10-14 20:46:00,2021-11-22 08:48:36,-35.662,NA,-42.353,173.61,"0",3326556
"CP9068","RBRL","KK","F","66903","PTT",2021-10-03 19:06:00,2021-11-22 05:42:56,39.23,3.748,-42.414,173.702,"0",4271816
"CP9068","RBRL","KK","F","66903","PTT",2021-10-03 19:06:00,2021-11-22 05:42:56,-35.662,NA,-42.414,173.702,"0",4271816
"CP9068","RBRL","KK","F","66903","PTT",2021-10-03 19:06:00,2021-11-22 08:48:31,32.12,3.7717,-42.405,173.682,"1",4282951
"CP9068","RBRL","KK","F","66903","PTT",2021-10-03 19:06:00,2021-11-22 08:48:31,30.224,3.7796,-42.405,173.682,"1",4282951
"CP9068","RBRL","KK","F","66903","PTT",2021-10-03 19:06:00,2021-11-22 08:48:31,-35.662,NA,-42.405,173.682,"1",4282951
"CP16905","RRRG","KK","M","66891_1","PTT",2021-10-14 00:24:00,2021-11-24 06:59:11,31.646,3.7164,-42.388,173.628,"0",3566111
"CP16905","RRRG","KK","M","66891_1","PTT",2021-10-14 20:46:00,2021-11-24 06:59:11,31.646,3.7164,-42.388,173.628,"0",3492791
"CP16905","RRRG","KK","M","66891_1","PTT",2021-10-14 00:24:00,2021-11-24 06:59:11,-35.662,NA,-42.388,173.628,"0",3566111
"CP16905","RRRG","KK","M","66891_1","PTT",2021-10-14 20:46:00,2021-11-24 06:59:11,-35.662,NA,-42.388,173.628,"0",3492791
"CP16905","RRRG","KK","M","66891_1","PTT",2021-10-14 00:24:00,2021-11-24 08:07:20,34.016,3.7085,-42.403,173.781,"0",3570200
"CP16905","RRRG","KK","M","66891_1","PTT",2021-10-14 20:46:00,2021-11-24 08:07:20,34.016,3.7085,-42.403,173.781,"0",3496880
"CP16905","RRRG","KK","M","66891_1","PTT",2021-10-14 00:24:00,2021-11-24 08:07:20,29.276,3.7164,-42.403,173.781,"0",3570200
"CP16905","RRRG","KK","M","66891_1","PTT",2021-10-14 20:46:00,2021-11-24 08:07:20,29.276,3.7164,-42.403,173.781,"0",3496880
"CP16905","RRRG","KK","M","66891_1","PTT",2021-10-14 00:24:00,2021-11-24 08:07:20,-35.662,NA,-42.403,173.781,"0",3570200
"CP16905","RRRG","KK","M","66891_1","PTT",2021-10-14 20:46:00,2021-11-24 08:07:20,-35.662,NA,-42.403,173.781,"0",3496880
"CP9068","RBRL","KK","F","66903","PTT",2021-10-03 19:06:00,2021-11-24 06:45:11,42.074,3.7717,-42.425,173.596,"1",4448351
"CP9068","RBRL","KK","F","66903","PTT",2021-10-03 19:06:00,2021-11-24 06:45:11,-35.662,NA,-42.425,173.596,"1",4448351
"CP9068","RBRL","KK","F","66903","PTT",2021-10-03 19:06:00,2021-11-24 07:00:12,38.282,3.7717,-42.487,173.728,"0",4449252
"CP9068","RBRL","KK","F","66903","PTT",2021-10-03 19:06:00,2021-11-24 07:00:12,-35.662,NA,-42.487,173.728,"0",4449252
"CP9068","RBRL","KK","F","66903","PTT",2021-10-03 19:06:00,2021-11-24 07:00:12,36.86,3.7796,-42.487,173.728,"0",4449252
"CP9068","RBRL","KK","F","66903","PTT",2021-10-03 19:06:00,2021-11-24 08:07:13,39.23,3.7717,-42.392,173.565,"0",4453273
"CP9068","RBRL","KK","F","66903","PTT",2021-10-03 19:06:00,2021-11-24 08:07:13,35.438,3.7717,-42.392,173.565,"0",4453273
"CP9068","RBRL","KK","F","66903","PTT",2021-10-03 19:06:00,2021-11-24 08:07:13,-35.662,NA,-42.392,173.565,"0",4453273
"CP16905","RRRG","KK","M","66891_1","PTT",2021-10-14 00:24:00,2021-11-24 16:24:06,27.854,3.7085,-42.385,173.689,"1",3600006
"CP16905","RRRG","KK","M","66891_1","PTT",2021-10-14 20:46:00,2021-11-24 16:24:06,27.854,3.7085,-42.385,173.689,"1",3526686
"CP16905","RRRG","KK","M","66891_1","PTT",2021-10-14 00:24:00,2021-11-24 16:24:06,27.854,3.7164,-42.385,173.689,"1",3600006
"CP16905","RRRG","KK","M","66891_1","PTT",2021-10-14 20:46:00,2021-11-24 16:24:06,27.854,3.7164,-42.385,173.689,"1",3526686
"CP16905","RRRG","KK","M","66891_1","PTT",2021-10-14 00:24:00,2021-11-24 16:24:06,-35.662,NA,-42.385,173.689,"1",3600006
"CP16905","RRRG","KK","M","66891_1","PTT",2021-10-14 20:46:00,2021-11-24 16:24:06,-35.662,NA,-42.385,173.689,"1",3526686
"CP9068","RBRL","KK","F","66903","PTT",2021-10-03 19:06:00,2021-11-24 16:24:05,28.328,3.7638,-42.409,173.627,"1",4483085
"CP9068","RBRL","KK","F","66903","PTT",2021-10-03 19:06:00,2021-11-24 16:24:05,-35.662,NA,-42.409,173.627,"1",4483085
"CP9068","RBRL","KK","F","66903","PTT",2021-10-03 19:06:00,2021-11-24 16:24:05,27.38,3.7638,-42.409,173.627,"1",4483085
"CP16905","RRRG","KK","M","66891_1","PTT",2021-10-14 00:24:00,2021-11-25 08:33:45,-35.662,NA,-42.393,173.686,"B",3658185
"CP16905","RRRG","KK","M","66891_1","PTT",2021-10-14 20:46:00,2021-11-25 08:33:45,-35.662,NA,-42.393,173.686,"B",3584865
"CP9068","RBRL","KK","F","66903","PTT",2021-10-03 19:06:00,2021-11-25 06:14:28,38.282,3.7401,-42.392,173.777,"1",4532908
"CP9068","RBRL","KK","F","66903","PTT",2021-10-03 19:06:00,2021-11-25 06:14:28,-35.662,NA,-42.392,173.777,"1",4532908
"CP9068","RBRL","KK","F","66903","PTT",2021-10-03 19:06:00,2021-11-25 06:48:16,34.016,3.7243,-42.412,173.664,"2",4534936
"CP9068","RBRL","KK","F","66903","PTT",2021-10-03 19:06:00,2021-11-25 06:48:16,-35.662,NA,-42.412,173.664,"2",4534936
"CP9068","RBRL","KK","F","66903","PTT",2021-10-03 19:06:00,2021-11-25 07:44:36,38.756,3.7243,-42.421,173.706,"0",4538316
"CP9068","RBRL","KK","F","66903","PTT",2021-10-03 19:06:00,2021-11-25 07:44:36,-35.662,NA,-42.421,173.706,"0",4538316
"CP9068","RBRL","KK","F","66903","PTT",2021-10-03 19:06:00,2021-11-25 07:44:36,40.652,3.7243,-42.421,173.706,"0",4538316
"CP9068","RBRL","KK","F","66903","PTT",2021-10-03 19:06:00,2021-11-25 08:33:48,-35.662,NA,-42.365,173.685,"B",4541268
"CP9068","RBRL","KK","F","66903","PTT",2021-10-03 19:06:00,2021-11-25 09:27:14,-35.662,NA,-42.321,173.486,"B",4544474
"CP16905","RRRG","KK","M","66891_1","PTT",2021-10-14 00:24:00,2021-11-26 08:14:14,32.12,3.7085,-42.415,173.784,"B",3743414
"CP16905","RRRG","KK","M","66891_1","PTT",2021-10-14 20:46:00,2021-11-26 08:14:14,32.12,3.7085,-42.415,173.784,"B",3670094
"CP9068","RBRL","KK","F","66903","PTT",2021-10-03 19:06:00,2021-11-26 06:36:50,42.074,3.7559,-42.379,173.681,"0",4620650
"CP9068","RBRL","KK","F","66903","PTT",2021-10-03 19:06:00,2021-11-26 06:36:50,41.126,3.7638,-42.379,173.681,"0",4620650
"CP9068","RBRL","KK","F","66903","PTT",2021-10-03 19:06:00,2021-11-26 06:36:50,-35.662,NA,-42.379,173.681,"0",4620650
"CP9068","RBRL","KK","F","66903","PTT",2021-10-03 19:06:00,2021-11-26 07:25:12,35.912,3.7243,-42.471,173.747,"0",4623552
"CP9068","RBRL","KK","F","66903","PTT",2021-10-03 19:06:00,2021-11-26 07:25:12,-35.662,NA,-42.471,173.747,"0",4623552
"CP9068","RBRL","KK","F","66903","PTT",2021-10-03 19:06:00,2021-11-26 08:12:19,35.438,3.7164,-42.498,173.766,"B",4626379
"CP9068","RBRL","KK","F","66903","PTT",2021-10-03 19:06:00,2021-11-26 09:06:08,48.71,3.7164,-42.377,173.76,"0",4629608
"CP9068","RBRL","KK","F","66903","PTT",2021-10-03 19:06:00,2021-11-26 09:06:08,-35.662,NA,-42.377,173.76,"0",4629608
"CP9068","RBRL","KK","F","66903","PTT",2021-10-03 19:06:00,2021-11-26 17:01:40,28.328,3.8191,-42.41,173.646,"1",4658140
"CP9068","RBRL","KK","F","66903","PTT",2021-10-03 19:06:00,2021-11-26 17:01:40,29.276,3.8191,-42.41,173.646,"1",4658140
"CP9068","RBRL","KK","F","66903","PTT",2021-10-03 19:06:00,2021-11-26 17:01:40,-35.662,NA,-42.41,173.646,"1",4658140
"CP9068","RBRL","KK","F","66903","PTT",2021-10-03 19:06:00,2021-11-26 17:01:40,32.12,3.8112,-42.41,173.646,"1",4658140
"CP9068","RBRL","KK","F","66903","PTT",2021-10-03 19:06:00,2021-11-26 18:57:15,20.744,3.7559,-42.39,173.712,"1",4665075
"CP9068","RBRL","KK","F","66903","PTT",2021-10-03 19:06:00,2021-11-26 18:57:15,-35.662,NA,-42.39,173.712,"1",4665075
"CP9068","RBRL","KK","F","66903","PTT",2021-10-03 19:06:00,2021-11-26 20:38:05,-35.662,NA,-42.42,173.715,"A",4671125
"CP9068","RBRL","KK","F","66903","PTT",2021-10-03 19:06:00,2021-11-26 21:22:56,27.38,3.6769,-42.422,173.723,"3",4673816
"CP9068","RBRL","KK","F","66903","PTT",2021-10-03 19:06:00,2021-11-26 21:22:56,-35.662,NA,-42.422,173.723,"3",4673816
"CP16905","RRRG","KK","M","66891_1","PTT",2021-10-14 00:24:00,2021-11-28 08:25:26,20.27,3.7401,-42.489,174.213,"0",3916886
"CP16905","RRRG","KK","M","66891_1","PTT",2021-10-14 20:46:00,2021-11-28 08:25:26,20.27,3.7401,-42.489,174.213,"0",3843566
"CP16905","RRRG","KK","M","66891_1","PTT",2021-10-14 00:24:00,2021-11-28 08:25:26,22.166,3.7401,-42.489,174.213,"0",3916886
"CP16905","RRRG","KK","M","66891_1","PTT",2021-10-14 20:46:00,2021-11-28 08:25:26,22.166,3.7401,-42.489,174.213,"0",3843566
"CP16905","RRRG","KK","M","66891_1","PTT",2021-10-14 00:24:00,2021-11-28 08:25:26,-35.662,NA,-42.489,174.213,"0",3916886
"CP16905","RRRG","KK","M","66891_1","PTT",2021-10-14 20:46:00,2021-11-28 08:25:26,-35.662,NA,-42.489,174.213,"0",3843566
"CP9068","RBRL","KK","F","66903","PTT",2021-10-03 19:06:00,2021-11-28 15:59:32,-35.662,NA,-42.419,173.675,"2",4827212
"CP9068","RBRL","KK","F","66903","PTT",2021-10-03 19:06:00,2021-11-28 15:59:32,32.594,3.7243,-42.419,173.675,"2",4827212
"CP9068","RBRL","KK","F","66903","PTT",2021-10-03 19:06:00,2021-11-29 09:44:44,-35.662,NA,-42.224,173.464,"B",4891124
"CP9068","RBRL","KK","F","66903","PTT",2021-10-03 19:06:00,2021-11-29 09:44:44,43.022,3.7243,-42.224,173.464,"B",4891124
"CP9068","RBRL","KK","F","66903","PTT",2021-10-03 19:06:00,2021-11-30 06:57:58,30.224,3.7401,-42.406,173.675,"A",4967518
"CP9068","RBRL","KK","F","66903","PTT",2021-10-03 19:06:00,2021-11-30 06:57:58,-35.662,NA,-42.406,173.675,"A",4967518
"CP9068","RBRL","KK","F","66903","PTT",2021-10-03 19:06:00,2021-11-30 07:43:03,33.068,3.7243,-42.41,173.655,"3",4970223
"CP9068","RBRL","KK","F","66903","PTT",2021-10-03 19:06:00,2021-11-30 07:43:03,32.12,3.7243,-42.41,173.655,"3",4970223
"CP9068","RBRL","KK","F","66903","PTT",2021-10-03 19:06:00,2021-11-30 07:43:03,-35.662,NA,-42.41,173.655,"3",4970223
"CP9068","RBRL","KK","F","66903","PTT",2021-10-03 19:06:00,2021-11-30 08:31:03,-35.662,NA,-42.422,173.687,"B",4973103
"CP9068","RBRL","KK","F","66903","PTT",2021-10-03 19:06:00,2021-11-30 08:31:03,25.484,3.7164,-42.422,173.687,"B",4973103
"CP9068","RBRL","KK","F","66903","PTT",2021-10-03 19:06:00,2021-11-30 09:22:49,-35.662,NA,-42.37,173.614,"B",4976209
"CP9068","RBRL","KK","F","66903","PTT",2021-10-03 19:06:00,2021-12-03 08:21:45,36.86,3.7401,-42.394,173.585,"1",5231745
"CP9068","RBRL","KK","F","66903","PTT",2021-10-03 19:06:00,2021-12-03 08:21:45,-35.662,NA,-42.394,173.585,"1",5231745
"CP9068","RBRL","KK","F","66903","PTT",2021-10-03 19:06:00,2021-12-03 08:21:45,36.86,3.7401,-42.394,173.585,"1",5231745
"CP9068","RBRL","KK","F","66903","PTT",2021-10-03 19:06:00,2021-12-04 06:43:49,33.542,3.748,-42.413,173.661,"3",5312269
"CP9068","RBRL","KK","F","66903","PTT",2021-10-03 19:06:00,2021-12-04 06:43:49,-35.662,NA,-42.413,173.661,"3",5312269
"CP9068","RBRL","KK","F","66903","PTT",2021-10-03 19:06:00,2021-12-04 07:58:30,36.86,3.7164,-42.403,173.634,"1",5316750
"CP9068","RBRL","KK","F","66903","PTT",2021-10-03 19:06:00,2021-12-04 07:58:30,-35.662,NA,-42.403,173.634,"1",5316750
"CP9068","RBRL","KK","F","66903","PTT",2021-10-03 19:06:00,2021-12-04 07:58:30,35.438,3.7164,-42.403,173.634,"1",5316750
"CP16905","RRRG","KK","M","66891_1","PTT",2021-10-14 00:24:00,2021-12-05 09:19:03,39.23,3.7164,-42.352,173.712,"1",4524903
"CP16905","RRRG","KK","M","66891_1","PTT",2021-10-14 20:46:00,2021-12-05 09:19:03,39.23,3.7164,-42.352,173.712,"1",4451583
"CP16905","RRRG","KK","M","66891_1","PTT",2021-10-14 00:24:00,2021-12-05 09:19:03,-35.662,NA,-42.352,173.712,"1",4524903
"CP16905","RRRG","KK","M","66891_1","PTT",2021-10-14 20:46:00,2021-12-05 09:19:03,-35.662,NA,-42.352,173.712,"1",4451583
"CP9068","RBRL","KK","F","66903","PTT",2021-10-03 19:06:00,2021-12-05 07:40:31,-35.662,NA,-42.423,173.544,"B",5402071
"CP9068","RBRL","KK","F","66903","PTT",2021-10-03 19:06:00,2021-12-05 07:40:06,39.23,3.7322,-42.423,173.544,"0",5402046
"CP9068","RBRL","KK","F","66903","PTT",2021-10-03 19:06:00,2021-12-05 07:40:06,32.12,3.7322,-42.423,173.544,"0",5402046
"CP9068","RBRL","KK","F","66903","PTT",2021-10-03 19:06:00,2021-12-05 07:40:06,-35.662,NA,-42.423,173.544,"0",5402046
"CP9068","RBRL","KK","F","66903","PTT",2021-10-03 19:06:00,2021-12-05 09:19:19,-35.662,NA,-42.209,173.664,"B",5407999
"CP9068","RBRL","KK","F","66903","PTT",2021-10-03 19:06:00,2021-12-07 08:38:13,35.438,3.748,-42.418,173.732,"1",5578333
"CP9068","RBRL","KK","F","66903","PTT",2021-10-03 19:06:00,2021-12-07 08:38:13,-35.662,NA,-42.418,173.732,"1",5578333
"CP9068","RBRL","KK","F","66903","PTT",2021-10-03 19:06:00,2021-12-07 16:18:06,29.276,3.7006,-42.39,173.629,"0",5605926
"CP9068","RBRL","KK","F","66903","PTT",2021-10-03 19:06:00,2021-12-07 16:18:06,29.75,3.7006,-42.39,173.629,"0",5605926
"CP9068","RBRL","KK","F","66903","PTT",2021-10-03 19:06:00,2021-12-07 16:18:06,-35.662,NA,-42.39,173.629,"0",5605926
"CP9068","RBRL","KK","F","66903","PTT",2021-10-03 19:06:00,2021-12-08 08:19:07,35.912,3.7164,-42.423,173.681,"0",5663587
"CP9068","RBRL","KK","F","66903","PTT",2021-10-03 19:06:00,2021-12-08 08:19:07,35.438,3.7243,-42.423,173.681,"0",5663587
"CP9068","RBRL","KK","F","66903","PTT",2021-10-03 19:06:00,2021-12-08 08:19:07,-35.662,NA,-42.423,173.681,"0",5663587
"CP9068","RBRL","KK","F","66903","PTT",2021-10-03 19:06:00,2021-12-09 16:54:18,28.328,3.6769,-42.42,173.715,"0",5780898
"CP9068","RBRL","KK","F","66903","PTT",2021-10-03 19:06:00,2021-12-09 16:54:18,-35.662,NA,-42.42,173.715,"0",5780898
"CP9068","RBRL","KK","F","66903","PTT",2021-10-03 19:06:00,2021-12-12 08:35:26,27.854,3.7164,-42.413,173.662,"2",6010166
"CP9068","RBRL","KK","F","66903","PTT",2021-10-03 19:06:00,2021-12-12 08:35:26,27.854,3.7085,-42.413,173.662,"2",6010166
"CP9068","RBRL","KK","F","66903","PTT",2021-10-03 19:06:00,2021-12-12 08:35:26,-35.662,NA,-42.413,173.662,"2",6010166
"CP9068","RBRL","KK","F","66903","PTT",2021-10-03 19:06:00,2021-12-13 06:37:00,25.484,3.748,-42.41,173.655,"2",6089460
"CP9068","RBRL","KK","F","66903","PTT",2021-10-03 19:06:00,2021-12-13 06:37:00,-35.662,NA,-42.41,173.655,"2",6089460
"CP9068","RBRL","KK","F","66903","PTT",2021-10-03 19:06:00,2021-12-13 06:52:00,-35.662,NA,-42.412,173.656,"B",6090360
"CP9068","RBRL","KK","F","66903","PTT",2021-10-03 19:06:00,2021-12-13 08:12:28,30.698,3.7085,-42.434,173.728,"1",6095188
"CP9068","RBRL","KK","F","66903","PTT",2021-10-03 19:06:00,2021-12-13 08:12:28,30.224,3.7006,-42.434,173.728,"1",6095188
"CP9068","RBRL","KK","F","66903","PTT",2021-10-03 19:06:00,2021-12-13 08:12:28,32.594,3.7006,-42.434,173.728,"1",6095188
"CP9068","RBRL","KK","F","66903","PTT",2021-10-03 19:06:00,2021-12-13 08:12:28,-35.662,NA,-42.434,173.728,"1",6095188
"CP16905","RRRG","KK","M","66891_1","PTT",2021-10-14 00:24:00,2021-12-16 06:02:44,27.38,3.748,-42.288,173.395,"0",5463524
"CP16905","RRRG","KK","M","66891_1","PTT",2021-10-14 20:46:00,2021-12-16 06:02:44,27.38,3.748,-42.288,173.395,"0",5390204
"CP16905","RRRG","KK","M","66891_1","PTT",2021-10-14 00:24:00,2021-12-16 06:02:44,28.328,3.7875,-42.288,173.395,"0",5463524
"CP16905","RRRG","KK","M","66891_1","PTT",2021-10-14 20:46:00,2021-12-16 06:02:44,28.328,3.7875,-42.288,173.395,"0",5390204
"CP16905","RRRG","KK","M","66891_1","PTT",2021-10-14 00:24:00,2021-12-16 06:02:44,-35.662,NA,-42.288,173.395,"0",5463524
"CP16905","RRRG","KK","M","66891_1","PTT",2021-10-14 20:46:00,2021-12-16 06:02:44,-35.662,NA,-42.288,173.395,"0",5390204
"CP16905","RRRG","KK","M","66891_1","PTT",2021-10-14 00:24:00,2021-12-16 07:00:47,-35.662,NA,-42.385,173.696,"B",5467007
"CP16905","RRRG","KK","M","66891_1","PTT",2021-10-14 20:46:00,2021-12-16 07:00:47,-35.662,NA,-42.385,173.696,"B",5393687
"CP16905","RRRG","KK","M","66891_1","PTT",2021-10-14 00:24:00,2021-12-16 07:12:02,26.906,3.7875,-42.349,173.752,"B",5467682
"CP16905","RRRG","KK","M","66891_1","PTT",2021-10-14 20:46:00,2021-12-16 07:12:02,26.906,3.7875,-42.349,173.752,"B",5394362
"CP16905","RRRG","KK","M","66891_1","PTT",2021-10-14 00:24:00,2021-12-16 08:51:48,32.594,3.7322,-42.388,173.684,"1",5473668
"CP16905","RRRG","KK","M","66891_1","PTT",2021-10-14 20:46:00,2021-12-16 08:51:48,32.594,3.7322,-42.388,173.684,"1",5400348
"CP16905","RRRG","KK","M","66891_1","PTT",2021-10-14 00:24:00,2021-12-16 08:51:48,33.068,3.7243,-42.388,173.684,"1",5473668
"CP16905","RRRG","KK","M","66891_1","PTT",2021-10-14 20:46:00,2021-12-16 08:51:48,33.068,3.7243,-42.388,173.684,"1",5400348
"CP16905","RRRG","KK","M","66891_1","PTT",2021-10-14 00:24:00,2021-12-16 08:51:48,-35.662,NA,-42.388,173.684,"1",5473668
"CP16905","RRRG","KK","M","66891_1","PTT",2021-10-14 20:46:00,2021-12-16 08:51:48,-35.662,NA,-42.388,173.684,"1",5400348
"CP9068","RBRL","KK","F","66903","PTT",2021-10-03 19:06:00,2021-12-16 06:02:22,30.224,3.7243,-42.41,173.647,"1",6346582
"CP9068","RBRL","KK","F","66903","PTT",2021-10-03 19:06:00,2021-12-16 06:02:22,-35.662,NA,-42.41,173.647,"1",6346582
"CP9068","RBRL","KK","F","66903","PTT",2021-10-03 19:06:00,2021-12-16 07:14:07,-35.662,NA,-42.384,173.688,"B",6350887
"CP9068","RBRL","KK","F","66903","PTT",2021-10-03 19:06:00,2021-12-16 08:00:03,-35.662,NA,-42.4,173.675,"B",6353643
"CP9068","RBRL","KK","F","66903","PTT",2021-10-03 19:06:00,2021-12-17 08:31:28,25.01,3.7085,-42.425,173.724,"1",6441928
"CP9068","RBRL","KK","F","66903","PTT",2021-10-03 19:06:00,2021-12-17 08:31:28,-35.662,NA,-42.425,173.724,"1",6441928
"CP16905","RRRG","KK","M","66891_1","PTT",2021-10-14 00:24:00,2021-12-18 05:38:40,31.172,3.7638,-42.379,173.618,"1",5634880
"CP16905","RRRG","KK","M","66891_1","PTT",2021-10-14 20:46:00,2021-12-18 05:38:40,31.172,3.7638,-42.379,173.618,"1",5561560
"CP16905","RRRG","KK","M","66891_1","PTT",2021-10-14 00:24:00,2021-12-18 05:38:40,-35.662,NA,-42.379,173.618,"1",5634880
"CP16905","RRRG","KK","M","66891_1","PTT",2021-10-14 20:46:00,2021-12-18 05:38:40,-35.662,NA,-42.379,173.618,"1",5561560
"CP16905","RRRG","KK","M","66891_1","PTT",2021-10-14 00:24:00,2021-12-18 05:56:12,29.276,3.7243,-42.402,173.585,"0",5635932
"CP16905","RRRG","KK","M","66891_1","PTT",2021-10-14 20:46:00,2021-12-18 05:56:12,29.276,3.7243,-42.402,173.585,"0",5562612
"CP16905","RRRG","KK","M","66891_1","PTT",2021-10-14 00:24:00,2021-12-18 05:56:12,-35.662,NA,-42.402,173.585,"0",5635932
"CP16905","RRRG","KK","M","66891_1","PTT",2021-10-14 20:46:00,2021-12-18 05:56:12,-35.662,NA,-42.402,173.585,"0",5562612
"CP16905","RRRG","KK","M","66891_1","PTT",2021-10-14 00:24:00,2021-12-18 05:56:12,25.958,3.7243,-42.402,173.585,"0",5635932
"CP16905","RRRG","KK","M","66891_1","PTT",2021-10-14 20:46:00,2021-12-18 05:56:12,25.958,3.7243,-42.402,173.585,"0",5562612
"CP16905","RRRG","KK","M","66891_1","PTT",2021-10-14 00:24:00,2021-12-18 07:17:23,-35.662,NA,-42.403,173.593,"B",5640803
"CP16905","RRRG","KK","M","66891_1","PTT",2021-10-14 20:46:00,2021-12-18 07:17:23,-35.662,NA,-42.403,173.593,"B",5567483
"CP9068","RBRL","KK","F","66903","PTT",2021-10-03 19:06:00,2021-12-18 07:17:06,28.328,3.7164,-42.411,173.632,"A",6523866
"CP9068","RBRL","KK","F","66903","PTT",2021-10-03 19:06:00,2021-12-18 07:17:06,-35.662,NA,-42.411,173.632,"A",6523866
"CP9068","RBRL","KK","F","66903","PTT",2021-10-03 19:06:00,2021-12-18 08:10:41,31.646,3.6927,-42.405,173.637,"1",6527081
"CP9068","RBRL","KK","F","66903","PTT",2021-10-03 19:06:00,2021-12-18 08:10:41,-35.662,NA,-42.405,173.637,"1",6527081
"CP16905","RRRG","KK","M","66891_1","PTT",2021-10-14 00:24:00,2021-12-18 15:29:12,21.692,3.7243,-42.41,173.743,"B",5670312
"CP16905","RRRG","KK","M","66891_1","PTT",2021-10-14 20:46:00,2021-12-18 15:29:12,21.692,3.7243,-42.41,173.743,"B",5596992
"CP9068","RBRL","KK","F","66903","PTT",2021-10-03 19:06:00,2021-12-19 05:25:33,27.38,3.7164,-42.415,173.665,"3",6603573
"CP9068","RBRL","KK","F","66903","PTT",2021-10-03 19:06:00,2021-12-19 05:25:33,-35.662,NA,-42.415,173.665,"3",6603573
"CP9068","RBRL","KK","F","66903","PTT",2021-10-03 19:06:00,2021-12-19 05:27:13,-35.662,NA,-42.418,173.659,"A",6603673
"CP9068","RBRL","KK","F","66903","PTT",2021-10-03 19:06:00,2021-12-19 05:27:13,28.802,3.7164,-42.418,173.659,"A",6603673
"CP16905","RRRG","KK","M","66891_1","PTT",2021-10-14 00:24:00,2021-12-20 06:33:41,-35.662,NA,-42.387,173.723,"A",5810981
"CP16905","RRRG","KK","M","66891_1","PTT",2021-10-14 20:46:00,2021-12-20 06:33:41,-35.662,NA,-42.387,173.723,"A",5737661
"CP16905","RRRG","KK","M","66891_1","PTT",2021-10-14 00:24:00,2021-12-20 06:55:51,-35.662,NA,-42.4,173.688,"B",5812311
"CP16905","RRRG","KK","M","66891_1","PTT",2021-10-14 20:46:00,2021-12-20 06:55:51,-35.662,NA,-42.4,173.688,"B",5738991
"CP9068","RBRL","KK","F","66903","PTT",2021-10-03 19:06:00,2021-12-20 07:28:41,31.172,3.7401,-42.407,173.685,"1",6697361
"CP9068","RBRL","KK","F","66903","PTT",2021-10-03 19:06:00,2021-12-20 07:28:41,32.12,3.7401,-42.407,173.685,"1",6697361
"CP9068","RBRL","KK","F","66903","PTT",2021-10-03 19:06:00,2021-12-20 07:28:41,-35.662,NA,-42.407,173.685,"1",6697361
"CP9068","RBRL","KK","F","66903","PTT",2021-10-03 19:06:00,2021-12-20 08:16:37,-35.662,NA,-42.333,173.712,"B",6700237
"CP9068","RBRL","KK","F","66903","PTT",2021-10-03 19:06:00,2021-12-20 09:07:45,34.964,3.7006,-42.435,173.64,"0",6703305
"CP9068","RBRL","KK","F","66903","PTT",2021-10-03 19:06:00,2021-12-20 09:07:45,-35.662,NA,-42.435,173.64,"0",6703305
"CP16905","RRRG","KK","M","66891_1","PTT",2021-10-14 00:24:00,2021-12-20 16:12:58,22.166,3.7164,-42.348,173.597,"0",5845738
"CP16905","RRRG","KK","M","66891_1","PTT",2021-10-14 20:46:00,2021-12-20 16:12:58,22.166,3.7164,-42.348,173.597,"0",5772418
"CP16905","RRRG","KK","M","66891_1","PTT",2021-10-14 00:24:00,2021-12-20 16:12:58,25.484,3.7164,-42.348,173.597,"0",5845738
"CP16905","RRRG","KK","M","66891_1","PTT",2021-10-14 20:46:00,2021-12-20 16:12:58,25.484,3.7164,-42.348,173.597,"0",5772418
"CP16905","RRRG","KK","M","66891_1","PTT",2021-10-14 00:24:00,2021-12-20 16:12:58,-35.662,NA,-42.348,173.597,"0",5845738
"CP16905","RRRG","KK","M","66891_1","PTT",2021-10-14 20:46:00,2021-12-20 16:12:58,-35.662,NA,-42.348,173.597,"0",5772418
"CP9068","RBRL","KK","F","66903","PTT",2021-10-03 19:06:00,2021-12-21 06:43:18,32.594,3.7164,-42.41,173.646,"1",6781038
"CP9068","RBRL","KK","F","66903","PTT",2021-10-03 19:06:00,2021-12-21 06:43:18,-35.662,NA,-42.41,173.646,"1",6781038
"CP9068","RBRL","KK","F","66903","PTT",2021-10-03 19:06:00,2021-12-21 06:43:18,33.068,3.7164,-42.41,173.646,"1",6781038
"CP9068","RBRL","KK","F","66903","PTT",2021-10-03 19:06:00,2021-12-21 19:03:43,-35.662,NA,-42.417,173.643,"A",6825463
"CP9068","RBRL","KK","F","66903","PTT",2021-10-03 19:06:00,2021-12-21 19:03:43,26.906,3.7085,-42.417,173.643,"A",6825463
"CP16905","RRRG","KK","M","66891_1","PTT",2021-10-14 00:24:00,2021-12-22 08:28:23,36.386,3.6927,-42.438,173.932,"0",5990663
"CP16905","RRRG","KK","M","66891_1","PTT",2021-10-14 20:46:00,2021-12-22 08:28:23,36.386,3.6927,-42.438,173.932,"0",5917343
"CP16905","RRRG","KK","M","66891_1","PTT",2021-10-14 00:24:00,2021-12-22 08:28:23,-35.662,NA,-42.438,173.932,"0",5990663
"CP16905","RRRG","KK","M","66891_1","PTT",2021-10-14 20:46:00,2021-12-22 08:28:23,-35.662,NA,-42.438,173.932,"0",5917343
"CP9068","RBRL","KK","F","66903","PTT",2021-10-03 19:06:00,2021-12-22 15:10:10,-35.662,NA,-42.277,173.606,"A",6897850
"CP9068","RBRL","KK","F","66903","PTT",2021-10-03 19:06:00,2021-12-22 18:51:48,26.906,3.6927,-42.415,173.659,"1",6911148
"CP9068","RBRL","KK","F","66903","PTT",2021-10-03 19:06:00,2021-12-22 18:51:48,28.328,3.6769,-42.415,173.659,"1",6911148
"CP9068","RBRL","KK","F","66903","PTT",2021-10-03 19:06:00,2021-12-22 18:51:48,-35.662,NA,-42.415,173.659,"1",6911148
"CP16905","RRRG","KK","M","66891_1","PTT",2021-10-14 00:24:00,2021-12-23 06:20:21,30.698,3.748,-42.394,173.713,"0",6069381
"CP16905","RRRG","KK","M","66891_1","PTT",2021-10-14 20:46:00,2021-12-23 06:20:21,30.698,3.748,-42.394,173.713,"0",5996061
"CP16905","RRRG","KK","M","66891_1","PTT",2021-10-14 00:24:00,2021-12-23 06:20:21,32.12,3.7401,-42.394,173.713,"0",6069381
"CP16905","RRRG","KK","M","66891_1","PTT",2021-10-14 20:46:00,2021-12-23 06:20:21,32.12,3.7401,-42.394,173.713,"0",5996061
"CP16905","RRRG","KK","M","66891_1","PTT",2021-10-14 00:24:00,2021-12-23 06:20:21,-35.662,NA,-42.394,173.713,"0",6069381
"CP16905","RRRG","KK","M","66891_1","PTT",2021-10-14 20:46:00,2021-12-23 06:20:21,-35.662,NA,-42.394,173.713,"0",5996061
"CP16905","RRRG","KK","M","66891_1","PTT",2021-10-14 00:24:00,2021-12-23 06:29:50,-35.662,NA,-42.395,173.714,"B",6069950
"CP16905","RRRG","KK","M","66891_1","PTT",2021-10-14 20:46:00,2021-12-23 06:29:50,-35.662,NA,-42.395,173.714,"B",5996630
"CP16905","RRRG","KK","M","66891_1","PTT",2021-10-14 00:24:00,2021-12-23 06:39:18,29.276,3.7322,-42.387,173.737,"A",6070518
"CP16905","RRRG","KK","M","66891_1","PTT",2021-10-14 20:46:00,2021-12-23 06:39:18,29.276,3.7322,-42.387,173.737,"A",5997198
"CP16905","RRRG","KK","M","66891_1","PTT",2021-10-14 00:24:00,2021-12-23 06:39:18,-35.662,NA,-42.387,173.737,"A",6070518
"CP16905","RRRG","KK","M","66891_1","PTT",2021-10-14 20:46:00,2021-12-23 06:39:18,-35.662,NA,-42.387,173.737,"A",5997198
"CP16905","RRRG","KK","M","66891_1","PTT",2021-10-14 00:24:00,2021-12-23 08:08:06,32.594,3.7243,-42.387,173.657,"0",6075846
"CP16905","RRRG","KK","M","66891_1","PTT",2021-10-14 20:46:00,2021-12-23 08:08:06,32.594,3.7243,-42.387,173.657,"0",6002526
"CP16905","RRRG","KK","M","66891_1","PTT",2021-10-14 00:24:00,2021-12-23 08:08:06,32.594,3.7164,-42.387,173.657,"0",6075846
"CP16905","RRRG","KK","M","66891_1","PTT",2021-10-14 20:46:00,2021-12-23 08:08:06,32.594,3.7164,-42.387,173.657,"0",6002526
"CP16905","RRRG","KK","M","66891_1","PTT",2021-10-14 00:24:00,2021-12-23 08:08:06,-35.662,NA,-42.387,173.657,"0",6075846
"CP16905","RRRG","KK","M","66891_1","PTT",2021-10-14 20:46:00,2021-12-23 08:08:06,-35.662,NA,-42.387,173.657,"0",6002526
"CP16905","RRRG","KK","M","66891_1","PTT",2021-10-14 00:24:00,2021-12-23 08:08:06,29.75,3.7322,-42.387,173.657,"0",6075846
"CP16905","RRRG","KK","M","66891_1","PTT",2021-10-14 20:46:00,2021-12-23 08:08:06,29.75,3.7322,-42.387,173.657,"0",6002526
"CP16905","RRRG","KK","M","66891_1","PTT",2021-10-14 00:24:00,2021-12-23 08:54:26,-35.662,NA,-42.395,173.744,"B",6078626
"CP16905","RRRG","KK","M","66891_1","PTT",2021-10-14 20:46:00,2021-12-23 08:54:26,-35.662,NA,-42.395,173.744,"B",6005306
"CP9068","RBRL","KK","F","66903","PTT",2021-10-03 19:06:00,2021-12-23 06:20:01,29.276,3.7243,-42.411,173.652,"1",6952441
"CP9068","RBRL","KK","F","66903","PTT",2021-10-03 19:06:00,2021-12-23 06:20:01,29.276,3.7164,-42.411,173.652,"1",6952441
"CP9068","RBRL","KK","F","66903","PTT",2021-10-03 19:06:00,2021-12-23 06:20:01,-35.662,NA,-42.411,173.652,"1",6952441
"CP9068","RBRL","KK","F","66903","PTT",2021-10-03 19:06:00,2021-12-23 06:32:59,-35.662,NA,-42.411,173.653,"B",6953219
"CP16905","RRRG","KK","M","66891_1","PTT",2021-10-14 00:24:00,2021-12-24 09:25:55,32.594,3.7164,-42.323,173.714,"1",6166915
"CP16905","RRRG","KK","M","66891_1","PTT",2021-10-14 20:46:00,2021-12-24 09:25:55,32.594,3.7164,-42.323,173.714,"1",6093595
"CP16905","RRRG","KK","M","66891_1","PTT",2021-10-14 00:24:00,2021-12-24 09:25:55,-35.662,NA,-42.323,173.714,"1",6166915
"CP16905","RRRG","KK","M","66891_1","PTT",2021-10-14 20:46:00,2021-12-24 09:25:55,-35.662,NA,-42.323,173.714,"1",6093595
"CP9068","RBRL","KK","F","66903","PTT",2021-10-03 19:06:00,2021-12-24 06:07:57,-35.662,NA,-42.419,173.674,"A",7038117
"CP9068","RBRL","KK","F","66903","PTT",2021-10-03 19:06:00,2021-12-24 06:07:57,27.38,3.7164,-42.419,173.674,"A",7038117
"CP9068","RBRL","KK","F","66903","PTT",2021-10-03 19:06:00,2021-12-24 06:08:47,27.38,3.7164,-42.419,173.656,"1",7038167
"CP9068","RBRL","KK","F","66903","PTT",2021-10-03 19:06:00,2021-12-24 06:08:47,-35.662,NA,-42.419,173.656,"1",7038167
"CP9068","RBRL","KK","F","66903","PTT",2021-10-03 19:06:00,2021-12-24 07:47:41,38.282,3.7006,-42.425,173.772,"0",7044101
"CP9068","RBRL","KK","F","66903","PTT",2021-10-03 19:06:00,2021-12-24 07:47:41,43.496,3.7006,-42.425,173.772,"0",7044101
"CP9068","RBRL","KK","F","66903","PTT",2021-10-03 19:06:00,2021-12-24 07:47:41,-35.662,NA,-42.425,173.772,"0",7044101
"CP9068","RBRL","KK","F","66903","PTT",2021-10-03 19:06:00,2021-12-25 05:38:17,27.854,3.7559,-42.415,173.694,"1",7122737
"CP9068","RBRL","KK","F","66903","PTT",2021-10-03 19:06:00,2021-12-25 05:38:17,-35.662,NA,-42.415,173.694,"1",7122737
"CP9068","RBRL","KK","F","66903","PTT",2021-10-03 19:06:00,2021-12-25 05:38:17,27.854,3.748,-42.415,173.694,"1",7122737
"CP9068","RBRL","KK","F","66903","PTT",2021-10-03 19:06:00,2021-12-25 05:56:15,29.276,3.7322,-42.42,173.68,"2",7123815
"CP9068","RBRL","KK","F","66903","PTT",2021-10-03 19:06:00,2021-12-25 05:56:15,29.75,3.7322,-42.42,173.68,"2",7123815
"CP9068","RBRL","KK","F","66903","PTT",2021-10-03 19:06:00,2021-12-25 05:56:15,-35.662,NA,-42.42,173.68,"2",7123815
"CP9068","RBRL","KK","F","66903","PTT",2021-10-03 19:06:00,2021-12-25 07:25:08,30.698,3.7164,-42.405,173.695,"1",7129148
"CP9068","RBRL","KK","F","66903","PTT",2021-10-03 19:06:00,2021-12-25 07:25:08,-35.662,NA,-42.405,173.695,"1",7129148
"CP9068","RBRL","KK","F","66903","PTT",2021-10-03 19:06:00,2021-12-25 16:55:47,25.01,3.7322,-42.414,173.656,"1",7163387
"CP9068","RBRL","KK","F","66903","PTT",2021-10-03 19:06:00,2021-12-25 16:55:47,-35.662,NA,-42.414,173.656,"1",7163387
"CP16905","RRRG","KK","M","66891_1","PTT",2021-10-14 00:24:00,2021-12-26 08:45:12,35.912,3.7164,-42.379,173.668,"1",6337272
"CP16905","RRRG","KK","M","66891_1","PTT",2021-10-14 20:46:00,2021-12-26 08:45:12,35.912,3.7164,-42.379,173.668,"1",6263952
"CP16905","RRRG","KK","M","66891_1","PTT",2021-10-14 00:24:00,2021-12-26 08:45:12,-35.662,NA,-42.379,173.668,"1",6337272
"CP16905","RRRG","KK","M","66891_1","PTT",2021-10-14 20:46:00,2021-12-26 08:45:12,-35.662,NA,-42.379,173.668,"1",6263952
"CP9068","RBRL","KK","F","66903","PTT",2021-10-03 19:06:00,2021-12-26 07:05:52,-35.662,NA,-42.327,173.843,"B",7214392
"CP9068","RBRL","KK","F","66903","PTT",2021-10-03 19:06:00,2021-12-26 07:52:32,-35.662,NA,-42.327,173.8,"B",7217192
"CP9068","RBRL","KK","F","66903","PTT",2021-10-03 19:06:00,2021-12-26 08:45:39,35.438,3.6927,-42.397,173.625,"1",7220379
"CP9068","RBRL","KK","F","66903","PTT",2021-10-03 19:06:00,2021-12-26 08:45:39,38.756,3.6927,-42.397,173.625,"1",7220379
"CP9068","RBRL","KK","F","66903","PTT",2021-10-03 19:06:00,2021-12-26 08:45:39,-35.662,NA,-42.397,173.625,"1",7220379
"CP16905","RRRG","KK","M","66891_1","PTT",2021-10-14 00:24:00,2021-12-27 08:25:46,39.23,3.7164,-42.484,174.198,"0",6422506
"CP16905","RRRG","KK","M","66891_1","PTT",2021-10-14 20:46:00,2021-12-27 08:25:46,39.23,3.7164,-42.484,174.198,"0",6349186
"CP16905","RRRG","KK","M","66891_1","PTT",2021-10-14 00:24:00,2021-12-27 08:25:46,40.178,3.7164,-42.484,174.198,"0",6422506
"CP16905","RRRG","KK","M","66891_1","PTT",2021-10-14 20:46:00,2021-12-27 08:25:46,40.178,3.7164,-42.484,174.198,"0",6349186
"CP16905","RRRG","KK","M","66891_1","PTT",2021-10-14 00:24:00,2021-12-27 08:25:46,-35.662,NA,-42.484,174.198,"0",6422506
"CP16905","RRRG","KK","M","66891_1","PTT",2021-10-14 20:46:00,2021-12-27 08:25:46,-35.662,NA,-42.484,174.198,"0",6349186
"CP16905","RRRG","KK","M","66891_1","PTT",2021-10-14 00:24:00,2021-12-27 08:25:46,42.548,3.7164,-42.484,174.198,"0",6422506
"CP16905","RRRG","KK","M","66891_1","PTT",2021-10-14 20:46:00,2021-12-27 08:25:46,42.548,3.7164,-42.484,174.198,"0",6349186
"CP9068","RBRL","KK","F","66903","PTT",2021-10-03 19:06:00,2021-12-28 08:03:30,23.588,3.7164,-42.417,173.661,"1",7390650
"CP9068","RBRL","KK","F","66903","PTT",2021-10-03 19:06:00,2021-12-28 08:03:30,23.114,3.7164,-42.417,173.661,"1",7390650
"CP9068","RBRL","KK","F","66903","PTT",2021-10-03 19:06:00,2021-12-28 08:03:30,-35.662,NA,-42.417,173.661,"1",7390650
"CP16905","RRRG","KK","M","66891_1","PTT",2021-10-14 00:24:00,2021-12-29 16:31:09,27.38,3.6848,-42.374,173.672,"2",6624429
"CP16905","RRRG","KK","M","66891_1","PTT",2021-10-14 20:46:00,2021-12-29 16:31:09,27.38,3.6848,-42.374,173.672,"2",6551109
"CP16905","RRRG","KK","M","66891_1","PTT",2021-10-14 00:24:00,2021-12-29 16:31:09,-35.662,NA,-42.374,173.672,"2",6624429
"CP16905","RRRG","KK","M","66891_1","PTT",2021-10-14 20:46:00,2021-12-29 16:31:09,-35.662,NA,-42.374,173.672,"2",6551109
"CP16905","RRRG","KK","M","66891_1","PTT",2021-10-14 00:24:00,2021-12-29 16:31:09,27.854,3.6769,-42.374,173.672,"2",6624429
"CP16905","RRRG","KK","M","66891_1","PTT",2021-10-14 20:46:00,2021-12-29 16:31:09,27.854,3.6769,-42.374,173.672,"2",6551109
"CP9068","RBRL","KK","F","66903","PTT",2021-10-03 19:06:00,2021-12-30 06:20:56,30.224,3.7322,-42.406,173.671,"1",7557296
"CP9068","RBRL","KK","F","66903","PTT",2021-10-03 19:06:00,2021-12-30 06:20:56,-35.662,NA,-42.406,173.671,"1",7557296
"CP9068","RBRL","KK","F","66903","PTT",2021-10-03 19:06:00,2021-12-30 06:20:56,29.276,3.7243,-42.406,173.671,"1",7557296
"CP9068","RBRL","KK","F","66903","PTT",2021-10-03 19:06:00,2021-12-30 06:37:39,34.964,3.7322,-42.402,173.653,"1",7558299
"CP9068","RBRL","KK","F","66903","PTT",2021-10-03 19:06:00,2021-12-30 06:37:39,-35.662,NA,-42.402,173.653,"1",7558299
"CP9068","RBRL","KK","F","66903","PTT",2021-10-03 19:06:00,2021-12-30 06:37:39,33.542,3.7322,-42.402,173.653,"1",7558299
"CP9068","RBRL","KK","F","66903","PTT",2021-10-03 19:06:00,2021-12-30 07:23:50,-35.662,NA,-42.401,173.679,"A",7561070
"CP9068","RBRL","KK","F","66903","PTT",2021-10-03 19:06:00,2021-12-30 08:10:17,34.49,3.7085,-42.389,173.658,"B",7563857
"CP9068","RBRL","KK","F","66903","PTT",2021-10-03 19:06:00,2021-12-30 16:00:43,32.594,3.7164,-42.408,173.63,"1",7592083
"CP9068","RBRL","KK","F","66903","PTT",2021-10-03 19:06:00,2021-12-30 16:00:43,-35.662,NA,-42.408,173.63,"1",7592083
"CP9068","RBRL","KK","F","66903","PTT",2021-10-03 19:06:00,2021-12-30 17:39:14,34.016,3.7085,-42.418,173.671,"1",7597994
"CP9068","RBRL","KK","F","66903","PTT",2021-10-03 19:06:00,2021-12-30 17:39:14,-35.662,NA,-42.418,173.671,"1",7597994
"CP9068","RBRL","KK","F","66903","PTT",2021-10-03 19:06:00,2021-12-31 18:47:33,25.958,3.7085,-42.414,173.657,"3",7688493
"CP9068","RBRL","KK","F","66903","PTT",2021-10-03 19:06:00,2021-12-31 18:47:33,25.958,3.7085,-42.414,173.657,"3",7688493
"CP9068","RBRL","KK","F","66903","PTT",2021-10-03 19:06:00,2021-12-31 18:47:33,-35.662,NA,-42.414,173.657,"3",7688493
"CP16905","RRRG","KK","M","66891_1","PTT",2021-10-14 00:24:00,2022-01-01 06:13:58,35.438,3.7401,-42.505,174.259,"0",6846598
"CP16905","RRRG","KK","M","66891_1","PTT",2021-10-14 20:46:00,2022-01-01 06:13:58,35.438,3.7401,-42.505,174.259,"0",6773278
"CP16905","RRRG","KK","M","66891_1","PTT",2021-10-14 00:24:00,2022-01-01 06:13:58,33.542,3.7243,-42.505,174.259,"0",6846598
"CP16905","RRRG","KK","M","66891_1","PTT",2021-10-14 20:46:00,2022-01-01 06:13:58,33.542,3.7243,-42.505,174.259,"0",6773278
"CP16905","RRRG","KK","M","66891_1","PTT",2021-10-14 00:24:00,2022-01-01 06:13:58,-35.662,NA,-42.505,174.259,"0",6846598
"CP16905","RRRG","KK","M","66891_1","PTT",2021-10-14 20:46:00,2022-01-01 06:13:58,-35.662,NA,-42.505,174.259,"0",6773278
"CP16905","RRRG","KK","M","66891_1","PTT",2021-10-14 00:24:00,2022-01-01 06:58:19,-35.662,NA,-42.413,174.16,"B",6849259
"CP16905","RRRG","KK","M","66891_1","PTT",2021-10-14 20:46:00,2022-01-01 06:58:19,-35.662,NA,-42.413,174.16,"B",6775939
"CP16905","RRRG","KK","M","66891_1","PTT",2021-10-14 00:24:00,2022-01-01 18:33:57,27.854,3.7164,-42.386,173.699,"0",6890997
"CP16905","RRRG","KK","M","66891_1","PTT",2021-10-14 20:46:00,2022-01-01 18:33:57,27.854,3.7164,-42.386,173.699,"0",6817677
"CP16905","RRRG","KK","M","66891_1","PTT",2021-10-14 00:24:00,2022-01-01 18:33:57,-35.662,NA,-42.386,173.699,"0",6890997
"CP16905","RRRG","KK","M","66891_1","PTT",2021-10-14 20:46:00,2022-01-01 18:33:57,-35.662,NA,-42.386,173.699,"0",6817677
"CP9068","RBRL","KK","F","66903","PTT",2021-10-03 19:06:00,2022-01-02 07:59:09,30.224,3.7085,-42.441,173.696,"0",7822389
"CP9068","RBRL","KK","F","66903","PTT",2021-10-03 19:06:00,2022-01-02 07:59:09,33.542,3.7006,-42.441,173.696,"0",7822389
"CP9068","RBRL","KK","F","66903","PTT",2021-10-03 19:06:00,2022-01-02 07:59:09,-35.662,NA,-42.441,173.696,"0",7822389
"CP9068","RBRL","KK","F","66903","PTT",2021-10-03 19:06:00,2022-01-03 09:19:09,46.814,3.7322,-42.448,173.681,"0",7913589
"CP9068","RBRL","KK","F","66903","PTT",2021-10-03 19:06:00,2022-01-03 09:19:09,-35.662,NA,-42.448,173.681,"0",7913589
"CP16905","RRRG","KK","M","66891_1","PTT",2021-10-14 00:24:00,2022-01-05 08:38:36,40.178,3.7717,-42.378,173.613,"1",7200876
"CP16905","RRRG","KK","M","66891_1","PTT",2021-10-14 20:46:00,2022-01-05 08:38:36,40.178,3.7717,-42.378,173.613,"1",7127556
"CP16905","RRRG","KK","M","66891_1","PTT",2021-10-14 00:24:00,2022-01-05 08:38:36,41.6,3.7796,-42.378,173.613,"1",7200876
"CP16905","RRRG","KK","M","66891_1","PTT",2021-10-14 20:46:00,2022-01-05 08:38:36,41.6,3.7796,-42.378,173.613,"1",7127556
"CP16905","RRRG","KK","M","66891_1","PTT",2021-10-14 00:24:00,2022-01-05 08:38:36,-35.662,NA,-42.378,173.613,"1",7200876
"CP16905","RRRG","KK","M","66891_1","PTT",2021-10-14 20:46:00,2022-01-05 08:38:36,-35.662,NA,-42.378,173.613,"1",7127556
"CP16905","RRRG","KK","M","66891_1","PTT",2021-10-14 00:24:00,2022-01-05 08:38:36,36.86,3.7638,-42.378,173.613,"1",7200876
"CP16905","RRRG","KK","M","66891_1","PTT",2021-10-14 20:46:00,2022-01-05 08:38:36,36.86,3.7638,-42.378,173.613,"1",7127556
"CP9068","RBRL","KK","F","66903","PTT",2021-10-03 19:06:00,2022-01-07 07:57:02,-35.662,NA,-42.415,173.657,"3",8254262
"CP9068","RBRL","KK","F","66903","PTT",2021-10-03 19:06:00,2022-01-07 08:44:29,-35.662,NA,-42.644,173.555,"B",8257109
"CP16905","RRRG","KK","M","66891_1","PTT",2021-10-14 00:24:00,2022-01-07 16:49:21,28.802,3.7875,-42.373,173.609,"0",7403121
"CP16905","RRRG","KK","M","66891_1","PTT",2021-10-14 20:46:00,2022-01-07 16:49:21,28.802,3.7875,-42.373,173.609,"0",7329801
"CP16905","RRRG","KK","M","66891_1","PTT",2021-10-14 00:24:00,2022-01-07 16:49:21,-35.662,NA,-42.373,173.609,"0",7403121
"CP16905","RRRG","KK","M","66891_1","PTT",2021-10-14 20:46:00,2022-01-07 16:49:21,-35.662,NA,-42.373,173.609,"0",7329801
"CP16905","RRRG","KK","M","66891_1","PTT",2021-10-14 00:24:00,2022-01-07 19:04:15,59.612,3.4636,-42.372,173.657,"1",7411215
"CP16905","RRRG","KK","M","66891_1","PTT",2021-10-14 20:46:00,2022-01-07 19:04:15,59.612,3.4636,-42.372,173.657,"1",7337895
"CP16905","RRRG","KK","M","66891_1","PTT",2021-10-14 00:24:00,2022-01-07 19:04:15,25.958,3.7164,-42.372,173.657,"1",7411215
"CP16905","RRRG","KK","M","66891_1","PTT",2021-10-14 20:46:00,2022-01-07 19:04:15,25.958,3.7164,-42.372,173.657,"1",7337895
"CP16905","RRRG","KK","M","66891_1","PTT",2021-10-14 00:24:00,2022-01-07 19:04:15,-35.662,NA,-42.372,173.657,"1",7411215
"CP16905","RRRG","KK","M","66891_1","PTT",2021-10-14 20:46:00,2022-01-07 19:04:15,-35.662,NA,-42.372,173.657,"1",7337895
"CP16905","RRRG","KK","M","66891_1","PTT",2021-10-14 00:24:00,2022-01-07 19:04:15,26.432,3.7164,-42.372,173.657,"1",7411215
"CP16905","RRRG","KK","M","66891_1","PTT",2021-10-14 20:46:00,2022-01-07 19:04:15,26.432,3.7164,-42.372,173.657,"1",7337895
"CP16905","RRRG","KK","M","66891_1","PTT",2021-10-14 00:24:00,2022-01-08 06:31:16,34.016,3.7401,-42.38,173.697,"0",7452436
"CP16905","RRRG","KK","M","66891_1","PTT",2021-10-14 20:46:00,2022-01-08 06:31:16,34.016,3.7401,-42.38,173.697,"0",7379116
"CP16905","RRRG","KK","M","66891_1","PTT",2021-10-14 00:24:00,2022-01-08 06:31:16,-35.662,NA,-42.38,173.697,"0",7452436
"CP16905","RRRG","KK","M","66891_1","PTT",2021-10-14 20:46:00,2022-01-08 06:31:16,-35.662,NA,-42.38,173.697,"0",7379116
"CP16905","RRRG","KK","M","66891_1","PTT",2021-10-14 00:24:00,2022-01-08 06:41:16,32.594,3.7322,-42.424,173.698,"1",7453036
"CP16905","RRRG","KK","M","66891_1","PTT",2021-10-14 20:46:00,2022-01-08 06:41:16,32.594,3.7322,-42.424,173.698,"1",7379716
"CP16905","RRRG","KK","M","66891_1","PTT",2021-10-14 00:24:00,2022-01-08 06:41:16,-35.662,NA,-42.424,173.698,"1",7453036
"CP16905","RRRG","KK","M","66891_1","PTT",2021-10-14 20:46:00,2022-01-08 06:41:16,-35.662,NA,-42.424,173.698,"1",7379716
"CP16905","RRRG","KK","M","66891_1","PTT",2021-10-14 00:24:00,2022-01-08 07:37:17,30.224,3.7085,-42.409,173.702,"1",7456397
"CP16905","RRRG","KK","M","66891_1","PTT",2021-10-14 20:46:00,2022-01-08 07:37:17,30.224,3.7085,-42.409,173.702,"1",7383077
"CP16905","RRRG","KK","M","66891_1","PTT",2021-10-14 00:24:00,2022-01-08 07:37:17,28.802,3.7085,-42.409,173.702,"1",7456397
"CP16905","RRRG","KK","M","66891_1","PTT",2021-10-14 20:46:00,2022-01-08 07:37:17,28.802,3.7085,-42.409,173.702,"1",7383077
"CP16905","RRRG","KK","M","66891_1","PTT",2021-10-14 00:24:00,2022-01-08 07:37:17,-35.662,NA,-42.409,173.702,"1",7456397
"CP16905","RRRG","KK","M","66891_1","PTT",2021-10-14 20:46:00,2022-01-08 07:37:17,-35.662,NA,-42.409,173.702,"1",7383077
"CP16905","RRRG","KK","M","66891_1","PTT",2021-10-14 00:24:00,2022-01-08 09:16:37,-35.662,NA,-42.413,173.64,"1",7462357
"CP16905","RRRG","KK","M","66891_1","PTT",2021-10-14 20:46:00,2022-01-08 09:16:37,-35.662,NA,-42.413,173.64,"1",7389037
"CP16905","RRRG","KK","M","66891_1","PTT",2021-10-14 00:24:00,2022-01-08 09:16:37,29.276,3.7638,-42.413,173.64,"1",7462357
"CP16905","RRRG","KK","M","66891_1","PTT",2021-10-14 20:46:00,2022-01-08 09:16:37,29.276,3.7638,-42.413,173.64,"1",7389037
"CP9068","RBRL","KK","F","66903","PTT",2021-10-03 19:06:00,2022-01-08 07:35:48,28.802,3.7322,-42.422,173.667,"2",8339388
"CP9068","RBRL","KK","F","66903","PTT",2021-10-03 19:06:00,2022-01-08 07:35:48,-35.662,NA,-42.422,173.667,"2",8339388
"CP9068","RBRL","KK","F","66903","PTT",2021-10-03 19:06:00,2022-01-08 08:23:42,-35.662,NA,-42.576,173.581,"B",8342262
"CP16905","RRRG","KK","M","66891_1","PTT",2021-10-14 00:24:00,2022-01-08 16:18:29,34.49,3.7085,-42.396,173.697,"2",7487669
"CP16905","RRRG","KK","M","66891_1","PTT",2021-10-14 20:46:00,2022-01-08 16:18:29,34.49,3.7085,-42.396,173.697,"2",7414349
"CP16905","RRRG","KK","M","66891_1","PTT",2021-10-14 00:24:00,2022-01-08 16:18:29,33.542,3.7085,-42.396,173.697,"2",7487669
"CP16905","RRRG","KK","M","66891_1","PTT",2021-10-14 20:46:00,2022-01-08 16:18:29,33.542,3.7085,-42.396,173.697,"2",7414349
"CP16905","RRRG","KK","M","66891_1","PTT",2021-10-14 00:24:00,2022-01-08 16:18:29,-35.662,NA,-42.396,173.697,"2",7487669
"CP16905","RRRG","KK","M","66891_1","PTT",2021-10-14 20:46:00,2022-01-08 16:18:29,-35.662,NA,-42.396,173.697,"2",7414349
"CP9068","RBRL","KK","F","66903","PTT",2021-10-03 19:06:00,2022-01-08 16:18:23,33.542,3.7164,-42.432,173.694,"1",8370743
"CP9068","RBRL","KK","F","66903","PTT",2021-10-03 19:06:00,2022-01-08 16:18:23,-35.662,NA,-42.432,173.694,"1",8370743
"CP16905","RRRG","KK","M","66891_1","PTT",2021-10-14 00:24:00,2022-01-09 08:55:11,43.97,3.7401,-42.415,173.681,"1",7547471
"CP16905","RRRG","KK","M","66891_1","PTT",2021-10-14 20:46:00,2022-01-09 08:55:11,43.97,3.7401,-42.415,173.681,"1",7474151
"CP16905","RRRG","KK","M","66891_1","PTT",2021-10-14 00:24:00,2022-01-09 08:55:11,-35.662,NA,-42.415,173.681,"1",7547471
"CP16905","RRRG","KK","M","66891_1","PTT",2021-10-14 20:46:00,2022-01-09 08:55:11,-35.662,NA,-42.415,173.681,"1",7474151
"CP9068","RBRL","KK","F","66903","PTT",2021-10-03 19:06:00,2022-01-09 07:12:15,25.958,3.7559,-42.563,173.756,"1",8424375
"CP9068","RBRL","KK","F","66903","PTT",2021-10-03 19:06:00,2022-01-09 07:12:15,-35.662,NA,-42.563,173.756,"1",8424375
"CP9068","RBRL","KK","F","66903","PTT",2021-10-03 19:06:00,2022-01-09 07:12:15,38.282,3.7322,-42.563,173.756,"1",8424375
"CP9068","RBRL","KK","F","66903","PTT",2021-10-03 19:06:00,2022-01-09 08:56:14,41.126,3.6848,-42.381,173.687,"1",8430614
"CP9068","RBRL","KK","F","66903","PTT",2021-10-03 19:06:00,2022-01-09 08:56:14,38.756,3.6769,-42.381,173.687,"1",8430614
"CP9068","RBRL","KK","F","66903","PTT",2021-10-03 19:06:00,2022-01-09 08:56:14,-35.662,NA,-42.381,173.687,"1",8430614
"CP16905","RRRG","KK","M","66891_1","PTT",2021-10-14 00:24:00,2022-01-09 15:49:20,32.594,3.7164,-42.354,173.753,"1",7572320
"CP16905","RRRG","KK","M","66891_1","PTT",2021-10-14 20:46:00,2022-01-09 15:49:20,32.594,3.7164,-42.354,173.753,"1",7499000
"CP16905","RRRG","KK","M","66891_1","PTT",2021-10-14 00:24:00,2022-01-09 15:49:20,-35.662,NA,-42.354,173.753,"1",7572320
"CP16905","RRRG","KK","M","66891_1","PTT",2021-10-14 20:46:00,2022-01-09 15:49:20,-35.662,NA,-42.354,173.753,"1",7499000
"CP16905","RRRG","KK","M","66891_1","PTT",2021-10-14 00:24:00,2022-01-09 17:26:23,29.75,3.6848,-42.367,173.688,"2",7578143
"CP16905","RRRG","KK","M","66891_1","PTT",2021-10-14 20:46:00,2022-01-09 17:26:23,29.75,3.6848,-42.367,173.688,"2",7504823
"CP16905","RRRG","KK","M","66891_1","PTT",2021-10-14 00:24:00,2022-01-09 17:26:23,-35.662,NA,-42.367,173.688,"2",7578143
"CP16905","RRRG","KK","M","66891_1","PTT",2021-10-14 20:46:00,2022-01-09 17:26:23,-35.662,NA,-42.367,173.688,"2",7504823
"CP9068","RBRL","KK","F","66903","PTT",2021-10-03 19:06:00,2022-01-09 15:49:07,-35.662,NA,-42.424,173.677,"A",8455387
"CP9068","RBRL","KK","F","66903","PTT",2021-10-03 19:06:00,2022-01-09 15:49:07,32.12,3.7243,-42.424,173.677,"A",8455387
"CP9068","RBRL","KK","F","66903","PTT",2021-10-03 19:06:00,2022-01-09 15:49:07,33.542,3.7243,-42.424,173.677,"A",8455387
"CP9068","RBRL","KK","F","66903","PTT",2021-10-03 19:06:00,2022-01-10 16:56:54,33.542,3.7164,-42.414,173.625,"0",8545854
"CP9068","RBRL","KK","F","66903","PTT",2021-10-03 19:06:00,2022-01-10 16:56:54,-35.662,NA,-42.414,173.625,"0",8545854
"CP16905","RRRG","KK","M","66891_1","PTT",2021-10-14 00:24:00,2022-01-11 08:12:47,32.12,3.7006,-42.381,173.645,"0",7717727
"CP16905","RRRG","KK","M","66891_1","PTT",2021-10-14 20:46:00,2022-01-11 08:12:47,32.12,3.7006,-42.381,173.645,"0",7644407
"CP16905","RRRG","KK","M","66891_1","PTT",2021-10-14 00:24:00,2022-01-11 08:12:47,-35.662,NA,-42.381,173.645,"0",7717727
"CP16905","RRRG","KK","M","66891_1","PTT",2021-10-14 20:46:00,2022-01-11 08:12:47,-35.662,NA,-42.381,173.645,"0",7644407
"CP16905","RRRG","KK","M","66891_1","PTT",2021-10-14 00:24:00,2022-01-11 16:25:26,34.49,3.7559,-42.399,173.717,"1",7747286
"CP16905","RRRG","KK","M","66891_1","PTT",2021-10-14 20:46:00,2022-01-11 16:25:26,34.49,3.7559,-42.399,173.717,"1",7673966
"CP16905","RRRG","KK","M","66891_1","PTT",2021-10-14 00:24:00,2022-01-11 16:25:26,-35.662,NA,-42.399,173.717,"1",7747286
"CP16905","RRRG","KK","M","66891_1","PTT",2021-10-14 20:46:00,2022-01-11 16:25:26,-35.662,NA,-42.399,173.717,"1",7673966
"CP16905","RRRG","KK","M","66891_1","PTT",2021-10-14 00:24:00,2022-01-11 18:16:31,-35.662,NA,-42.408,173.686,"A",7753951
"CP16905","RRRG","KK","M","66891_1","PTT",2021-10-14 20:46:00,2022-01-11 18:16:31,-35.662,NA,-42.408,173.686,"A",7680631
"CP16905","RRRG","KK","M","66891_1","PTT",2021-10-14 00:24:00,2022-01-11 18:16:31,25.958,3.7164,-42.408,173.686,"A",7753951
"CP16905","RRRG","KK","M","66891_1","PTT",2021-10-14 20:46:00,2022-01-11 18:16:31,25.958,3.7164,-42.408,173.686,"A",7680631
"CP16905","RRRG","KK","M","66891_1","PTT",2021-10-14 00:24:00,2022-01-11 18:16:31,25.484,3.7085,-42.408,173.686,"A",7753951
"CP16905","RRRG","KK","M","66891_1","PTT",2021-10-14 20:46:00,2022-01-11 18:16:31,25.484,3.7085,-42.408,173.686,"A",7680631
"CP16905","RRRG","KK","M","66891_1","PTT",2021-10-14 00:24:00,2022-01-12 07:53:53,34.49,3.7322,-42.37,173.707,"1",7802993
"CP16905","RRRG","KK","M","66891_1","PTT",2021-10-14 20:46:00,2022-01-12 07:53:53,34.49,3.7322,-42.37,173.707,"1",7729673
"CP16905","RRRG","KK","M","66891_1","PTT",2021-10-14 00:24:00,2022-01-12 07:53:53,33.068,3.7243,-42.37,173.707,"1",7802993
"CP16905","RRRG","KK","M","66891_1","PTT",2021-10-14 20:46:00,2022-01-12 07:53:53,33.068,3.7243,-42.37,173.707,"1",7729673
"CP16905","RRRG","KK","M","66891_1","PTT",2021-10-14 00:24:00,2022-01-12 07:53:53,-35.662,NA,-42.37,173.707,"1",7802993
"CP16905","RRRG","KK","M","66891_1","PTT",2021-10-14 20:46:00,2022-01-12 07:53:53,-35.662,NA,-42.37,173.707,"1",7729673
"CP16905","RRRG","KK","M","66891_1","PTT",2021-10-14 00:24:00,2022-01-14 16:31:18,34.49,3.7006,-42.396,173.723,"0",8006838
"CP16905","RRRG","KK","M","66891_1","PTT",2021-10-14 20:46:00,2022-01-14 16:31:18,34.49,3.7006,-42.396,173.723,"0",7933518
"CP16905","RRRG","KK","M","66891_1","PTT",2021-10-14 00:24:00,2022-01-14 16:31:18,-35.662,NA,-42.396,173.723,"0",8006838
"CP16905","RRRG","KK","M","66891_1","PTT",2021-10-14 20:46:00,2022-01-14 16:31:18,-35.662,NA,-42.396,173.723,"0",7933518
"CP9068","RBRL","KK","F","66903","PTT",2021-10-03 19:06:00,2022-01-15 08:32:19,36.386,3.7085,-42.416,173.693,"2",8947579
"CP9068","RBRL","KK","F","66903","PTT",2021-10-03 19:06:00,2022-01-15 08:32:19,37.334,3.7085,-42.416,173.693,"2",8947579
"CP9068","RBRL","KK","F","66903","PTT",2021-10-03 19:06:00,2022-01-15 08:32:19,-35.662,NA,-42.416,173.693,"2",8947579
"CP16905","RRRG","KK","M","66891_1","PTT",2021-10-14 00:24:00,2022-01-15 16:01:28,34.49,3.7085,-42.37,173.653,"0",8091448
"CP16905","RRRG","KK","M","66891_1","PTT",2021-10-14 20:46:00,2022-01-15 16:01:28,34.49,3.7085,-42.37,173.653,"0",8018128
"CP16905","RRRG","KK","M","66891_1","PTT",2021-10-14 00:24:00,2022-01-15 16:01:28,-35.662,NA,-42.37,173.653,"0",8091448
"CP16905","RRRG","KK","M","66891_1","PTT",2021-10-14 20:46:00,2022-01-15 16:01:28,-35.662,NA,-42.37,173.653,"0",8018128
"CP16905","RRRG","KK","M","66891_1","PTT",2021-10-14 00:24:00,2022-01-15 16:01:28,35.912,3.7085,-42.37,173.653,"0",8091448
"CP16905","RRRG","KK","M","66891_1","PTT",2021-10-14 20:46:00,2022-01-15 16:01:28,35.912,3.7085,-42.37,173.653,"0",8018128
"CP9068","RBRL","KK","F","66903","PTT",2021-10-03 19:06:00,2022-01-16 08:11:00,32.12,3.7243,-42.421,173.71,"2",9032700
"CP9068","RBRL","KK","F","66903","PTT",2021-10-03 19:06:00,2022-01-16 08:11:00,-35.662,NA,-42.421,173.71,"2",9032700
"CP9068","RBRL","KK","F","66903","PTT",2021-10-03 19:06:00,2022-01-16 08:11:00,32.594,3.7243,-42.421,173.71,"2",9032700
"CP16905","RRRG","KK","M","66891_1","PTT",2021-10-14 00:24:00,2022-01-16 17:08:04,27.38,3.7401,-42.381,173.671,"0",8181844
"CP16905","RRRG","KK","M","66891_1","PTT",2021-10-14 20:46:00,2022-01-16 17:08:04,27.38,3.7401,-42.381,173.671,"0",8108524
"CP16905","RRRG","KK","M","66891_1","PTT",2021-10-14 00:24:00,2022-01-16 17:08:04,27.38,3.7401,-42.381,173.671,"0",8181844
"CP16905","RRRG","KK","M","66891_1","PTT",2021-10-14 20:46:00,2022-01-16 17:08:04,27.38,3.7401,-42.381,173.671,"0",8108524
"CP16905","RRRG","KK","M","66891_1","PTT",2021-10-14 00:24:00,2022-01-16 17:08:04,-35.662,NA,-42.381,173.671,"0",8181844
"CP16905","RRRG","KK","M","66891_1","PTT",2021-10-14 20:46:00,2022-01-16 17:08:04,-35.662,NA,-42.381,173.671,"0",8108524
"CP9068","RBRL","KK","F","66903","PTT",2021-10-03 19:06:00,2022-01-16 17:08:20,-35.662,NA,-42.416,173.702,"1",9064940
"CP16905","RRRG","KK","M","66891_1","PTT",2021-10-14 00:24:00,2022-01-16 18:55:59,23.588,3.7401,-42.391,173.66,"B",8188319
"CP16905","RRRG","KK","M","66891_1","PTT",2021-10-14 20:46:00,2022-01-16 18:55:59,23.588,3.7401,-42.391,173.66,"B",8114999
"CP16905","RRRG","KK","M","66891_1","PTT",2021-10-14 00:24:00,2022-01-17 16:37:35,30.224,3.7164,-42.366,173.594,"0",8266415
"CP16905","RRRG","KK","M","66891_1","PTT",2021-10-14 20:46:00,2022-01-17 16:37:35,30.224,3.7164,-42.366,173.594,"0",8193095
"CP16905","RRRG","KK","M","66891_1","PTT",2021-10-14 00:24:00,2022-01-17 16:37:35,-35.662,NA,-42.366,173.594,"0",8266415
"CP16905","RRRG","KK","M","66891_1","PTT",2021-10-14 20:46:00,2022-01-17 16:37:35,-35.662,NA,-42.366,173.594,"0",8193095
"CP9068","RBRL","KK","F","66903","PTT",2021-10-03 19:06:00,2022-01-17 16:38:41,31.172,3.7796,-42.418,173.69,"1",9149561
"CP9068","RBRL","KK","F","66903","PTT",2021-10-03 19:06:00,2022-01-17 16:38:41,31.172,3.7796,-42.418,173.69,"1",9149561
"CP9068","RBRL","KK","F","66903","PTT",2021-10-03 19:06:00,2022-01-17 16:38:41,-35.662,NA,-42.418,173.69,"1",9149561
"CP9068","RBRL","KK","F","66903","PTT",2021-10-03 19:06:00,2022-01-17 18:46:38,21.218,3.7085,-42.422,173.708,"2",9157238
"CP9068","RBRL","KK","F","66903","PTT",2021-10-03 19:06:00,2022-01-17 18:46:38,-35.662,NA,-42.422,173.708,"2",9157238
"CP9068","RBRL","KK","F","66903","PTT",2021-10-03 19:06:00,2022-01-18 07:52:52,-35.662,NA,-42.168,173.869,"B",9204412
"CP9068","RBRL","KK","F","66903","PTT",2021-10-03 19:06:00,2022-01-18 08:17:54,-35.662,NA,-42.38,173.579,"A",9205914
"CP9068","RBRL","KK","F","66903","PTT",2021-10-03 19:06:00,2022-01-18 09:09:48,37.808,3.7085,-42.425,173.699,"2",9209028
"CP9068","RBRL","KK","F","66903","PTT",2021-10-03 19:06:00,2022-01-18 09:09:48,-35.662,NA,-42.425,173.699,"2",9209028
"CP9068","RBRL","KK","F","66903","PTT",2021-10-03 19:06:00,2022-01-18 16:08:14,-35.662,NA,-42.411,173.73,"B",9234134
"CP9068","RBRL","KK","F","66903","PTT",2021-10-03 19:06:00,2022-01-18 17:47:36,-35.662,NA,-42.455,173.764,"B",9240096
"CP9068","RBRL","KK","F","66903","PTT",2021-10-03 19:06:00,2022-01-19 17:14:22,29.276,3.7164,-42.415,173.666,"2",9324502
"CP9068","RBRL","KK","F","66903","PTT",2021-10-03 19:06:00,2022-01-19 17:14:22,-35.662,NA,-42.415,173.666,"2",9324502
"CP9068","RBRL","KK","F","66903","PTT",2021-10-03 19:06:00,2022-01-19 17:14:22,29.75,3.7164,-42.415,173.666,"2",9324502
"CP9068","RBRL","KK","F","66903","PTT",2021-10-03 19:06:00,2022-01-20 15:04:47,31.172,3.7085,-42.568,174.108,"B",9403127
"CP16905","RRRG","KK","M","66891_1","PTT",2021-10-14 00:24:00,2022-01-21 08:07:55,34.016,3.7243,-42.398,173.692,"1",8581435
"CP16905","RRRG","KK","M","66891_1","PTT",2021-10-14 20:46:00,2022-01-21 08:07:55,34.016,3.7243,-42.398,173.692,"1",8508115
"CP16905","RRRG","KK","M","66891_1","PTT",2021-10-14 00:24:00,2022-01-21 08:07:55,-35.662,NA,-42.398,173.692,"1",8581435
"CP16905","RRRG","KK","M","66891_1","PTT",2021-10-14 20:46:00,2022-01-21 08:07:55,-35.662,NA,-42.398,173.692,"1",8508115
"CP9068","RBRL","KK","F","66903","PTT",2021-10-03 19:06:00,2022-01-21 07:18:46,35.912,3.7243,-42.353,173.675,"A",9461566
"CP9068","RBRL","KK","F","66903","PTT",2021-10-03 19:06:00,2022-01-21 07:18:46,-35.662,NA,-42.353,173.675,"A",9461566
"CP9068","RBRL","KK","F","66903","PTT",2021-10-03 19:06:00,2022-01-21 08:07:43,36.386,3.7164,-42.425,173.732,"2",9464503
"CP9068","RBRL","KK","F","66903","PTT",2021-10-03 19:06:00,2022-01-21 08:07:43,-35.662,NA,-42.425,173.732,"2",9464503
"CP9068","RBRL","KK","F","66903","PTT",2021-10-03 19:06:00,2022-01-21 16:13:30,32.12,3.7559,-42.455,173.835,"1",9493650
"CP9068","RBRL","KK","F","66903","PTT",2021-10-03 19:06:00,2022-01-21 16:13:30,38.756,3.7638,-42.455,173.835,"1",9493650
"CP9068","RBRL","KK","F","66903","PTT",2021-10-03 19:06:00,2022-01-21 16:13:30,-35.662,NA,-42.455,173.835,"1",9493650
"CP9068","RBRL","KK","F","66903","PTT",2021-10-03 19:06:00,2022-01-21 17:51:54,-35.662,NA,-42.515,173.863,"B",9499554
"CP9068","RBRL","KK","F","66903","PTT",2021-10-03 19:06:00,2022-01-22 07:47:10,31.646,3.7401,-42.439,173.708,"2",9549670
"CP9068","RBRL","KK","F","66903","PTT",2021-10-03 19:06:00,2022-01-22 07:47:10,-35.662,NA,-42.439,173.708,"2",9549670
"CP9068","RBRL","KK","F","66903","PTT",2021-10-03 19:06:00,2022-01-22 07:47:10,34.016,3.7401,-42.439,173.708,"2",9549670
"CP9068","RBRL","KK","F","66903","PTT",2021-10-03 19:06:00,2022-01-22 08:34:21,-35.662,NA,-42.418,173.726,"B",9552501
"CP9068","RBRL","KK","F","66903","PTT",2021-10-03 19:06:00,2022-01-22 09:27:21,35.438,3.7164,-42.423,173.637,"B",9555681
"CP9068","RBRL","KK","F","66903","PTT",2021-10-03 19:06:00,2022-01-22 09:27:21,-35.662,NA,-42.423,173.637,"B",9555681
"CP16905","RRRG","KK","M","66891_1","PTT",2021-10-14 00:24:00,2022-01-22 15:42:30,34.964,3.7085,-42.353,173.761,"A",8695110
"CP16905","RRRG","KK","M","66891_1","PTT",2021-10-14 20:46:00,2022-01-22 15:42:30,34.964,3.7085,-42.353,173.761,"A",8621790
"CP16905","RRRG","KK","M","66891_1","PTT",2021-10-14 00:24:00,2022-01-22 15:42:30,-35.662,NA,-42.353,173.761,"A",8695110
"CP16905","RRRG","KK","M","66891_1","PTT",2021-10-14 20:46:00,2022-01-22 15:42:30,-35.662,NA,-42.353,173.761,"A",8621790
"CP9068","RBRL","KK","F","66903","PTT",2021-10-03 19:06:00,2022-01-22 15:42:28,37.334,3.7559,-42.417,173.691,"2",9578188
"CP9068","RBRL","KK","F","66903","PTT",2021-10-03 19:06:00,2022-01-22 15:42:28,-35.662,NA,-42.417,173.691,"2",9578188
"CP9068","RBRL","KK","F","66903","PTT",2021-10-03 19:06:00,2022-01-22 17:20:53,-35.662,NA,-42.42,173.716,"2",9584093
"CP9068","RBRL","KK","F","66903","PTT",2021-10-03 19:06:00,2022-01-22 17:20:53,30.698,3.7322,-42.42,173.716,"2",9584093
"CP9068","RBRL","KK","F","66903","PTT",2021-10-03 19:06:00,2022-01-24 16:19:56,27.854,3.7164,-42.421,173.705,"2",9753236
"CP9068","RBRL","KK","F","66903","PTT",2021-10-03 19:06:00,2022-01-24 16:19:56,-35.662,NA,-42.421,173.705,"2",9753236
"CP16905","RRRG","KK","M","66891_1","PTT",2021-10-14 00:24:00,2022-01-26 16:57:24,34.016,3.7085,-42.383,173.707,"1",9045204
"CP16905","RRRG","KK","M","66891_1","PTT",2021-10-14 20:46:00,2022-01-26 16:57:24,34.016,3.7085,-42.383,173.707,"1",8971884
"CP16905","RRRG","KK","M","66891_1","PTT",2021-10-14 00:24:00,2022-01-26 16:57:24,-35.662,NA,-42.383,173.707,"1",9045204
"CP16905","RRRG","KK","M","66891_1","PTT",2021-10-14 20:46:00,2022-01-26 16:57:24,-35.662,NA,-42.383,173.707,"1",8971884
"CP16905","RRRG","KK","M","66891_1","PTT",2021-10-14 00:24:00,2022-01-26 16:57:24,36.386,3.7085,-42.383,173.707,"1",9045204
"CP16905","RRRG","KK","M","66891_1","PTT",2021-10-14 20:46:00,2022-01-26 16:57:24,36.386,3.7085,-42.383,173.707,"1",8971884
"CP16905","RRRG","KK","M","66891_1","PTT",2021-10-14 00:24:00,2022-01-27 09:22:58,29.75,3.7243,-42.432,173.604,"A",9104338
"CP16905","RRRG","KK","M","66891_1","PTT",2021-10-14 20:46:00,2022-01-27 09:22:58,29.75,3.7243,-42.432,173.604,"A",9031018
"CP16905","RRRG","KK","M","66891_1","PTT",2021-10-14 00:24:00,2022-01-27 09:22:58,-35.662,NA,-42.432,173.604,"A",9104338
"CP16905","RRRG","KK","M","66891_1","PTT",2021-10-14 20:46:00,2022-01-27 09:22:58,-35.662,NA,-42.432,173.604,"A",9031018
"CP9068","RBRL","KK","F","66903","PTT",2021-10-03 19:06:00,2022-01-27 07:43:38,34.49,3.7717,-42.474,173.794,"1",9981458
"CP9068","RBRL","KK","F","66903","PTT",2021-10-03 19:06:00,2022-01-27 07:43:38,-35.662,NA,-42.474,173.794,"1",9981458
"CP9068","RBRL","KK","F","66903","PTT",2021-10-03 19:06:00,2022-01-27 09:24:15,-35.662,NA,-42.422,173.703,"A",9987495
"CP9068","RBRL","KK","F","66903","PTT",2021-10-03 19:06:00,2022-01-27 16:26:30,29.276,3.8823,-42.419,173.694,"1",10012830
"CP9068","RBRL","KK","F","66903","PTT",2021-10-03 19:06:00,2022-01-27 16:26:30,-35.662,NA,-42.419,173.694,"1",10012830
"CP9068","RBRL","KK","F","66903","PTT",2021-10-03 19:06:00,2022-01-27 18:29:18,26.432,3.8349,-42.418,173.707,"1",10020198
"CP9068","RBRL","KK","F","66903","PTT",2021-10-03 19:06:00,2022-01-27 18:29:18,25.958,3.827,-42.418,173.707,"1",10020198
"CP9068","RBRL","KK","F","66903","PTT",2021-10-03 19:06:00,2022-01-27 18:29:18,-35.662,NA,-42.418,173.707,"1",10020198
"CP9068","RBRL","KK","F","66903","PTT",2021-10-03 19:06:00,2022-01-27 20:10:57,25.01,3.7796,-42.418,173.726,"A",10026297
"CP9068","RBRL","KK","F","66903","PTT",2021-10-03 19:06:00,2022-01-27 20:10:57,-35.662,NA,-42.418,173.726,"A",10026297
"CP16905","RRRG","KK","M","66891_1","PTT",2021-10-14 00:24:00,2022-01-28 08:09:50,-35.662,NA,-42.433,173.603,"B",9186350
"CP16905","RRRG","KK","M","66891_1","PTT",2021-10-14 20:46:00,2022-01-28 08:09:50,-35.662,NA,-42.433,173.603,"B",9113030
"CP16905","RRRG","KK","M","66891_1","PTT",2021-10-14 00:24:00,2022-01-28 09:03:07,32.594,3.7164,-42.375,173.684,"1",9189547
"CP16905","RRRG","KK","M","66891_1","PTT",2021-10-14 20:46:00,2022-01-28 09:03:07,32.594,3.7164,-42.375,173.684,"1",9116227
"CP16905","RRRG","KK","M","66891_1","PTT",2021-10-14 00:24:00,2022-01-28 09:03:07,32.594,3.7164,-42.375,173.684,"1",9189547
"CP16905","RRRG","KK","M","66891_1","PTT",2021-10-14 20:46:00,2022-01-28 09:03:07,32.594,3.7164,-42.375,173.684,"1",9116227
"CP16905","RRRG","KK","M","66891_1","PTT",2021-10-14 00:24:00,2022-01-28 09:03:07,-35.662,NA,-42.375,173.684,"1",9189547
"CP16905","RRRG","KK","M","66891_1","PTT",2021-10-14 20:46:00,2022-01-28 09:03:07,-35.662,NA,-42.375,173.684,"1",9116227
"CP9068","RBRL","KK","F","66903","PTT",2021-10-03 19:06:00,2022-01-28 08:10:15,-35.662,NA,-42.41,173.904,"B",10069455
"CP9068","RBRL","KK","F","66903","PTT",2021-10-03 19:06:00,2022-01-28 09:03:12,37.334,3.7401,-42.426,173.726,"2",10072632
"CP9068","RBRL","KK","F","66903","PTT",2021-10-03 19:06:00,2022-01-28 09:03:12,-35.662,NA,-42.426,173.726,"2",10072632
"CP9068","RBRL","KK","F","66903","PTT",2021-10-03 19:06:00,2022-01-28 09:03:12,36.86,3.7401,-42.426,173.726,"2",10072632
"CP16905","RRRG","KK","M","66891_1","PTT",2021-10-14 00:24:00,2022-01-28 15:55:01,33.542,3.7085,-42.339,173.714,"1",9214261
"CP16905","RRRG","KK","M","66891_1","PTT",2021-10-14 20:46:00,2022-01-28 15:55:01,33.542,3.7085,-42.339,173.714,"1",9140941
"CP16905","RRRG","KK","M","66891_1","PTT",2021-10-14 00:24:00,2022-01-28 15:55:01,-35.662,NA,-42.339,173.714,"1",9214261
"CP16905","RRRG","KK","M","66891_1","PTT",2021-10-14 20:46:00,2022-01-28 15:55:01,-35.662,NA,-42.339,173.714,"1",9140941
"CP9068","RBRL","KK","F","66903","PTT",2021-10-03 19:06:00,2022-01-28 15:53:19,28.328,3.8191,-42.422,173.708,"1",10097239
"CP9068","RBRL","KK","F","66903","PTT",2021-10-03 19:06:00,2022-01-28 15:53:19,-35.662,NA,-42.422,173.708,"1",10097239
"CP9068","RBRL","KK","F","66903","PTT",2021-10-03 19:06:00,2022-01-28 15:53:19,28.328,3.8191,-42.422,173.708,"1",10097239
"CP9068","RBRL","KK","F","66903","PTT",2021-10-03 19:06:00,2022-01-28 17:33:37,41.126,3.3688,-42.416,173.725,"A",10103257
"CP9068","RBRL","KK","F","66903","PTT",2021-10-03 19:06:00,2022-01-28 17:33:37,-35.662,NA,-42.416,173.725,"A",10103257
"CP9068","RBRL","KK","F","66903","PTT",2021-10-03 19:06:00,2022-01-28 17:33:37,27.38,3.7954,-42.416,173.725,"A",10103257
"CP9068","RBRL","KK","F","66903","PTT",2021-10-03 19:06:00,2022-01-28 18:17:29,-35.662,NA,-42.428,173.71,"A",10105889
"CP9068","RBRL","KK","F","66903","PTT",2021-10-03 19:06:00,2022-01-28 20:00:34,22.64,3.7164,-42.429,173.684,"A",10112074
"CP9068","RBRL","KK","F","66903","PTT",2021-10-03 19:06:00,2022-01-28 20:00:34,23.588,3.7164,-42.429,173.684,"A",10112074
"CP9068","RBRL","KK","F","66903","PTT",2021-10-03 19:06:00,2022-01-28 20:00:34,-35.662,NA,-42.429,173.684,"A",10112074
"CP9068","RBRL","KK","F","66903","PTT",2021-10-03 19:06:00,2022-01-29 07:24:38,-35.662,NA,-42.568,173.779,"B",10153118
"CP9068","RBRL","KK","F","66903","PTT",2021-10-03 19:06:00,2022-01-29 07:27:09,-35.662,NA,-42.275,173.684,"A",10153269
"CP9068","RBRL","KK","F","66903","PTT",2021-10-03 19:06:00,2022-01-29 08:41:37,35.438,3.7164,-42.424,173.713,"2",10157737
"CP9068","RBRL","KK","F","66903","PTT",2021-10-03 19:06:00,2022-01-29 08:41:37,35.438,3.7243,-42.424,173.713,"2",10157737
"CP9068","RBRL","KK","F","66903","PTT",2021-10-03 19:06:00,2022-01-29 08:41:37,-35.662,NA,-42.424,173.713,"2",10157737
"CP16905","RRRG","KK","M","66891_1","PTT",2021-10-14 00:24:00,2022-01-29 15:24:03,-35.662,NA,-42.286,173.753,"B",9298803
"CP16905","RRRG","KK","M","66891_1","PTT",2021-10-14 20:46:00,2022-01-29 15:24:03,-35.662,NA,-42.286,173.753,"B",9225483
"CP9068","RBRL","KK","F","66903","PTT",2021-10-03 19:06:00,2022-01-29 15:23:32,-35.662,NA,-42.49,173.719,"B",10181852
"CP9068","RBRL","KK","F","66903","PTT",2021-10-03 19:06:00,2022-01-29 17:01:12,35.438,3.7243,-42.43,173.759,"1",10187712
"CP9068","RBRL","KK","F","66903","PTT",2021-10-03 19:06:00,2022-01-29 17:01:12,32.594,3.7164,-42.43,173.759,"1",10187712
"CP9068","RBRL","KK","F","66903","PTT",2021-10-03 19:06:00,2022-01-29 17:01:12,-35.662,NA,-42.43,173.759,"1",10187712
"CP9068","RBRL","KK","F","66903","PTT",2021-10-03 19:06:00,2022-01-30 08:24:10,38.756,3.7559,-42.414,173.859,"B",10243090
"CP9068","RBRL","KK","F","66903","PTT",2021-10-03 19:06:00,2022-01-30 08:24:10,-35.662,NA,-42.414,173.859,"B",10243090
"CP16905","RRRG","KK","M","66891_1","PTT",2021-10-14 00:24:00,2022-01-30 16:31:22,31.646,3.7006,-42.395,173.696,"1",9389242
"CP16905","RRRG","KK","M","66891_1","PTT",2021-10-14 20:46:00,2022-01-30 16:31:22,31.646,3.7006,-42.395,173.696,"1",9315922
"CP16905","RRRG","KK","M","66891_1","PTT",2021-10-14 00:24:00,2022-01-30 16:31:22,-35.662,NA,-42.395,173.696,"1",9389242
"CP16905","RRRG","KK","M","66891_1","PTT",2021-10-14 20:46:00,2022-01-30 16:31:22,-35.662,NA,-42.395,173.696,"1",9315922
"CP9068","RBRL","KK","F","66903","PTT",2021-10-03 19:06:00,2022-01-30 16:32:54,33.068,3.7164,-42.406,173.704,"0",10272414
"CP9068","RBRL","KK","F","66903","PTT",2021-10-03 19:06:00,2022-01-30 16:32:54,-35.662,NA,-42.406,173.704,"0",10272414
"CP9068","RBRL","KK","F","66903","PTT",2021-10-03 19:06:00,2022-01-30 16:32:54,28.802,3.7085,-42.406,173.704,"0",10272414
"CP16905","RRRG","KK","M","66891_1","PTT",2021-10-14 00:24:00,2022-01-31 07:58:55,30.224,3.7164,-42.375,173.649,"1",9444895
"CP16905","RRRG","KK","M","66891_1","PTT",2021-10-14 20:46:00,2022-01-31 07:58:55,30.224,3.7164,-42.375,173.649,"1",9371575
"CP16905","RRRG","KK","M","66891_1","PTT",2021-10-14 00:24:00,2022-01-31 07:58:55,32.12,3.7085,-42.375,173.649,"1",9444895
"CP16905","RRRG","KK","M","66891_1","PTT",2021-10-14 20:46:00,2022-01-31 07:58:55,32.12,3.7085,-42.375,173.649,"1",9371575
"CP16905","RRRG","KK","M","66891_1","PTT",2021-10-14 00:24:00,2022-01-31 07:58:55,-35.662,NA,-42.375,173.649,"1",9444895
"CP16905","RRRG","KK","M","66891_1","PTT",2021-10-14 20:46:00,2022-01-31 07:58:55,-35.662,NA,-42.375,173.649,"1",9371575
"CP9068","RBRL","KK","F","66903","PTT",2021-10-03 19:06:00,2022-01-31 16:01:28,28.802,3.7085,-42.427,173.655,"1",10356928
"CP9068","RBRL","KK","F","66903","PTT",2021-10-03 19:06:00,2022-01-31 16:01:28,-35.662,NA,-42.427,173.655,"1",10356928
"CP16905","RRRG","KK","M","66891_1","PTT",2021-10-14 00:24:00,2022-02-01 09:20:10,37.808,3.7006,-42.385,173.638,"1",9536170
"CP16905","RRRG","KK","M","66891_1","PTT",2021-10-14 20:46:00,2022-02-01 09:20:10,37.808,3.7006,-42.385,173.638,"1",9462850
"CP16905","RRRG","KK","M","66891_1","PTT",2021-10-14 00:24:00,2022-02-01 09:20:10,-35.662,NA,-42.385,173.638,"1",9536170
"CP16905","RRRG","KK","M","66891_1","PTT",2021-10-14 20:46:00,2022-02-01 09:20:10,-35.662,NA,-42.385,173.638,"1",9462850
"CP16905","RRRG","KK","M","66891_1","PTT",2021-10-14 00:24:00,2022-02-01 09:20:10,35.438,3.6927,-42.385,173.638,"1",9536170
"CP16905","RRRG","KK","M","66891_1","PTT",2021-10-14 20:46:00,2022-02-01 09:20:10,35.438,3.6927,-42.385,173.638,"1",9462850
"CP9068","RBRL","KK","F","66903","PTT",2021-10-03 19:06:00,2022-02-01 15:30:35,-35.662,NA,-42.341,173.728,"B",10441475
"CP9068","RBRL","KK","F","66903","PTT",2021-10-03 19:06:00,2022-02-01 16:03:07,29.75,3.7006,-42.399,173.635,"B",10443427
"CP16905","RRRG","KK","M","66891_1","PTT",2021-10-14 00:24:00,2022-02-17 08:49:28,27.854,3.748,-42.406,173.746,"1",10916728
"CP16905","RRRG","KK","M","66891_1","PTT",2021-10-14 20:46:00,2022-02-17 08:49:28,27.854,3.748,-42.406,173.746,"1",10843408
"CP16905","RRRG","KK","M","66891_1","PTT",2021-10-14 00:24:00,2022-02-17 08:49:28,-35.662,NA,-42.406,173.746,"1",10916728
"CP16905","RRRG","KK","M","66891_1","PTT",2021-10-14 20:46:00,2022-02-17 08:49:28,-35.662,NA,-42.406,173.746,"1",10843408
"CP16905","RRRG","KK","M","66891_1","PTT",2021-10-14 00:24:00,2022-02-17 08:49:28,29.276,3.7322,-42.406,173.746,"1",10916728
"CP16905","RRRG","KK","M","66891_1","PTT",2021-10-14 20:46:00,2022-02-17 08:49:28,29.276,3.7322,-42.406,173.746,"1",10843408
"CP16905","RRRG","KK","M","66891_1","PTT",2021-10-14 00:24:00,2022-02-17 16:41:26,32.594,3.7164,-42.433,173.881,"0",10945046
"CP16905","RRRG","KK","M","66891_1","PTT",2021-10-14 20:46:00,2022-02-17 16:41:26,32.594,3.7164,-42.433,173.881,"0",10871726
"CP16905","RRRG","KK","M","66891_1","PTT",2021-10-14 00:24:00,2022-02-17 16:41:26,-35.662,NA,-42.433,173.881,"0",10945046
"CP16905","RRRG","KK","M","66891_1","PTT",2021-10-14 20:46:00,2022-02-17 16:41:26,-35.662,NA,-42.433,173.881,"0",10871726
"CP16905","RRRG","KK","M","66891_1","PTT",2021-10-14 00:24:00,2022-02-17 16:41:26,31.172,3.7164,-42.433,173.881,"0",10945046
"CP16905","RRRG","KK","M","66891_1","PTT",2021-10-14 20:46:00,2022-02-17 16:41:26,31.172,3.7164,-42.433,173.881,"0",10871726
"CP16905","RRRG","KK","M","66891_1","PTT",2021-10-14 00:24:00,2022-02-17 17:09:04,30.224,3.7006,-42.402,173.681,"2",10946704
"CP16905","RRRG","KK","M","66891_1","PTT",2021-10-14 20:46:00,2022-02-17 17:09:04,30.224,3.7006,-42.402,173.681,"2",10873384
"CP16905","RRRG","KK","M","66891_1","PTT",2021-10-14 00:24:00,2022-02-17 17:09:04,-35.662,NA,-42.402,173.681,"2",10946704
"CP16905","RRRG","KK","M","66891_1","PTT",2021-10-14 20:46:00,2022-02-17 17:09:04,-35.662,NA,-42.402,173.681,"2",10873384
"CP16905","RRRG","KK","M","66891_1","PTT",2021-10-14 00:24:00,2022-02-18 15:00:27,-35.662,NA,-42.433,173.81,"B",11025387
"CP16905","RRRG","KK","M","66891_1","PTT",2021-10-14 20:46:00,2022-02-18 15:00:27,-35.662,NA,-42.433,173.81,"B",10952067
"CP9068","RBRL","KK","F","66903","PTT",2021-10-03 19:06:00,2022-02-21 16:45:31,29.75,3.7085,-42.418,173.709,"1",12173971
"CP9068","RBRL","KK","F","66903","PTT",2021-10-03 19:06:00,2022-02-21 16:45:31,-35.662,NA,-42.418,173.709,"1",12173971
"CP9068","RBRL","KK","F","66903","PTT",2021-10-03 19:06:00,2022-02-21 16:45:31,29.276,3.7006,-42.418,173.709,"1",12173971
"CP16905","RRRG","KK","M","66891_1","PTT",2021-10-14 00:24:00,2022-02-22 08:45:17,38.282,3.7085,-42.382,173.688,"3",11348477
"CP16905","RRRG","KK","M","66891_1","PTT",2021-10-14 20:46:00,2022-02-22 08:45:17,38.282,3.7085,-42.382,173.688,"3",11275157
"CP16905","RRRG","KK","M","66891_1","PTT",2021-10-14 00:24:00,2022-02-22 08:45:17,37.808,3.7085,-42.382,173.688,"3",11348477
"CP16905","RRRG","KK","M","66891_1","PTT",2021-10-14 20:46:00,2022-02-22 08:45:17,37.808,3.7085,-42.382,173.688,"3",11275157
"CP16905","RRRG","KK","M","66891_1","PTT",2021-10-14 00:24:00,2022-02-22 08:45:17,-35.662,NA,-42.382,173.688,"3",11348477
"CP16905","RRRG","KK","M","66891_1","PTT",2021-10-14 20:46:00,2022-02-22 08:45:17,-35.662,NA,-42.382,173.688,"3",11275157
"CP16905","RRRG","KK","M","66891_1","PTT",2021-10-14 00:24:00,2022-02-25 16:13:13,33.542,3.6769,-42.397,173.683,"A",11634553
"CP16905","RRRG","KK","M","66891_1","PTT",2021-10-14 20:46:00,2022-02-25 16:13:13,33.542,3.6769,-42.397,173.683,"A",11561233
"CP16905","RRRG","KK","M","66891_1","PTT",2021-10-14 00:24:00,2022-02-25 16:13:13,-35.662,NA,-42.397,173.683,"A",11634553
"CP16905","RRRG","KK","M","66891_1","PTT",2021-10-14 20:46:00,2022-02-25 16:13:13,-35.662,NA,-42.397,173.683,"A",11561233
"CP9068","RBRL","KK","F","66903","PTT",2021-10-03 19:06:00,2022-03-01 15:55:33,31.646,3.7085,-42.415,173.717,"2",12862173
"CP9068","RBRL","KK","F","66903","PTT",2021-10-03 19:06:00,2022-03-01 15:55:33,31.646,3.7085,-42.415,173.717,"2",12862173
"CP9068","RBRL","KK","F","66903","PTT",2021-10-03 19:06:00,2022-03-01 15:55:33,-35.662,NA,-42.415,173.717,"2",12862173
"CP16905","RRRG","KK","M","66891_1","PTT",2021-10-14 00:24:00,2022-03-06 07:56:37,38.282,3.7322,-42.39,173.685,"1",12382357
"CP16905","RRRG","KK","M","66891_1","PTT",2021-10-14 20:46:00,2022-03-06 07:56:37,38.282,3.7322,-42.39,173.685,"1",12309037
"CP16905","RRRG","KK","M","66891_1","PTT",2021-10-14 00:24:00,2022-03-06 07:56:37,39.23,3.7243,-42.39,173.685,"1",12382357
"CP16905","RRRG","KK","M","66891_1","PTT",2021-10-14 20:46:00,2022-03-06 07:56:37,39.23,3.7243,-42.39,173.685,"1",12309037
"CP16905","RRRG","KK","M","66891_1","PTT",2021-10-14 00:24:00,2022-03-06 07:56:37,-35.662,NA,-42.39,173.685,"1",12382357
"CP16905","RRRG","KK","M","66891_1","PTT",2021-10-14 20:46:00,2022-03-06 07:56:37,-35.662,NA,-42.39,173.685,"1",12309037
"CP16905","RRRG","KK","M","66891_1","PTT",2021-10-14 00:24:00,2022-03-07 06:51:12,-35.662,NA,-42.427,173.754,"1",12464832
"CP16905","RRRG","KK","M","66891_1","PTT",2021-10-14 20:46:00,2022-03-07 06:51:12,-35.662,NA,-42.427,173.754,"1",12391512
"CP16905","RRRG","KK","M","66891_1","PTT",2021-10-14 00:24:00,2022-03-07 06:51:12,32.12,3.748,-42.427,173.754,"1",12464832
"CP16905","RRRG","KK","M","66891_1","PTT",2021-10-14 20:46:00,2022-03-07 06:51:12,32.12,3.748,-42.427,173.754,"1",12391512
"CP16905","RRRG","KK","M","66891_1","PTT",2021-10-14 00:24:00,2022-03-07 09:15:00,-35.662,NA,-42.382,173.779,"A",12473460
"CP16905","RRRG","KK","M","66891_1","PTT",2021-10-14 20:46:00,2022-03-07 09:15:00,-35.662,NA,-42.382,173.779,"A",12400140
"CP16905","RRRG","KK","M","66891_1","PTT",2021-10-14 00:24:00,2022-03-07 09:15:00,37.808,3.6769,-42.382,173.779,"A",12473460
"CP16905","RRRG","KK","M","66891_1","PTT",2021-10-14 20:46:00,2022-03-07 09:15:00,37.808,3.6769,-42.382,173.779,"A",12400140
"CP9068","RBRL","KK","F","66903","PTT",2021-10-03 19:06:00,2022-03-08 16:31:22,38.282,3.8586,-39.517,-177.161,"Z",13469122
"CP9068","RBRL","KK","F","66903","PTT",2021-10-03 19:06:00,2022-03-08 16:31:22,-35.662,NA,-39.517,-177.161,"Z",13469122
"CP9068","RBRL","KK","F","66903","PTT",2021-10-03 19:06:00,2022-03-08 17:14:36,33.068,3.8507,-38.704,174.623,"2",13471716
"CP9068","RBRL","KK","F","66903","PTT",2021-10-03 19:06:00,2022-03-08 17:14:36,32.12,3.8507,-38.704,174.623,"2",13471716
"CP9068","RBRL","KK","F","66903","PTT",2021-10-03 19:06:00,2022-03-08 17:14:36,-35.662,NA,-38.704,174.623,"2",13471716
"CP9068","RBRL","KK","F","66903","PTT",2021-10-03 19:06:00,2022-03-08 18:55:44,21.218,3.7796,-38.612,174.606,"0",13477784
"CP9068","RBRL","KK","F","66903","PTT",2021-10-03 19:06:00,2022-03-08 18:55:44,-35.662,NA,-38.612,174.606,"0",13477784
"CP9068","RBRL","KK","F","66903","PTT",2021-10-03 19:06:00,2022-03-08 19:02:29,-35.662,NA,-38.396,174.55,"1",13478189
"CP9068","RBRL","KK","F","66903","PTT",2021-10-03 19:06:00,2022-03-08 19:02:29,21.692,3.7796,-38.396,174.55,"1",13478189
"CP9068","RBRL","KK","F","66903","PTT",2021-10-03 19:06:00,2022-03-08 19:32:50,-35.662,NA,-38.352,174.586,"A",13480010
"CP9068","RBRL","KK","F","66903","PTT",2021-10-03 19:06:00,2022-03-08 20:44:37,21.218,2.7289,-38.254,174.619,"B",13484317
"CP9068","RBRL","KK","F","66903","PTT",2021-10-03 19:06:00,2022-03-13 08:53:39,-35.662,NA,-37.369,174.765,"A",13873659
"CP9068","RBRL","KK","F","66903","PTT",2021-10-03 19:06:00,2022-03-13 08:53:39,32.12,3.7164,-37.369,174.765,"A",13873659
"CP16905","RRRG","KK","M","66891_1","PTT",2021-10-14 00:24:00,2022-03-14 07:08:27,20.27,3.7638,-36.799,174.494,"1",13070667
"CP16905","RRRG","KK","M","66891_1","PTT",2021-10-14 20:46:00,2022-03-14 07:08:27,20.27,3.7638,-36.799,174.494,"1",12997347
"CP16905","RRRG","KK","M","66891_1","PTT",2021-10-14 00:24:00,2022-03-14 07:08:27,19.796,3.7717,-36.799,174.494,"1",13070667
"CP16905","RRRG","KK","M","66891_1","PTT",2021-10-14 20:46:00,2022-03-14 07:08:27,19.796,3.7717,-36.799,174.494,"1",12997347
"CP16905","RRRG","KK","M","66891_1","PTT",2021-10-14 00:24:00,2022-03-14 07:08:27,-35.662,NA,-36.799,174.494,"1",13070667
"CP16905","RRRG","KK","M","66891_1","PTT",2021-10-14 20:46:00,2022-03-14 07:08:27,-35.662,NA,-36.799,174.494,"1",12997347
"CP16905","RRRG","KK","M","66891_1","PTT",2021-10-14 00:24:00,2022-03-14 08:30:52,29.276,3.7875,-36.499,174.665,"0",13075612
"CP16905","RRRG","KK","M","66891_1","PTT",2021-10-14 20:46:00,2022-03-14 08:30:52,29.276,3.7875,-36.499,174.665,"0",13002292
"CP16905","RRRG","KK","M","66891_1","PTT",2021-10-14 00:24:00,2022-03-14 08:30:52,-35.662,NA,-36.499,174.665,"0",13075612
"CP16905","RRRG","KK","M","66891_1","PTT",2021-10-14 20:46:00,2022-03-14 08:30:52,-35.662,NA,-36.499,174.665,"0",13002292
"CP9068","RBRL","KK","F","66903","PTT",2021-10-03 19:06:00,2022-03-14 08:30:49,37.808,3.7164,-37.371,174.695,"1",13958689
"CP9068","RBRL","KK","F","66903","PTT",2021-10-03 19:06:00,2022-03-14 08:30:49,-35.662,NA,-37.371,174.695,"1",13958689
"CP9068","RBRL","KK","F","66903","PTT",2021-10-03 19:06:00,2022-03-14 16:32:57,29.75,3.7085,-37.367,174.697,"2",13987617
"CP9068","RBRL","KK","F","66903","PTT",2021-10-03 19:06:00,2022-03-14 16:32:57,-35.662,NA,-37.367,174.697,"2",13987617
"CP16905","RRRG","KK","M","66891_1","PTT",2021-10-14 00:24:00,2022-03-15 08:10:42,-35.662,NA,-36.358,174.261,"0",13160802
"CP16905","RRRG","KK","M","66891_1","PTT",2021-10-14 20:46:00,2022-03-15 08:10:42,-35.662,NA,-36.358,174.261,"0",13087482
"CP16905","RRRG","KK","M","66891_1","PTT",2021-10-14 00:24:00,2022-03-15 08:10:42,33.068,3.7243,-36.358,174.261,"0",13160802
"CP16905","RRRG","KK","M","66891_1","PTT",2021-10-14 20:46:00,2022-03-15 08:10:42,33.068,3.7243,-36.358,174.261,"0",13087482
"CP16905","RRRG","KK","M","66891_1","PTT",2021-10-14 00:24:00,2022-03-15 08:10:42,34.49,3.7401,-36.358,174.261,"0",13160802
"CP16905","RRRG","KK","M","66891_1","PTT",2021-10-14 20:46:00,2022-03-15 08:10:42,34.49,3.7401,-36.358,174.261,"0",13087482
"CP16905","RRRG","KK","M","66891_1","PTT",2021-10-14 00:24:00,2022-03-15 09:50:16,-35.662,NA,-36.214,174.5,"B",13166776
"CP16905","RRRG","KK","M","66891_1","PTT",2021-10-14 20:46:00,2022-03-15 09:50:16,-35.662,NA,-36.214,174.5,"B",13093456
"CP9068","RBRL","KK","F","66903","PTT",2021-10-03 19:06:00,2022-03-15 08:56:18,-35.662,NA,-37.187,174.82,"B",14046618
"CP16905","RRRG","KK","M","66891_1","PTT",2021-10-14 00:24:00,2022-03-15 16:17:26,25.958,4.0008,-36.386,174.262,"A",13190006
"CP16905","RRRG","KK","M","66891_1","PTT",2021-10-14 20:46:00,2022-03-15 16:17:26,25.958,4.0008,-36.386,174.262,"A",13116686
"CP16905","RRRG","KK","M","66891_1","PTT",2021-10-14 00:24:00,2022-03-15 16:17:26,-35.662,NA,-36.386,174.262,"A",13190006
"CP16905","RRRG","KK","M","66891_1","PTT",2021-10-14 20:46:00,2022-03-15 16:17:26,-35.662,NA,-36.386,174.262,"A",13116686
"CP16905","RRRG","KK","M","66891_1","PTT",2021-10-14 00:24:00,2022-03-15 19:19:56,24.062,3.8823,-36.387,174.263,"1",13200956
"CP16905","RRRG","KK","M","66891_1","PTT",2021-10-14 20:46:00,2022-03-15 19:19:56,24.062,3.8823,-36.387,174.263,"1",13127636
"CP16905","RRRG","KK","M","66891_1","PTT",2021-10-14 00:24:00,2022-03-15 19:19:56,24.062,3.8823,-36.387,174.263,"1",13200956
"CP16905","RRRG","KK","M","66891_1","PTT",2021-10-14 20:46:00,2022-03-15 19:19:56,24.062,3.8823,-36.387,174.263,"1",13127636
"CP16905","RRRG","KK","M","66891_1","PTT",2021-10-14 00:24:00,2022-03-15 19:19:56,23.588,3.8823,-36.387,174.263,"1",13200956
"CP16905","RRRG","KK","M","66891_1","PTT",2021-10-14 20:46:00,2022-03-15 19:19:56,23.588,3.8823,-36.387,174.263,"1",13127636
"CP16905","RRRG","KK","M","66891_1","PTT",2021-10-14 00:24:00,2022-03-15 19:19:56,-35.662,NA,-36.387,174.263,"1",13200956
"CP16905","RRRG","KK","M","66891_1","PTT",2021-10-14 20:46:00,2022-03-15 19:19:56,-35.662,NA,-36.387,174.263,"1",13127636
"CP16905","RRRG","KK","M","66891_1","PTT",2021-10-14 00:24:00,2022-03-15 20:28:29,24.536,3.8428,-36.37,174.256,"A",13205069
"CP16905","RRRG","KK","M","66891_1","PTT",2021-10-14 20:46:00,2022-03-15 20:28:29,24.536,3.8428,-36.37,174.256,"A",13131749
"CP16905","RRRG","KK","M","66891_1","PTT",2021-10-14 00:24:00,2022-03-15 20:28:29,-35.662,NA,-36.37,174.256,"A",13205069
"CP16905","RRRG","KK","M","66891_1","PTT",2021-10-14 20:46:00,2022-03-15 20:28:29,-35.662,NA,-36.37,174.256,"A",13131749
"CP16905","RRRG","KK","M","66891_1","PTT",2021-10-14 00:24:00,2022-03-15 21:16:10,25.958,3.8191,-36.379,174.249,"A",13207930
"CP16905","RRRG","KK","M","66891_1","PTT",2021-10-14 20:46:00,2022-03-15 21:16:10,25.958,3.8191,-36.379,174.249,"A",13134610
"CP16905","RRRG","KK","M","66891_1","PTT",2021-10-14 00:24:00,2022-03-15 21:16:10,-35.662,NA,-36.379,174.249,"A",13207930
"CP16905","RRRG","KK","M","66891_1","PTT",2021-10-14 20:46:00,2022-03-15 21:16:10,-35.662,NA,-36.379,174.249,"A",13134610
"CP16905","RRRG","KK","M","66891_1","PTT",2021-10-14 00:24:00,2022-03-15 22:09:42,25.01,3.7875,-36.385,174.262,"3",13211142
"CP16905","RRRG","KK","M","66891_1","PTT",2021-10-14 20:46:00,2022-03-15 22:09:42,25.01,3.7875,-36.385,174.262,"3",13137822
"CP16905","RRRG","KK","M","66891_1","PTT",2021-10-14 00:24:00,2022-03-15 22:09:42,-35.662,NA,-36.385,174.262,"3",13211142
"CP16905","RRRG","KK","M","66891_1","PTT",2021-10-14 20:46:00,2022-03-15 22:09:42,-35.662,NA,-36.385,174.262,"3",13137822
"CP16905","RRRG","KK","M","66891_1","PTT",2021-10-14 00:24:00,2022-03-15 22:09:42,24.536,4.3168,-36.385,174.262,"3",13211142
"CP16905","RRRG","KK","M","66891_1","PTT",2021-10-14 20:46:00,2022-03-15 22:09:42,24.536,4.3168,-36.385,174.262,"3",13137822
"CP9068","RBRL","KK","F","66903","PTT",2021-10-03 19:06:00,2022-03-26 07:41:09,27.854,3.7164,-37.37,174.708,"2",14992509
"CP9068","RBRL","KK","F","66903","PTT",2021-10-03 19:06:00,2022-03-26 07:41:09,-35.662,NA,-37.37,174.708,"2",14992509
"CP9068","RBRL","KK","F","66903","PTT",2021-10-03 19:06:00,2022-03-26 09:22:45,-35.662,NA,-37.377,174.714,"3",14998605
"CP9068","RBRL","KK","F","66903","PTT",2021-10-03 19:06:00,2022-03-27 07:19:03,-35.662,NA,-37.368,174.745,"B",15077583
"CP9068","RBRL","KK","F","66903","PTT",2021-10-03 19:06:00,2022-03-27 07:19:03,32.594,3.7243,-37.368,174.745,"B",15077583
"CP9068","RBRL","KK","F","66903","PTT",2021-10-03 19:06:00,2022-03-28 06:40:58,35.438,3.7243,-37.377,174.686,"1",15161698
"CP9068","RBRL","KK","F","66903","PTT",2021-10-03 19:06:00,2022-03-28 06:40:58,-35.662,NA,-37.377,174.686,"1",15161698
"CP9068","RBRL","KK","F","66903","PTT",2021-10-03 19:06:00,2022-03-29 06:21:28,37.808,3.7322,-37.38,174.741,"1",15246928
"CP9068","RBRL","KK","F","66903","PTT",2021-10-03 19:06:00,2022-03-29 06:21:28,-35.662,NA,-37.38,174.741,"1",15246928
"CP9068","RBRL","KK","F","66903","PTT",2021-10-03 19:06:00,2022-03-29 08:02:44,-35.662,NA,-37.356,174.794,"B",15253004
"CP9068","RBRL","KK","F","66903","PTT",2021-10-03 19:06:00,2022-03-30 06:46:38,-35.662,NA,-37.379,175.093,"B",15334838
"CP16905","RRRG","KK","M","66891_1","PTT",2021-10-14 00:24:00,2022-03-30 15:07:43,28.328,3.7085,-36.39,174.247,"3",14481823
"CP16905","RRRG","KK","M","66891_1","PTT",2021-10-14 20:46:00,2022-03-30 15:07:43,28.328,3.7085,-36.39,174.247,"3",14408503
"CP16905","RRRG","KK","M","66891_1","PTT",2021-10-14 00:24:00,2022-03-30 15:07:43,-35.662,NA,-36.39,174.247,"3",14481823
"CP16905","RRRG","KK","M","66891_1","PTT",2021-10-14 20:46:00,2022-03-30 15:07:43,-35.662,NA,-36.39,174.247,"3",14408503
"CP16905","RRRG","KK","M","66891_1","PTT",2021-10-14 00:24:00,2022-03-30 15:27:32,28.328,3.7006,-36.405,174.238,"1",14483012
"CP16905","RRRG","KK","M","66891_1","PTT",2021-10-14 20:46:00,2022-03-30 15:27:32,28.328,3.7006,-36.405,174.238,"1",14409692
"CP16905","RRRG","KK","M","66891_1","PTT",2021-10-14 00:24:00,2022-03-30 15:27:32,27.854,3.7006,-36.405,174.238,"1",14483012
"CP16905","RRRG","KK","M","66891_1","PTT",2021-10-14 20:46:00,2022-03-30 15:27:32,27.854,3.7006,-36.405,174.238,"1",14409692
"CP16905","RRRG","KK","M","66891_1","PTT",2021-10-14 00:24:00,2022-03-30 15:27:32,-35.662,NA,-36.405,174.238,"1",14483012
"CP16905","RRRG","KK","M","66891_1","PTT",2021-10-14 20:46:00,2022-03-30 15:27:32,-35.662,NA,-36.405,174.238,"1",14409692
"CP9068","RBRL","KK","F","66903","PTT",2021-10-03 19:06:00,2022-03-31 05:38:10,-35.662,NA,-37.39,174.697,"A",15417130
"CP9068","RBRL","KK","F","66903","PTT",2021-10-03 19:06:00,2022-03-31 05:38:10,26.906,3.748,-37.39,174.697,"A",15417130
"CP9068","RBRL","KK","F","66903","PTT",2021-10-03 19:06:00,2022-03-31 06:25:28,-35.662,NA,-37.389,174.953,"B",15419968
"CP9068","RBRL","KK","F","66903","PTT",2021-10-03 19:06:00,2022-04-04 06:34:55,-35.662,NA,-37.297,174.815,"B",15769735
"CP9068","RBRL","KK","F","66903","PTT",2021-10-03 19:06:00,2022-04-04 06:34:55,37.334,3.7006,-37.297,174.815,"B",15769735
"CP9068","RBRL","KK","F","66903","PTT",2021-10-03 19:06:00,2022-04-04 12:52:17,32.12,4.3563,-37.329,174.766,"B",15792377
"CP9068","RBRL","KK","F","66903","PTT",2021-10-03 19:06:00,2022-04-05 06:16:25,30.698,3.7006,-37.386,174.72,"1",15855025
"CP9068","RBRL","KK","F","66903","PTT",2021-10-03 19:06:00,2022-04-05 06:16:25,-35.662,NA,-37.386,174.72,"1",15855025
"CP9068","RBRL","KK","F","66903","PTT",2021-10-03 19:06:00,2022-04-08 05:12:35,27.38,3.7401,-37.388,174.725,"2",16110395
"CP9068","RBRL","KK","F","66903","PTT",2021-10-03 19:06:00,2022-04-08 05:12:35,-35.662,NA,-37.388,174.725,"2",16110395
"CP16905","RRRG","KK","M","66891_1","PTT",2021-10-14 00:24:00,2022-04-10 06:12:18,-35.662,NA,-36.384,174.298,"2",15403698
"CP16905","RRRG","KK","M","66891_1","PTT",2021-10-14 20:46:00,2022-04-10 06:12:18,-35.662,NA,-36.384,174.298,"2",15330378
"CP16905","RRRG","KK","M","66891_1","PTT",2021-10-14 00:24:00,2022-04-10 06:12:18,32.12,3.7085,-36.384,174.298,"2",15403698
"CP16905","RRRG","KK","M","66891_1","PTT",2021-10-14 20:46:00,2022-04-10 06:12:18,32.12,3.7085,-36.384,174.298,"2",15330378
"CP9068","RBRL","KK","F","66903","PTT",2021-10-03 19:06:00,2022-04-13 06:48:42,25.01,3.7322,-37.15,174.826,"A",16548162
"CP9068","RBRL","KK","F","66903","PTT",2021-10-03 19:06:00,2022-04-13 06:48:42,-35.662,NA,-37.15,174.826,"A",16548162
"CP9068","RBRL","KK","F","66903","PTT",2021-10-03 19:06:00,2022-04-20 13:24:49,-35.662,NA,-37.372,174.712,"A",17176729
"CP9068","RBRL","KK","F","66903","PTT",2021-10-03 19:06:00,2022-04-20 13:31:15,28.328,3.7006,-37.375,174.712,"2",17177115
"CP9068","RBRL","KK","F","66903","PTT",2021-10-03 19:06:00,2022-04-20 13:31:15,28.802,3.6848,-37.375,174.712,"2",17177115
"CP9068","RBRL","KK","F","66903","PTT",2021-10-03 19:06:00,2022-04-20 13:31:15,-35.662,NA,-37.375,174.712,"2",17177115
"CP9068","RBRL","KK","F","66903","PTT",2021-10-03 19:06:00,2022-04-24 06:22:32,28.802,3.7322,-37.447,174.745,"1",17496992
"CP9068","RBRL","KK","F","66903","PTT",2021-10-03 19:06:00,2022-04-24 06:22:32,-35.662,NA,-37.447,174.745,"1",17496992
"CP9068","RBRL","KK","F","66903","PTT",2021-10-03 19:06:00,2022-04-25 06:01:14,-35.662,NA,-37.384,174.728,"1",17582114
"CP9068","RBRL","KK","F","66903","PTT",2021-10-03 19:06:00,2022-05-07 05:12:31,30.698,3.7322,-37.379,174.725,"2",18615991
"CP9068","RBRL","KK","F","66903","PTT",2021-10-03 19:06:00,2022-05-07 05:12:31,31.172,3.7243,-37.379,174.725,"2",18615991
"CP9068","RBRL","KK","F","66903","PTT",2021-10-03 19:06:00,2022-05-07 05:12:31,-35.662,NA,-37.379,174.725,"2",18615991
"CP9068","RBRL","KK","F","66903","PTT",2021-10-03 19:06:00,2022-05-07 05:12:31,30.224,3.7322,-37.379,174.725,"2",18615991
"CP9068","RBRL","KK","F","66903","PTT",2021-10-03 19:06:00,2022-05-07 13:00:10,26.906,3.7085,-37.381,174.725,"A",18644050
"CP9068","RBRL","KK","F","66903","PTT",2021-10-03 19:06:00,2022-05-07 13:00:10,-35.662,NA,-37.381,174.725,"A",18644050
"CP9068","RBRL","KK","F","66903","PTT",2021-10-03 19:06:00,2022-05-13 04:50:10,-35.662,NA,-37.338,174.45,"B",19133050
"CP9068","RBRL","KK","F","66903","PTT",2021-10-03 19:06:00,2022-06-14 05:27:45,25.01,3.7243,-37.431,174.921,"0",21900105
"CP9068","RBRL","KK","F","66903","PTT",2021-10-03 19:06:00,2022-06-14 05:27:45,24.062,3.7164,-37.431,174.921,"0",21900105
"CP9068","RBRL","KK","F","66903","PTT",2021-10-03 19:06:00,2022-06-14 05:27:45,-35.662,NA,-37.431,174.921,"0",21900105
"CP9068","RBRL","KK","F","66903","PTT",2021-10-03 19:06:00,2022-09-06 04:49:43,25.958,3.7322,-42.419,173.668,"1",29155423
"CP9068","RBRL","KK","F","66903","PTT",2021-10-03 19:06:00,2022-09-06 04:49:43,-35.662,NA,-42.419,173.668,"1",29155423
"CP9068","RBRL","KK","F","66903","PTT",2021-10-03 19:06:00,2022-09-13 05:44:49,-35.662,NA,-42.388,173.629,"A",29763529
"CP9068","RBRL","KK","F","66903","PTT",2021-10-03 19:06:00,2022-09-13 05:44:49,30.224,3.7164,-42.388,173.629,"A",29763529
"CP9068","RBRL","KK","F","66903","PTT",2021-10-03 19:06:00,2022-09-14 05:23:56,-35.662,NA,-42.382,173.633,"B",29848676
"CP9068","RBRL","KK","F","66903","PTT",2021-10-03 19:06:00,2022-09-18 05:40:49,35.438,3.7164,-42.385,173.68,"1",30195289
"CP9068","RBRL","KK","F","66903","PTT",2021-10-03 19:06:00,2022-09-18 05:40:49,33.542,3.7164,-42.385,173.68,"1",30195289
"CP9068","RBRL","KK","F","66903","PTT",2021-10-03 19:06:00,2022-09-18 05:40:49,-35.662,NA,-42.385,173.68,"1",30195289
"CP9068","RBRL","KK","F","66903","PTT",2021-10-03 19:06:00,2022-09-19 12:46:02,51.554,3.9218,-42.454,173.736,"B",30307202
"CP9068","RBRL","KK","F","66903","PTT",2021-10-03 19:06:00,2022-09-19 12:46:02,-35.662,NA,-42.454,173.736,"B",30307202
"CP9068","RBRL","KK","F","66903","PTT",2021-10-03 19:06:00,2022-09-20 05:06:48,25.484,3.7559,-42.424,173.701,"B",30366048
"CP9068","RBRL","KK","F","66903","PTT",2021-10-03 19:06:00,2022-09-20 05:09:43,-35.662,NA,-42.485,173.441,"B",30366223
"CP9068","RBRL","KK","F","66903","PTT",2021-10-03 19:06:00,2022-09-20 05:09:43,24.536,3.748,-42.485,173.441,"B",30366223
"CP9068","RBRL","KK","F","66903","PTT",2021-10-03 19:06:00,2022-09-24 04:19:24,28.328,3.7164,-42.386,173.623,"3",30708804
"CP9068","RBRL","KK","F","66903","PTT",2021-10-03 19:06:00,2022-09-24 04:19:24,-35.662,NA,-42.386,173.623,"3",30708804
"CP9068","RBRL","KK","F","66903","PTT",2021-10-03 19:06:00,2022-09-25 04:20:16,31.172,3.7322,-42.392,173.669,"0",30791656
"CP9068","RBRL","KK","F","66903","PTT",2021-10-03 19:06:00,2022-09-25 04:20:16,-35.662,NA,-42.392,173.669,"0",30791656
"CP9068","RBRL","KK","F","66903","PTT",2021-10-03 19:06:00,2022-09-25 05:10:24,-35.662,NA,-42.393,173.677,"B",30794664
"CP9068","RBRL","KK","F","66903","PTT",2021-10-03 19:06:00,2022-09-25 05:10:24,28.802,3.7164,-42.393,173.677,"B",30794664
"CP9068","RBRL","KK","F","66903","PTT",2021-10-03 19:06:00,2022-09-25 05:55:59,-35.662,NA,-42.382,173.608,"1",30797399
"CP9068","RBRL","KK","F","66903","PTT",2021-10-03 19:06:00,2022-09-25 06:41:31,-35.662,NA,-42.377,173.703,"B",30800131
"CP9068","RBRL","KK","F","66903","PTT",2021-10-03 19:06:00,2022-10-04 06:09:49,25.958,3.7559,-42.508,173.394,"B",31575829
"CP9068","RBRL","KK","F","66903","PTT",2021-10-03 19:06:00,2022-10-04 06:09:49,-35.662,NA,-42.508,173.394,"B",31575829
"CP16905","RRRG","KK","M","66891_1","PTT",2021-10-14 00:24:00,2022-10-08 06:27:00,34.016,3.7085,-42.383,173.695,"0",31039380
"CP16905","RRRG","KK","M","66891_1","PTT",2021-10-14 20:46:00,2022-10-08 06:27:00,34.016,3.7085,-42.383,173.695,"0",30966060
"CP16905","RRRG","KK","M","66891_1","PTT",2021-10-14 00:24:00,2022-10-08 06:27:00,-35.662,NA,-42.383,173.695,"0",31039380
"CP16905","RRRG","KK","M","66891_1","PTT",2021-10-14 20:46:00,2022-10-08 06:27:00,-35.662,NA,-42.383,173.695,"0",30966060
"CP9068","RBRL","KK","F","66903","PTT",2021-10-03 19:06:00,2022-10-08 13:54:56,-35.662,NA,-42.416,173.725,"A",31949336
"CP9068","RBRL","KK","F","66903","PTT",2021-10-03 19:06:00,2022-10-08 14:09:10,-35.662,NA,-42.416,173.722,"B",31950190
"CP16905","RRRG","KK","M","66891_1","PTT",2021-10-14 00:24:00,2022-10-09 04:03:13,-35.662,NA,-42.387,173.691,"B",31117153
"CP16905","RRRG","KK","M","66891_1","PTT",2021-10-14 20:46:00,2022-10-09 04:03:13,-35.662,NA,-42.387,173.691,"B",31043833
"CP9068","RBRL","KK","F","66903","PTT",2021-10-03 19:06:00,2022-10-09 05:22:35,-35.662,NA,-42.385,173.795,"B",32004995
"CP9068","RBRL","KK","F","66903","PTT",2021-10-03 19:06:00,2022-10-09 05:42:38,-35.662,NA,-42.358,173.822,"B",32006198
"CP9068","RBRL","KK","F","66903","PTT",2021-10-03 19:06:00,2022-10-09 13:25:49,-35.662,NA,-42.358,173.819,"B",32033989
"CP9068","RBRL","KK","F","66903","PTT",2021-10-03 19:06:00,2022-10-09 15:00:57,26.432,3.7164,-42.419,173.717,"1",32039697
"CP9068","RBRL","KK","F","66903","PTT",2021-10-03 19:06:00,2022-10-09 15:00:57,-35.662,NA,-42.419,173.717,"1",32039697
"CP9068","RBRL","KK","F","66903","PTT",2021-10-03 19:06:00,2022-10-10 04:52:52,-35.662,NA,-42.459,173.422,"B",32089612
"CP9068","RBRL","KK","F","66903","PTT",2021-10-03 19:06:00,2022-10-15 05:42:10,32.12,3.7164,-42.385,173.605,"2",32524570
"CP9068","RBRL","KK","F","66903","PTT",2021-10-03 19:06:00,2022-10-15 05:42:10,-35.662,NA,-42.385,173.605,"2",32524570
"CP9068","RBRL","KK","F","66903","PTT",2021-10-03 19:06:00,2022-10-15 05:42:10,31.646,3.7085,-42.385,173.605,"2",32524570
"CP9068","RBRL","KK","F","66903","PTT",2021-10-03 19:06:00,2022-10-15 13:35:45,-35.662,NA,-42.407,173.615,"B",32552985
"CP9068","RBRL","KK","F","66903","PTT",2021-10-03 19:06:00,2022-10-18 05:37:14,32.12,3.7085,-42.412,173.63,"1",32783474
"CP9068","RBRL","KK","F","66903","PTT",2021-10-03 19:06:00,2022-10-18 05:37:14,-35.662,NA,-42.412,173.63,"1",32783474
"CP9068","RBRL","KK","F","66903","PTT",2021-10-03 19:06:00,2022-10-18 05:37:14,34.016,3.7085,-42.412,173.63,"1",32783474
"CP9068","RBRL","KK","F","66903","PTT",2021-10-03 19:06:00,2022-10-19 05:09:47,-35.662,NA,-42.398,173.615,"B",32868227
"CP9068","RBRL","KK","F","66903","PTT",2021-10-03 19:06:00,2022-10-19 05:24:41,-35.662,NA,-42.42,173.675,"2",32869121
"CP9068","RBRL","KK","F","66903","PTT",2021-10-03 19:06:00,2022-10-19 05:24:41,31.172,3.7085,-42.42,173.675,"2",32869121
"CP9068","RBRL","KK","F","66903","PTT",2021-10-03 19:06:00,2022-10-19 05:24:41,31.646,2.6183,-42.42,173.675,"2",32869121
"CP9068","RBRL","KK","F","66903","PTT",2021-10-03 19:06:00,2022-10-19 05:58:39,31.646,3.7085,-42.403,173.619,"1",32871159
"CP9068","RBRL","KK","F","66903","PTT",2021-10-03 19:06:00,2022-10-19 05:58:39,-35.662,NA,-42.403,173.619,"1",32871159
"CP9068","RBRL","KK","F","66903","PTT",2021-10-03 19:06:00,2022-10-19 05:58:39,29.75,3.8349,-42.403,173.619,"1",32871159
"CP9068","RBRL","KK","F","66903","PTT",2021-10-03 19:06:00,2022-10-20 05:13:15,32.12,3.7164,-42.421,173.713,"1",32954835
"CP9068","RBRL","KK","F","66903","PTT",2021-10-03 19:06:00,2022-10-20 05:13:15,30.224,3.7164,-42.421,173.713,"1",32954835
"CP9068","RBRL","KK","F","66903","PTT",2021-10-03 19:06:00,2022-10-20 05:13:15,-35.662,NA,-42.421,173.713,"1",32954835
"CP9068","RBRL","KK","F","66903","PTT",2021-10-03 19:06:00,2022-10-20 05:40:24,-35.662,NA,-42.468,173.765,"A",32956464
"CP9068","RBRL","KK","F","66903","PTT",2021-10-03 19:06:00,2022-10-20 05:40:24,31.646,3.7243,-42.468,173.765,"A",32956464
"CP9068","RBRL","KK","F","66903","PTT",2021-10-03 19:06:00,2022-10-20 06:26:18,-35.662,NA,-42.379,173.707,"B",32959218
"CP9068","RBRL","KK","F","66903","PTT",2021-10-03 19:06:00,2022-10-20 07:19:45,35.912,3.7085,-42.391,173.694,"0",32962425
"CP9068","RBRL","KK","F","66903","PTT",2021-10-03 19:06:00,2022-10-20 07:19:45,-35.662,NA,-42.391,173.694,"0",32962425
"CP9068","RBRL","KK","F","66903","PTT",2021-10-03 19:06:00,2022-10-20 07:19:45,35.438,3.7085,-42.391,173.694,"0",32962425
"CP9068","RBRL","KK","F","66903","PTT",2021-10-03 19:06:00,2022-10-21 06:05:39,29.75,3.748,-42.431,173.687,"A",33044379
"CP9068","RBRL","KK","F","66903","PTT",2021-10-03 19:06:00,2022-10-21 06:05:39,-35.662,NA,-42.431,173.687,"A",33044379
"CP9068","RBRL","KK","F","66903","PTT",2021-10-03 19:06:00,2022-10-21 06:58:37,34.49,3.7559,-42.413,173.71,"1",33047557
"CP9068","RBRL","KK","F","66903","PTT",2021-10-03 19:06:00,2022-10-21 06:58:37,32.594,3.7559,-42.413,173.71,"1",33047557
"CP9068","RBRL","KK","F","66903","PTT",2021-10-03 19:06:00,2022-10-21 06:58:37,-35.662,NA,-42.413,173.71,"1",33047557
"CP9068","RBRL","KK","F","66903","PTT",2021-10-03 19:06:00,2022-10-23 14:24:36,31.172,3.7085,-42.416,173.711,"1",33247116
"CP9068","RBRL","KK","F","66903","PTT",2021-10-03 19:06:00,2022-10-23 14:24:36,-35.662,NA,-42.416,173.711,"1",33247116
"CP9068","RBRL","KK","F","66903","PTT",2021-10-03 19:06:00,2022-10-23 14:42:21,-35.662,NA,-42.421,173.71,"B",33248181
"CP9068","RBRL","KK","F","66903","PTT",2021-10-03 19:06:00,2022-10-26 04:03:05,-35.662,NA,-42.343,173.455,"B",33469025
"CP9068","RBRL","KK","F","66903","PTT",2021-10-03 19:06:00,2022-10-26 04:52:01,-35.662,NA,-42.408,173.618,"B",33471961
"CP9068","RBRL","KK","F","66903","PTT",2021-10-03 19:06:00,2022-10-26 05:14:37,31.172,3.7006,-42.432,173.675,"B",33473317
"CP9068","RBRL","KK","F","66903","PTT",2021-10-03 19:06:00,2022-10-26 05:14:37,-35.662,NA,-42.432,173.675,"B",33473317
"CP9068","RBRL","KK","F","66903","PTT",2021-10-03 19:06:00,2022-10-27 04:22:15,34.016,3.7322,-42.43,173.733,"1",33556575
"CP9068","RBRL","KK","F","66903","PTT",2021-10-03 19:06:00,2022-10-27 04:22:15,32.594,3.7322,-42.43,173.733,"1",33556575
"CP9068","RBRL","KK","F","66903","PTT",2021-10-03 19:06:00,2022-10-27 04:22:15,-35.662,NA,-42.43,173.733,"1",33556575
"CP9068","RBRL","KK","F","66903","PTT",2021-10-03 19:06:00,2022-10-27 05:29:12,33.068,3.7006,-42.427,173.724,"2",33560592
"CP9068","RBRL","KK","F","66903","PTT",2021-10-03 19:06:00,2022-10-27 05:29:12,32.12,3.7006,-42.427,173.724,"2",33560592
"CP9068","RBRL","KK","F","66903","PTT",2021-10-03 19:06:00,2022-10-27 05:29:12,-35.662,NA,-42.427,173.724,"2",33560592
"CP9068","RBRL","KK","F","66903","PTT",2021-10-03 19:06:00,2022-10-28 14:54:14,32.594,3.7401,-42.416,173.686,"1",33680894
"CP9068","RBRL","KK","F","66903","PTT",2021-10-03 19:06:00,2022-10-28 14:54:14,-35.662,NA,-42.416,173.686,"1",33680894
"CP9068","RBRL","KK","F","66903","PTT",2021-10-03 19:06:00,2022-10-28 15:08:00,30.224,3.7322,-42.417,173.679,"1",33681720
"CP9068","RBRL","KK","F","66903","PTT",2021-10-03 19:06:00,2022-10-28 15:08:00,-35.662,NA,-42.417,173.679,"1",33681720
"CP16918","RRGO","KK","M","66891_2","PTT",2022-10-28 22:57:00,2022-10-29 14:38:14,32.594,3.8191,-42.418,173.675,"1",56474
"CP16918","RRGO","KK","M","66891_2","PTT",2022-10-28 22:57:00,2022-10-29 14:38:14,-35.662,NA,-42.418,173.675,"1",56474
"CP16918","RRGO","KK","M","66891_2","PTT",2022-10-28 22:57:00,2022-10-29 14:37:49,31.646,3.8349,-42.421,173.674,"0",56449
"CP16918","RRGO","KK","M","66891_2","PTT",2022-10-28 22:57:00,2022-10-29 14:37:49,32.594,3.8191,-42.421,173.674,"0",56449
"CP16918","RRGO","KK","M","66891_2","PTT",2022-10-28 22:57:00,2022-10-29 14:37:49,-35.662,NA,-42.421,173.674,"0",56449
"CP16918","RRGO","KK","M","66891_2","PTT",2022-10-28 22:57:00,2022-10-30 04:54:04,30.224,3.7559,-42.431,173.763,"0",107824
"CP16918","RRGO","KK","M","66891_2","PTT",2022-10-28 22:57:00,2022-10-30 04:54:04,29.276,3.7401,-42.431,173.763,"0",107824
"CP16918","RRGO","KK","M","66891_2","PTT",2022-10-28 22:57:00,2022-10-30 04:54:04,-35.662,NA,-42.431,173.763,"0",107824
"CP16918","RRGO","KK","M","66891_2","PTT",2022-10-28 22:57:00,2022-10-30 05:32:12,22.64,2.5077,-42.416,173.742,"B",110112
"CP16918","RRGO","KK","M","66891_2","PTT",2022-10-28 22:57:00,2022-10-30 07:10:55,-35.662,NA,-42.433,173.724,"A",116035
"CP9068","RBRL","KK","F","66903","PTT",2021-10-03 19:06:00,2022-10-30 06:19:15,-35.662,NA,-42.537,174.424,"B",33822795
"CP9068","RBRL","KK","F","66903","PTT",2021-10-03 19:06:00,2022-10-30 07:11:46,34.964,3.7559,-42.435,173.743,"0",33825946
"CP9068","RBRL","KK","F","66903","PTT",2021-10-03 19:06:00,2022-10-30 07:11:46,-35.662,NA,-42.435,173.743,"0",33825946
"CP16918","RRGO","KK","M","66891_2","PTT",2022-10-28 22:57:00,2022-10-30 16:06:37,-35.662,NA,-42.405,173.699,"A",148177
"CP16918","RRGO","KK","M","66891_2","PTT",2022-10-28 22:57:00,2022-10-30 16:20:53,-35.662,NA,-42.415,173.674,"A",149033
"CP16918","RRGO","KK","M","66891_2","PTT",2022-10-28 22:57:00,2022-10-30 16:20:53,30.698,3.7006,-42.415,173.674,"A",149033
"CP16918","RRGO","KK","M","66891_2","PTT",2022-10-28 22:57:00,2022-10-31 06:42:57,37.808,3.7638,-42.393,173.608,"1",200757
"CP16918","RRGO","KK","M","66891_2","PTT",2022-10-28 22:57:00,2022-10-31 06:42:57,-35.662,NA,-42.393,173.608,"1",200757
"CP16918","RRGO","KK","M","66891_2","PTT",2022-10-28 22:57:00,2022-10-31 08:52:20,43.496,3.8665,-42.417,173.68,"1",208520
"CP16918","RRGO","KK","M","66891_2","PTT",2022-10-28 22:57:00,2022-10-31 08:52:20,-35.662,NA,-42.417,173.68,"1",208520
"CP9068","RBRL","KK","F","66903","PTT",2021-10-03 19:06:00,2022-10-31 06:43:28,34.016,3.7559,-42.397,173.564,"A",33910648
"CP9068","RBRL","KK","F","66903","PTT",2021-10-03 19:06:00,2022-10-31 06:43:28,-35.662,NA,-42.397,173.564,"A",33910648
"CP9068","RBRL","KK","F","66903","PTT",2021-10-03 19:06:00,2022-10-31 08:51:01,34.016,3.7243,-42.396,173.565,"0",33918301
"CP9068","RBRL","KK","F","66903","PTT",2021-10-03 19:06:00,2022-10-31 08:51:01,-35.662,NA,-42.396,173.565,"0",33918301
"CP9068","RBRL","KK","F","66903","PTT",2021-10-03 19:06:00,2022-10-31 08:51:01,37.808,3.7322,-42.396,173.565,"0",33918301
"CP16918","RRGO","KK","M","66891_2","PTT",2022-10-28 22:57:00,2022-10-31 15:34:10,-35.662,NA,-42.356,173.667,"B",232630
"CP16918","RRGO","KK","M","66891_2","PTT",2022-10-28 22:57:00,2022-10-31 16:04:49,24.536,3.7717,-42.424,173.706,"2",234469
"CP16918","RRGO","KK","M","66891_2","PTT",2022-10-28 22:57:00,2022-10-31 16:04:49,-35.662,NA,-42.424,173.706,"2",234469
"CP16918","RRGO","KK","M","66891_2","PTT",2022-10-28 22:57:00,2022-10-31 17:14:42,25.958,3.748,-42.413,173.701,"1",238662
"CP16918","RRGO","KK","M","66891_2","PTT",2022-10-28 22:57:00,2022-10-31 17:14:42,-35.662,NA,-42.413,173.701,"1",238662
"CP16918","RRGO","KK","M","66891_2","PTT",2022-10-28 22:57:00,2022-11-01 06:29:40,28.328,3.7164,-42.41,173.699,"1",286360
"CP16918","RRGO","KK","M","66891_2","PTT",2022-10-28 22:57:00,2022-11-01 06:29:40,26.432,3.7164,-42.41,173.699,"1",286360
"CP16918","RRGO","KK","M","66891_2","PTT",2022-10-28 22:57:00,2022-11-01 06:29:40,-35.662,NA,-42.41,173.699,"1",286360
"CP16918","RRGO","KK","M","66891_2","PTT",2022-10-28 22:57:00,2022-11-01 08:09:12,-35.662,NA,-42.449,173.705,"B",292332
"CP16918","RRGO","KK","M","66891_2","PTT",2022-10-28 22:57:00,2022-11-01 08:30:27,34.016,3.8191,-42.414,173.683,"1",293607
"CP16918","RRGO","KK","M","66891_2","PTT",2022-10-28 22:57:00,2022-11-01 08:30:27,34.016,3.8033,-42.414,173.683,"1",293607
"CP16918","RRGO","KK","M","66891_2","PTT",2022-10-28 22:57:00,2022-11-01 08:30:27,-35.662,NA,-42.414,173.683,"1",293607
"CP9068","RBRL","KK","F","66903","PTT",2021-10-03 19:06:00,2022-11-01 06:31:49,-35.662,NA,-42.47,173.744,"B",33996349
"CP9068","RBRL","KK","F","66903","PTT",2021-10-03 19:06:00,2022-11-01 07:05:38,-35.662,NA,-42.462,173.697,"B",33998378
"CP9068","RBRL","KK","F","66903","PTT",2021-10-03 19:06:00,2022-11-01 08:30:46,37.334,3.7322,-42.419,173.657,"0",34003486
"CP9068","RBRL","KK","F","66903","PTT",2021-10-03 19:06:00,2022-11-01 08:30:46,36.386,3.7243,-42.419,173.657,"0",34003486
"CP9068","RBRL","KK","F","66903","PTT",2021-10-03 19:06:00,2022-11-01 08:30:46,-35.662,NA,-42.419,173.657,"0",34003486
"CP16918","RRGO","KK","M","66891_2","PTT",2022-10-28 22:57:00,2022-11-01 16:43:56,26.432,3.906,-42.433,173.687,"0",323216
"CP16918","RRGO","KK","M","66891_2","PTT",2022-10-28 22:57:00,2022-11-01 16:43:56,27.38,3.906,-42.433,173.687,"0",323216
"CP16918","RRGO","KK","M","66891_2","PTT",2022-10-28 22:57:00,2022-11-01 16:43:56,-35.662,NA,-42.433,173.687,"0",323216
"CP16918","RRGO","KK","M","66891_2","PTT",2022-10-28 22:57:00,2022-11-01 17:22:57,25.01,3.8902,-42.412,173.71,"A",325557
"CP16918","RRGO","KK","M","66891_2","PTT",2022-10-28 22:57:00,2022-11-01 17:22:57,-35.662,NA,-42.412,173.71,"A",325557
"CP16918","RRGO","KK","M","66891_2","PTT",2022-10-28 22:57:00,2022-11-01 20:31:43,25.01,3.7638,-42.412,173.686,"3",336883
"CP16918","RRGO","KK","M","66891_2","PTT",2022-10-28 22:57:00,2022-11-01 20:31:43,-35.662,NA,-42.412,173.686,"3",336883
"CP16918","RRGO","KK","M","66891_2","PTT",2022-10-28 22:57:00,2022-11-01 20:46:43,-35.662,NA,-42.423,173.683,"3",337783
"CP16918","RRGO","KK","M","66891_2","PTT",2022-10-28 22:57:00,2022-11-01 20:46:43,24.536,3.7559,-42.423,173.683,"3",337783
"CP16918","RRGO","KK","M","66891_2","PTT",2022-10-28 22:57:00,2022-11-01 21:33:58,-35.662,NA,-42.42,173.687,"B",340618
"CP16918","RRGO","KK","M","66891_2","PTT",2022-10-28 22:57:00,2022-11-01 22:27:41,-35.662,NA,-42.432,173.687,"B",343841
"CP16918","RRGO","KK","M","66891_2","PTT",2022-10-28 22:57:00,2022-11-02 06:33:59,-35.662,NA,-42.44,173.716,"A",373019
"CP16918","RRGO","KK","M","66891_2","PTT",2022-10-28 22:57:00,2022-11-02 06:33:59,24.536,3.748,-42.44,173.716,"A",373019
"CP16918","RRGO","KK","M","66891_2","PTT",2022-10-28 22:57:00,2022-11-02 07:59:03,-35.662,NA,-42.419,173.673,"B",378123
"CP16918","RRGO","KK","M","66891_2","PTT",2022-10-28 22:57:00,2022-11-02 08:10:22,30.698,3.6848,-42.41,173.69,"1",378802
"CP16918","RRGO","KK","M","66891_2","PTT",2022-10-28 22:57:00,2022-11-02 08:10:22,31.172,3.6848,-42.41,173.69,"1",378802
"CP16918","RRGO","KK","M","66891_2","PTT",2022-10-28 22:57:00,2022-11-02 08:10:22,-35.662,NA,-42.41,173.69,"1",378802
"CP16918","RRGO","KK","M","66891_2","PTT",2022-10-28 22:57:00,2022-11-02 16:12:50,28.802,3.8665,-42.414,173.724,"1",407750
"CP16918","RRGO","KK","M","66891_2","PTT",2022-10-28 22:57:00,2022-11-02 16:12:50,-35.662,NA,-42.414,173.724,"1",407750
"CP16918","RRGO","KK","M","66891_2","PTT",2022-10-28 22:57:00,2022-11-02 16:12:50,28.802,3.8665,-42.414,173.724,"1",407750
"CP16918","RRGO","KK","M","66891_2","PTT",2022-10-28 22:57:00,2022-11-02 17:04:56,29.276,3.8349,-42.423,173.697,"A",410876
"CP16918","RRGO","KK","M","66891_2","PTT",2022-10-28 22:57:00,2022-11-02 17:04:56,-35.662,NA,-42.423,173.697,"A",410876
"CP16918","RRGO","KK","M","66891_2","PTT",2022-10-28 22:57:00,2022-11-02 17:51:52,25.958,3.7954,-42.413,173.72,"B",413692
"CP16918","RRGO","KK","M","66891_2","PTT",2022-10-28 22:57:00,2022-11-02 18:41:55,25.01,3.7638,-42.404,173.715,"B",416695
"CP16918","RRGO","KK","M","66891_2","PTT",2022-10-28 22:57:00,2022-11-02 17:51:52,25.958,3.7954,-42.414,173.691,"B",413692
"CP16918","RRGO","KK","M","66891_2","PTT",2022-10-28 22:57:00,2022-11-02 18:41:55,25.01,3.7638,-42.406,173.682,"B",416695
"CP16918","RRGO","KK","M","66891_2","PTT",2022-10-28 22:57:00,2022-11-03 07:48:56,34.964,3.8191,-42.392,173.701,"0",463916
"CP16918","RRGO","KK","M","66891_2","PTT",2022-10-28 22:57:00,2022-11-03 07:48:56,-35.662,NA,-42.392,173.701,"0",463916
"CP16918","RRGO","KK","M","66891_2","PTT",2022-10-28 22:57:00,2022-11-03 07:47:40,34.964,3.8191,-42.371,173.535,"0",463840
"CP16918","RRGO","KK","M","66891_2","PTT",2022-10-28 22:57:00,2022-11-03 07:47:40,-35.662,NA,-42.371,173.535,"0",463840
"CP16918","RRGO","KK","M","66891_2","PTT",2022-10-28 22:57:00,2022-11-03 07:47:40,34.964,3.8428,-42.371,173.535,"0",463840
"CP16918","RRGO","KK","M","66891_2","PTT",2022-10-28 22:57:00,2022-11-03 08:36:40,-35.662,NA,-42.363,173.537,"B",466780
"CP16918","RRGO","KK","M","66891_2","PTT",2022-10-28 22:57:00,2022-11-03 09:29:25,-35.662,NA,-42.413,173.654,"0",469945
"CP16918","RRGO","KK","M","66891_2","PTT",2022-10-28 22:57:00,2022-11-03 09:29:25,42.548,3.906,-42.413,173.654,"0",469945
"CP9068","RBRL","KK","F","66903","PTT",2021-10-03 19:06:00,2022-11-03 06:10:03,-35.662,NA,-42.349,173.776,"B",34167843
"CP9068","RBRL","KK","F","66903","PTT",2021-10-03 19:06:00,2022-11-03 07:47:49,42.074,3.748,-42.445,173.666,"A",34173709
"CP9068","RBRL","KK","F","66903","PTT",2021-10-03 19:06:00,2022-11-03 07:47:49,-35.662,NA,-42.445,173.666,"A",34173709
"CP9068","RBRL","KK","F","66903","PTT",2021-10-03 19:06:00,2022-11-03 07:49:46,42.074,3.748,-42.438,173.721,"1",34173826
"CP9068","RBRL","KK","F","66903","PTT",2021-10-03 19:06:00,2022-11-03 07:49:46,44.444,3.748,-42.438,173.721,"1",34173826
"CP9068","RBRL","KK","F","66903","PTT",2021-10-03 19:06:00,2022-11-03 07:49:46,-35.662,NA,-42.438,173.721,"1",34173826
"CP9068","RBRL","KK","F","66903","PTT",2021-10-03 19:06:00,2022-11-03 08:37:20,-35.662,NA,-42.437,173.629,"B",34176680
"CP9068","RBRL","KK","F","66903","PTT",2021-10-03 19:06:00,2022-11-03 09:30:19,-35.662,NA,-42.42,173.721,"B",34179859
"CP16918","RRGO","KK","M","66891_2","PTT",2022-10-28 22:57:00,2022-11-03 15:41:36,28.802,3.985,-42.45,173.705,"0",492276
"CP16918","RRGO","KK","M","66891_2","PTT",2022-10-28 22:57:00,2022-11-03 15:41:36,-35.662,NA,-42.45,173.705,"0",492276
"CP16918","RRGO","KK","M","66891_2","PTT",2022-10-28 22:57:00,2022-11-03 16:49:00,23.588,3.9455,-42.407,173.695,"0",496320
"CP16918","RRGO","KK","M","66891_2","PTT",2022-10-28 22:57:00,2022-11-03 16:49:00,-35.662,NA,-42.407,173.695,"0",496320
"CP16918","RRGO","KK","M","66891_2","PTT",2022-10-28 22:57:00,2022-11-03 17:20:50,23.114,3.9297,-42.416,173.695,"0",498230
"CP16918","RRGO","KK","M","66891_2","PTT",2022-10-28 22:57:00,2022-11-03 17:20:50,21.218,3.9139,-42.416,173.695,"0",498230
"CP16918","RRGO","KK","M","66891_2","PTT",2022-10-28 22:57:00,2022-11-03 17:20:50,-35.662,NA,-42.416,173.695,"0",498230
"CP16918","RRGO","KK","M","66891_2","PTT",2022-10-28 22:57:00,2022-11-03 17:20:50,16.952,3.9218,-42.416,173.695,"0",498230
"CP9068","RBRL","KK","F","66903","PTT",2021-10-03 19:06:00,2022-11-03 15:41:45,-35.662,NA,-42.392,173.738,"A",34202145
"CP9068","RBRL","KK","F","66903","PTT",2021-10-03 19:06:00,2022-11-03 16:49:30,-35.662,NA,-42.414,173.734,"0",34206210
"CP9068","RBRL","KK","F","66903","PTT",2021-10-03 19:06:00,2022-11-03 16:49:30,31.646,3.7085,-42.414,173.734,"0",34206210
"CP16918","RRGO","KK","M","66891_2","PTT",2022-10-28 22:57:00,2022-11-03 20:09:22,21.692,3.827,-42.396,173.764,"0",508342
"CP16918","RRGO","KK","M","66891_2","PTT",2022-10-28 22:57:00,2022-11-03 20:09:22,21.692,3.827,-42.396,173.764,"0",508342
"CP16918","RRGO","KK","M","66891_2","PTT",2022-10-28 22:57:00,2022-11-03 20:09:22,-35.662,NA,-42.396,173.764,"0",508342
"CP16918","RRGO","KK","M","66891_2","PTT",2022-10-28 22:57:00,2022-11-03 21:47:01,22.64,3.7638,-42.408,173.682,"2",514201
"CP16918","RRGO","KK","M","66891_2","PTT",2022-10-28 22:57:00,2022-11-03 21:47:01,22.166,3.7638,-42.408,173.682,"2",514201
"CP16918","RRGO","KK","M","66891_2","PTT",2022-10-28 22:57:00,2022-11-03 21:47:01,-35.662,NA,-42.408,173.682,"2",514201
"CP16918","RRGO","KK","M","66891_2","PTT",2022-10-28 22:57:00,2022-11-04 05:31:42,32.594,3.7322,-42.414,173.68,"0",542082
"CP16918","RRGO","KK","M","66891_2","PTT",2022-10-28 22:57:00,2022-11-04 05:31:42,-35.662,NA,-42.414,173.68,"0",542082
"CP16918","RRGO","KK","M","66891_2","PTT",2022-10-28 22:57:00,2022-11-04 05:52:38,25.958,3.7638,-42.41,173.671,"1",543338
"CP16918","RRGO","KK","M","66891_2","PTT",2022-10-28 22:57:00,2022-11-04 05:52:38,-35.662,NA,-42.41,173.671,"1",543338
"CP16918","RRGO","KK","M","66891_2","PTT",2022-10-28 22:57:00,2022-11-04 05:55:57,25.958,3.7638,-42.4,173.662,"B",543537
"CP16918","RRGO","KK","M","66891_2","PTT",2022-10-28 22:57:00,2022-11-04 05:55:57,-35.662,NA,-42.4,173.662,"B",543537
"CP16918","RRGO","KK","M","66891_2","PTT",2022-10-28 22:57:00,2022-11-04 07:27:38,33.542,3.8033,-42.41,173.728,"1",549038
"CP16918","RRGO","KK","M","66891_2","PTT",2022-10-28 22:57:00,2022-11-04 07:27:38,-35.662,NA,-42.41,173.728,"1",549038
"CP16918","RRGO","KK","M","66891_2","PTT",2022-10-28 22:57:00,2022-11-04 07:36:38,34.016,3.7954,-42.53,173.734,"0",549578
"CP16918","RRGO","KK","M","66891_2","PTT",2022-10-28 22:57:00,2022-11-04 07:36:38,-35.662,NA,-42.53,173.734,"0",549578
"CP16918","RRGO","KK","M","66891_2","PTT",2022-10-28 22:57:00,2022-11-04 08:16:22,28.802,3.8033,-42.474,173.806,"B",551962
"CP16918","RRGO","KK","M","66891_2","PTT",2022-10-28 22:57:00,2022-11-04 08:16:22,-35.662,NA,-42.474,173.806,"B",551962
"CP16918","RRGO","KK","M","66891_2","PTT",2022-10-28 22:57:00,2022-11-04 09:07:45,-35.662,NA,-42.416,173.664,"1",555045
"CP9068","RBRL","KK","F","66903","PTT",2021-10-03 19:06:00,2022-11-04 08:16:25,35.438,3.7164,-42.396,173.728,"B",34261825
"CP9068","RBRL","KK","F","66903","PTT",2021-10-03 19:06:00,2022-11-04 08:16:25,-35.662,NA,-42.396,173.728,"B",34261825
"CP9068","RBRL","KK","F","66903","PTT",2021-10-03 19:06:00,2022-11-04 09:09:24,40.652,3.7243,-42.329,173.572,"B",34265004
"CP9068","RBRL","KK","F","66903","PTT",2021-10-03 19:06:00,2022-11-04 09:09:24,-35.662,NA,-42.329,173.572,"B",34265004
"CP16918","RRGO","KK","M","66891_2","PTT",2022-10-28 22:57:00,2022-11-04 16:32:58,27.38,3.9771,-42.42,173.69,"1",581758
"CP16918","RRGO","KK","M","66891_2","PTT",2022-10-28 22:57:00,2022-11-04 16:32:58,-35.662,NA,-42.42,173.69,"1",581758
"CP16918","RRGO","KK","M","66891_2","PTT",2022-10-28 22:57:00,2022-11-04 16:53:11,22.64,3.985,-42.5,174.06,"0",582971
"CP16918","RRGO","KK","M","66891_2","PTT",2022-10-28 22:57:00,2022-11-04 16:53:11,23.588,3.9771,-42.5,174.06,"0",582971
"CP16918","RRGO","KK","M","66891_2","PTT",2022-10-28 22:57:00,2022-11-04 16:53:11,-35.662,NA,-42.5,174.06,"0",582971
"CP9068","RBRL","KK","F","66903","PTT",2021-10-03 19:06:00,2022-11-04 16:49:39,30.698,3.7243,-42.439,173.784,"A",34292619
"CP9068","RBRL","KK","F","66903","PTT",2021-10-03 19:06:00,2022-11-04 16:49:39,-35.662,NA,-42.439,173.784,"A",34292619
"CP16918","RRGO","KK","M","66891_2","PTT",2022-10-28 22:57:00,2022-11-04 19:57:54,22.166,3.8665,-42.409,173.724,"1",594054
"CP16918","RRGO","KK","M","66891_2","PTT",2022-10-28 22:57:00,2022-11-04 19:57:54,21.692,3.8665,-42.409,173.724,"1",594054
"CP16918","RRGO","KK","M","66891_2","PTT",2022-10-28 22:57:00,2022-11-04 19:57:54,-35.662,NA,-42.409,173.724,"1",594054
"CP16918","RRGO","KK","M","66891_2","PTT",2022-10-28 22:57:00,2022-11-04 21:26:51,21.692,3.8112,-42.427,173.614,"1",599391
"CP16918","RRGO","KK","M","66891_2","PTT",2022-10-28 22:57:00,2022-11-04 21:26:51,21.692,3.8112,-42.427,173.614,"1",599391
"CP16918","RRGO","KK","M","66891_2","PTT",2022-10-28 22:57:00,2022-11-04 21:26:51,22.166,3.8112,-42.427,173.614,"1",599391
"CP16918","RRGO","KK","M","66891_2","PTT",2022-10-28 22:57:00,2022-11-04 21:26:51,-35.662,NA,-42.427,173.614,"1",599391
"CP16918","RRGO","KK","M","66891_2","PTT",2022-10-28 22:57:00,2022-11-04 23:04:06,-35.662,NA,-42.436,173.557,"B",605226
"CP16918","RRGO","KK","M","66891_2","PTT",2022-10-28 22:57:00,2022-11-05 06:41:51,26.906,3.8823,-42.39,173.704,"2",632691
"CP16918","RRGO","KK","M","66891_2","PTT",2022-10-28 22:57:00,2022-11-05 06:41:51,-35.662,NA,-42.39,173.704,"2",632691
"CP16918","RRGO","KK","M","66891_2","PTT",2022-10-28 22:57:00,2022-11-05 07:07:22,-35.662,NA,-42.402,173.699,"B",634222
"CP16918","RRGO","KK","M","66891_2","PTT",2022-10-28 22:57:00,2022-11-05 07:22:38,30.224,3.8665,-42.419,173.656,"0",635138
"CP16918","RRGO","KK","M","66891_2","PTT",2022-10-28 22:57:00,2022-11-05 07:22:38,-35.662,NA,-42.419,173.656,"0",635138
"CP16918","RRGO","KK","M","66891_2","PTT",2022-10-28 22:57:00,2022-11-05 08:46:50,31.172,3.9692,-42.436,173.695,"2",640190
"CP16918","RRGO","KK","M","66891_2","PTT",2022-10-28 22:57:00,2022-11-05 08:46:50,-35.662,NA,-42.436,173.695,"2",640190
"CP16918","RRGO","KK","M","66891_2","PTT",2022-10-28 22:57:00,2022-11-05 16:19:13,21.692,3.9218,-42.403,173.685,"1",667333
"CP16918","RRGO","KK","M","66891_2","PTT",2022-10-28 22:57:00,2022-11-05 16:19:13,22.64,3.9218,-42.403,173.685,"1",667333
"CP16918","RRGO","KK","M","66891_2","PTT",2022-10-28 22:57:00,2022-11-05 16:19:13,-35.662,NA,-42.403,173.685,"1",667333
"CP16918","RRGO","KK","M","66891_2","PTT",2022-10-28 22:57:00,2022-11-05 19:45:52,21.692,3.8033,-42.437,173.75,"0",679732
"CP16918","RRGO","KK","M","66891_2","PTT",2022-10-28 22:57:00,2022-11-05 19:45:52,-35.662,NA,-42.437,173.75,"0",679732
"CP16918","RRGO","KK","M","66891_2","PTT",2022-10-28 22:57:00,2022-11-05 21:04:34,21.692,3.748,-42.411,173.729,"1",684454
"CP16918","RRGO","KK","M","66891_2","PTT",2022-10-28 22:57:00,2022-11-05 21:04:34,18.848,2.4366,-42.411,173.729,"1",684454
"CP16918","RRGO","KK","M","66891_2","PTT",2022-10-28 22:57:00,2022-11-05 21:04:34,-35.662,NA,-42.411,173.729,"1",684454
"CP16918","RRGO","KK","M","66891_2","PTT",2022-10-28 22:57:00,2022-11-06 06:51:21,27.854,3.748,-42.336,173.645,"B",719661
"CP16918","RRGO","KK","M","66891_2","PTT",2022-10-28 22:57:00,2022-11-06 07:11:53,-35.662,NA,-42.413,173.654,"2",720893
"CP16918","RRGO","KK","M","66891_2","PTT",2022-10-28 22:57:00,2022-11-06 07:11:53,31.172,3.7638,-42.413,173.654,"2",720893
"CP16918","RRGO","KK","M","66891_2","PTT",2022-10-28 22:57:00,2022-11-06 08:28:09,26.906,3.9218,-42.334,173.69,"0",725469
"CP16918","RRGO","KK","M","66891_2","PTT",2022-10-28 22:57:00,2022-11-06 08:28:09,18.848,3.9929,-42.334,173.69,"0",725469
"CP16918","RRGO","KK","M","66891_2","PTT",2022-10-28 22:57:00,2022-11-06 08:28:09,-35.662,NA,-42.334,173.69,"0",725469
"CP16918","RRGO","KK","M","66891_2","PTT",2022-10-28 22:57:00,2022-11-06 08:28:09,32.594,3.9771,-42.334,173.69,"0",725469
"CP16918","RRGO","KK","M","66891_2","PTT",2022-10-28 22:57:00,2022-11-06 15:47:31,25.01,3.9692,-42.343,173.678,"A",751831
"CP16918","RRGO","KK","M","66891_2","PTT",2022-10-28 22:57:00,2022-11-06 15:47:31,-35.662,NA,-42.343,173.678,"A",751831
"CP16918","RRGO","KK","M","66891_2","PTT",2022-10-28 22:57:00,2022-11-06 15:59:30,-35.662,NA,-42.403,173.725,"B",752550
"CP16918","RRGO","KK","M","66891_2","PTT",2022-10-28 22:57:00,2022-11-06 15:59:30,25.01,3.9692,-42.403,173.725,"B",752550
"CP16918","RRGO","KK","M","66891_2","PTT",2022-10-28 22:57:00,2022-11-06 17:26:49,-35.662,NA,-42.43,173.696,"1",757789
"CP16918","RRGO","KK","M","66891_2","PTT",2022-10-28 22:57:00,2022-11-06 17:31:46,-35.662,NA,-42.422,173.692,"B",758086
"CP16918","RRGO","KK","M","66891_2","PTT",2022-10-28 22:57:00,2022-11-06 19:32:11,-35.662,NA,-42.423,173.733,"B",765311
"CP16918","RRGO","KK","M","66891_2","PTT",2022-10-28 22:57:00,2022-11-06 20:42:23,-35.662,NA,-42.426,173.714,"1",769523
"CP16918","RRGO","KK","M","66891_2","PTT",2022-10-28 22:57:00,2022-11-06 20:42:23,19.322,3.7954,-42.426,173.714,"1",769523
"CP16918","RRGO","KK","M","66891_2","PTT",2022-10-28 22:57:00,2022-11-06 21:15:31,-35.662,NA,-42.425,173.751,"B",771511
"CP16918","RRGO","KK","M","66891_2","PTT",2022-10-28 22:57:00,2022-11-06 22:22:20,-35.662,NA,-42.413,173.716,"B",775520
"CP16918","RRGO","KK","M","66891_2","PTT",2022-10-28 22:57:00,2022-11-07 06:59:09,37.334,3.8033,-42.44,173.79,"0",806529
"CP16918","RRGO","KK","M","66891_2","PTT",2022-10-28 22:57:00,2022-11-07 06:59:09,-35.662,NA,-42.44,173.79,"0",806529
"CP16918","RRGO","KK","M","66891_2","PTT",2022-10-28 22:57:00,2022-11-07 06:59:09,38.282,3.8033,-42.44,173.79,"0",806529
"CP16918","RRGO","KK","M","66891_2","PTT",2022-10-28 22:57:00,2022-11-07 08:05:23,-35.662,NA,-42.429,173.797,"B",810503
"CP16918","RRGO","KK","M","66891_2","PTT",2022-10-28 22:57:00,2022-11-07 09:45:03,-35.662,NA,-42.427,173.811,"B",816483
"CP16918","RRGO","KK","M","66891_2","PTT",2022-10-28 22:57:00,2022-11-07 15:17:28,12.212,3.9929,-42.334,173.928,"B",836428
"CP16918","RRGO","KK","M","66891_2","PTT",2022-10-28 22:57:00,2022-11-07 16:55:25,26.906,4.0008,-42.422,173.678,"1",842305
"CP16918","RRGO","KK","M","66891_2","PTT",2022-10-28 22:57:00,2022-11-07 16:55:25,27.38,4.0087,-42.422,173.678,"1",842305
"CP16918","RRGO","KK","M","66891_2","PTT",2022-10-28 22:57:00,2022-11-07 16:55:25,-35.662,NA,-42.422,173.678,"1",842305
"CP16918","RRGO","KK","M","66891_2","PTT",2022-10-28 22:57:00,2022-11-07 17:15:58,26.432,3.9771,-42.416,173.67,"3",843538
"CP16918","RRGO","KK","M","66891_2","PTT",2022-10-28 22:57:00,2022-11-07 17:15:58,-35.662,NA,-42.416,173.67,"3",843538
"CP16918","RRGO","KK","M","66891_2","PTT",2022-10-28 22:57:00,2022-11-07 21:03:36,-35.662,NA,-42.443,173.54,"B",857196
"CP16918","RRGO","KK","M","66891_2","PTT",2022-10-28 22:57:00,2022-11-07 22:04:24,19.796,3.7954,-42.419,173.675,"1",860844
"CP16918","RRGO","KK","M","66891_2","PTT",2022-10-28 22:57:00,2022-11-07 22:04:24,-35.662,NA,-42.419,173.675,"1",860844
"CP16918","RRGO","KK","M","66891_2","PTT",2022-10-28 22:57:00,2022-11-08 06:19:26,-35.662,NA,-42.358,173.764,"B",890546
"CP16918","RRGO","KK","M","66891_2","PTT",2022-10-28 22:57:00,2022-11-08 06:45:23,-35.662,NA,-42.361,173.754,"B",892103
"CP16918","RRGO","KK","M","66891_2","PTT",2022-10-28 22:57:00,2022-11-08 06:49:07,22.64,3.7638,-42.375,173.535,"0",892327
"CP16918","RRGO","KK","M","66891_2","PTT",2022-10-28 22:57:00,2022-11-08 06:49:07,24.536,3.7796,-42.375,173.535,"0",892327
"CP16918","RRGO","KK","M","66891_2","PTT",2022-10-28 22:57:00,2022-11-08 06:49:07,-35.662,NA,-42.375,173.535,"0",892327
"CP16918","RRGO","KK","M","66891_2","PTT",2022-10-28 22:57:00,2022-11-08 07:43:18,32.594,3.827,-42.418,173.71,"1",895578
"CP16918","RRGO","KK","M","66891_2","PTT",2022-10-28 22:57:00,2022-11-08 07:43:18,-35.662,NA,-42.418,173.71,"1",895578
"CP16918","RRGO","KK","M","66891_2","PTT",2022-10-28 22:57:00,2022-11-08 07:43:18,32.594,3.8349,-42.418,173.71,"1",895578
"CP16918","RRGO","KK","M","66891_2","PTT",2022-10-28 22:57:00,2022-11-08 08:33:11,-35.662,NA,-42.441,173.644,"B",898571
"CP16918","RRGO","KK","M","66891_2","PTT",2022-10-28 22:57:00,2022-11-08 09:27:10,31.646,3.9692,-42.44,173.763,"A",901810
"CP16918","RRGO","KK","M","66891_2","PTT",2022-10-28 22:57:00,2022-11-08 09:27:10,-35.662,NA,-42.44,173.763,"A",901810
"CP16918","RRGO","KK","M","66891_2","PTT",2022-10-28 22:57:00,2022-11-08 16:25:48,-35.662,NA,-42.417,173.725,"1",926928
"CP16918","RRGO","KK","M","66891_2","PTT",2022-10-28 22:57:00,2022-11-08 16:25:48,34.016,4.0245,-42.417,173.725,"1",926928
"CP16918","RRGO","KK","M","66891_2","PTT",2022-10-28 22:57:00,2022-11-08 16:58:53,-35.662,NA,-42.41,173.663,"A",928913
"CP9068","RBRL","KK","F","66903","PTT",2021-10-03 19:06:00,2022-11-08 16:25:25,32.594,3.7085,-42.42,173.685,"2",34636765
"CP9068","RBRL","KK","F","66903","PTT",2021-10-03 19:06:00,2022-11-08 16:25:25,33.068,3.7085,-42.42,173.685,"2",34636765
"CP9068","RBRL","KK","F","66903","PTT",2021-10-03 19:06:00,2022-11-08 16:25:25,-35.662,NA,-42.42,173.685,"2",34636765
"CP16918","RRGO","KK","M","66891_2","PTT",2022-10-28 22:57:00,2022-11-08 20:50:41,-35.662,NA,-42.413,173.692,"B",942821
"CP16918","RRGO","KK","M","66891_2","PTT",2022-10-28 22:57:00,2022-11-08 21:43:32,23.114,3.7954,-42.41,173.686,"2",945992
"CP16918","RRGO","KK","M","66891_2","PTT",2022-10-28 22:57:00,2022-11-08 21:43:32,-35.662,NA,-42.41,173.686,"2",945992
"CP16918","RRGO","KK","M","66891_2","PTT",2022-10-28 22:57:00,2022-11-08 21:43:32,23.114,3.7954,-42.41,173.686,"2",945992
"CP16918","RRGO","KK","M","66891_2","PTT",2022-10-28 22:57:00,2022-11-09 06:03:32,24.536,3.7401,-42.423,173.68,"1",975992
"CP16918","RRGO","KK","M","66891_2","PTT",2022-10-28 22:57:00,2022-11-09 06:03:32,-35.662,NA,-42.423,173.68,"1",975992
"CP16918","RRGO","KK","M","66891_2","PTT",2022-10-28 22:57:00,2022-11-09 06:35:43,26.432,3.8112,-42.419,173.742,"1",977923
"CP16918","RRGO","KK","M","66891_2","PTT",2022-10-28 22:57:00,2022-11-09 06:35:43,25.484,3.8191,-42.419,173.742,"1",977923
"CP16918","RRGO","KK","M","66891_2","PTT",2022-10-28 22:57:00,2022-11-09 06:35:43,-35.662,NA,-42.419,173.742,"1",977923
"CP16918","RRGO","KK","M","66891_2","PTT",2022-10-28 22:57:00,2022-11-09 07:25:53,30.224,3.8665,-42.418,173.722,"0",980933
"CP16918","RRGO","KK","M","66891_2","PTT",2022-10-28 22:57:00,2022-11-09 07:25:53,-35.662,NA,-42.418,173.722,"0",980933
"CP16918","RRGO","KK","M","66891_2","PTT",2022-10-28 22:57:00,2022-11-09 08:12:54,-35.662,NA,-42.442,173.784,"B",983754
"CP16918","RRGO","KK","M","66891_2","PTT",2022-10-28 22:57:00,2022-11-09 09:05:05,34.016,3.9929,-42.409,173.712,"2",986885
"CP16918","RRGO","KK","M","66891_2","PTT",2022-10-28 22:57:00,2022-11-09 09:05:05,34.016,4.0008,-42.409,173.712,"2",986885
"CP16918","RRGO","KK","M","66891_2","PTT",2022-10-28 22:57:00,2022-11-09 09:05:05,-35.662,NA,-42.409,173.712,"2",986885
"CP16918","RRGO","KK","M","66891_2","PTT",2022-10-28 22:57:00,2022-11-09 15:54:37,31.646,4.0008,-42.422,173.692,"A",1011457
"CP16918","RRGO","KK","M","66891_2","PTT",2022-10-28 22:57:00,2022-11-09 15:54:37,-35.662,NA,-42.422,173.692,"A",1011457
"CP16918","RRGO","KK","M","66891_2","PTT",2022-10-28 22:57:00,2022-11-09 16:43:05,26.906,3.9771,-42.396,173.578,"0",1014365
"CP16918","RRGO","KK","M","66891_2","PTT",2022-10-28 22:57:00,2022-11-09 16:43:05,-35.662,NA,-42.396,173.578,"0",1014365
"CP16918","RRGO","KK","M","66891_2","PTT",2022-10-28 22:57:00,2022-11-09 17:34:04,23.588,3.9771,-42.417,173.687,"1",1017424
"CP16918","RRGO","KK","M","66891_2","PTT",2022-10-28 22:57:00,2022-11-09 17:34:04,-35.662,NA,-42.417,173.687,"1",1017424
"CP16918","RRGO","KK","M","66891_2","PTT",2022-10-28 22:57:00,2022-11-09 17:34:04,23.114,3.9692,-42.417,173.687,"1",1017424
"CP9068","RBRL","KK","F","66903","PTT",2021-10-03 19:06:00,2022-11-09 16:44:21,31.172,3.7559,-42.417,173.689,"B",34724301
"CP9068","RBRL","KK","F","66903","PTT",2021-10-03 19:06:00,2022-11-09 16:44:21,-35.662,NA,-42.417,173.689,"B",34724301
"CP9068","RBRL","KK","F","66903","PTT",2021-10-03 19:06:00,2022-11-09 17:33:11,-35.662,NA,-42.605,174.589,"B",34727231
"CP16918","RRGO","KK","M","66891_2","PTT",2022-10-28 22:57:00,2022-11-09 18:54:31,-35.662,NA,-42.415,173.697,"B",1022251
"CP16918","RRGO","KK","M","66891_2","PTT",2022-10-28 22:57:00,2022-11-09 21:23:07,20.27,3.8349,-42.41,173.678,"1",1031167
"CP16918","RRGO","KK","M","66891_2","PTT",2022-10-28 22:57:00,2022-11-09 21:23:07,19.796,3.827,-42.41,173.678,"1",1031167
"CP16918","RRGO","KK","M","66891_2","PTT",2022-10-28 22:57:00,2022-11-09 21:23:07,-35.662,NA,-42.41,173.678,"1",1031167
"CP16918","RRGO","KK","M","66891_2","PTT",2022-10-28 22:57:00,2022-11-10 15:22:42,-35.662,NA,-42.47,173.701,"B",1095942
"CP16918","RRGO","KK","M","66891_2","PTT",2022-10-28 22:57:00,2022-11-10 16:26:15,-35.662,NA,-42.449,173.724,"B",1099755
"CP16918","RRGO","KK","M","66891_2","PTT",2022-10-28 22:57:00,2022-11-10 17:02:52,27.854,4.0087,-42.431,173.698,"1",1101952
"CP16918","RRGO","KK","M","66891_2","PTT",2022-10-28 22:57:00,2022-11-10 17:02:52,-35.662,NA,-42.431,173.698,"1",1101952
"CP9068","RBRL","KK","F","66903","PTT",2021-10-03 19:06:00,2022-11-10 16:26:42,-35.662,NA,-43.921,-177.744,"A",34809642
"CP9068","RBRL","KK","F","66903","PTT",2021-10-03 19:06:00,2022-11-10 17:02:55,33.068,3.7164,-40.994,166.272,"A",34811815
"CP9068","RBRL","KK","F","66903","PTT",2021-10-03 19:06:00,2022-11-10 17:02:55,-35.662,NA,-40.994,166.272,"A",34811815
"CP16918","RRGO","KK","M","66891_2","PTT",2022-10-28 22:57:00,2022-11-10 21:01:40,21.218,3.8349,-42.411,173.671,"2",1116280
"CP16918","RRGO","KK","M","66891_2","PTT",2022-10-28 22:57:00,2022-11-10 21:01:40,-35.662,NA,-42.411,173.671,"2",1116280
"CP16918","RRGO","KK","M","66891_2","PTT",2022-10-28 22:57:00,2022-11-10 21:01:40,21.218,3.8349,-42.411,173.671,"2",1116280
"CP16918","RRGO","KK","M","66891_2","PTT",2022-10-28 22:57:00,2022-11-10 22:05:24,-35.662,NA,-42.424,173.683,"B",1120104
"CP16918","RRGO","KK","M","66891_2","PTT",2022-10-28 22:57:00,2022-11-10 22:38:51,-35.662,NA,-42.414,173.674,"B",1122111
"CP16918","RRGO","KK","M","66891_2","PTT",2022-10-28 22:57:00,2022-11-11 06:54:25,-35.662,NA,-42.381,173.843,"B",1151845
"CP16918","RRGO","KK","M","66891_2","PTT",2022-10-28 22:57:00,2022-11-11 08:24:03,26.432,3.8191,-42.407,173.588,"0",1157223
"CP16918","RRGO","KK","M","66891_2","PTT",2022-10-28 22:57:00,2022-11-11 08:24:03,-35.662,NA,-42.407,173.588,"0",1157223
"CP16918","RRGO","KK","M","66891_2","PTT",2022-10-28 22:57:00,2022-11-11 16:08:54,24.536,3.9376,-42.411,173.672,"1",1185114
"CP16918","RRGO","KK","M","66891_2","PTT",2022-10-28 22:57:00,2022-11-11 16:08:54,-35.662,NA,-42.411,173.672,"1",1185114
"CP16918","RRGO","KK","M","66891_2","PTT",2022-10-28 22:57:00,2022-11-11 16:31:40,23.588,3.9297,-42.58,173.837,"A",1186480
"CP16918","RRGO","KK","M","66891_2","PTT",2022-10-28 22:57:00,2022-11-11 16:31:40,-35.662,NA,-42.58,173.837,"A",1186480
"CP16918","RRGO","KK","M","66891_2","PTT",2022-10-28 22:57:00,2022-11-11 20:14:03,22.64,3.7875,-42.417,173.665,"0",1199823
"CP16918","RRGO","KK","M","66891_2","PTT",2022-10-28 22:57:00,2022-11-11 20:14:03,-35.662,NA,-42.417,173.665,"0",1199823
"CP16918","RRGO","KK","M","66891_2","PTT",2022-10-28 22:57:00,2022-11-11 20:41:00,-35.662,NA,-42.408,173.654,"1",1201440
"CP16918","RRGO","KK","M","66891_2","PTT",2022-10-28 22:57:00,2022-11-12 08:01:33,-35.662,NA,-42.39,173.573,"B",1242273
"CP16918","RRGO","KK","M","66891_2","PTT",2022-10-28 22:57:00,2022-11-12 09:42:30,-35.662,NA,-42.379,173.523,"B",1248330
"CP16918","RRGO","KK","M","66891_2","PTT",2022-10-28 22:57:00,2022-11-12 16:01:15,29.75,3.9692,-42.402,173.748,"0",1271055
"CP16918","RRGO","KK","M","66891_2","PTT",2022-10-28 22:57:00,2022-11-12 16:01:15,-35.662,NA,-42.402,173.748,"0",1271055
"CP16918","RRGO","KK","M","66891_2","PTT",2022-10-28 22:57:00,2022-11-12 17:26:26,22.64,3.9297,-42.483,173.633,"A",1276166
"CP16918","RRGO","KK","M","66891_2","PTT",2022-10-28 22:57:00,2022-11-12 17:26:26,-35.662,NA,-42.483,173.633,"A",1276166
"CP16918","RRGO","KK","M","66891_2","PTT",2022-10-28 22:57:00,2022-11-12 17:39:13,24.536,3.9218,-42.442,173.64,"0",1276933
"CP16918","RRGO","KK","M","66891_2","PTT",2022-10-28 22:57:00,2022-11-12 17:39:13,-35.662,NA,-42.442,173.64,"0",1276933
"CP16918","RRGO","KK","M","66891_2","PTT",2022-10-28 22:57:00,2022-11-12 20:01:40,22.64,3.8349,-42.418,173.67,"1",1285480
"CP16918","RRGO","KK","M","66891_2","PTT",2022-10-28 22:57:00,2022-11-12 20:01:40,-35.662,NA,-42.418,173.67,"1",1285480
"CP16918","RRGO","KK","M","66891_2","PTT",2022-10-28 22:57:00,2022-11-12 20:01:40,22.64,3.8349,-42.418,173.67,"1",1285480
"CP16918","RRGO","KK","M","66891_2","PTT",2022-10-28 22:57:00,2022-11-12 21:07:30,-35.662,NA,-42.418,173.645,"B",1289430
"CP16918","RRGO","KK","M","66891_2","PTT",2022-10-28 22:57:00,2022-11-12 21:59:20,23.588,3.7559,-42.412,173.692,"2",1292540
"CP16918","RRGO","KK","M","66891_2","PTT",2022-10-28 22:57:00,2022-11-12 21:59:20,-35.662,NA,-42.412,173.692,"2",1292540
"CP16918","RRGO","KK","M","66891_2","PTT",2022-10-28 22:57:00,2022-11-13 07:29:09,30.224,3.7796,-42.399,173.668,"0",1326729
"CP16918","RRGO","KK","M","66891_2","PTT",2022-10-28 22:57:00,2022-11-13 07:29:09,31.646,3.7954,-42.399,173.668,"0",1326729
"CP16918","RRGO","KK","M","66891_2","PTT",2022-10-28 22:57:00,2022-11-13 07:29:09,-35.662,NA,-42.399,173.668,"0",1326729
"CP16918","RRGO","KK","M","66891_2","PTT",2022-10-28 22:57:00,2022-11-13 07:43:34,28.328,3.7875,-42.349,173.974,"0",1327594
"CP16918","RRGO","KK","M","66891_2","PTT",2022-10-28 22:57:00,2022-11-13 07:43:34,-35.662,NA,-42.349,173.974,"0",1327594
"CP16918","RRGO","KK","M","66891_2","PTT",2022-10-28 22:57:00,2022-11-13 07:43:34,26.432,3.8033,-42.349,173.974,"0",1327594
"CP16918","RRGO","KK","M","66891_2","PTT",2022-10-28 22:57:00,2022-11-13 08:29:06,-35.662,NA,-42.393,173.669,"B",1330326
"CP16918","RRGO","KK","M","66891_2","PTT",2022-10-28 22:57:00,2022-11-13 09:21:55,-35.662,NA,-42.413,173.689,"A",1333495
"CP9068","RBRL","KK","F","66903","PTT",2021-10-03 19:06:00,2022-11-13 09:23:56,-35.662,NA,-42.814,174.206,"B",35043476
"CP16918","RRGO","KK","M","66891_2","PTT",2022-10-28 22:57:00,2022-11-13 15:28:23,29.276,3.9929,-42.343,173.143,"B",1355483
"CP16918","RRGO","KK","M","66891_2","PTT",2022-10-28 22:57:00,2022-11-13 17:09:11,26.432,3.9929,-42.407,173.651,"0",1361531
"CP16918","RRGO","KK","M","66891_2","PTT",2022-10-28 22:57:00,2022-11-13 17:09:11,25.01,4.0008,-42.407,173.651,"0",1361531
"CP16918","RRGO","KK","M","66891_2","PTT",2022-10-28 22:57:00,2022-11-13 17:09:11,-35.662,NA,-42.407,173.651,"0",1361531
"CP16918","RRGO","KK","M","66891_2","PTT",2022-10-28 22:57:00,2022-11-13 17:10:04,25.01,4.0008,-42.414,173.67,"0",1361584
"CP16918","RRGO","KK","M","66891_2","PTT",2022-10-28 22:57:00,2022-11-13 17:10:04,-35.662,NA,-42.414,173.67,"0",1361584
"CP16918","RRGO","KK","M","66891_2","PTT",2022-10-28 22:57:00,2022-11-13 19:49:59,24.062,3.8902,-42.417,173.646,"0",1371179
"CP16918","RRGO","KK","M","66891_2","PTT",2022-10-28 22:57:00,2022-11-13 19:49:59,-35.662,NA,-42.417,173.646,"0",1371179
"CP16918","RRGO","KK","M","66891_2","PTT",2022-10-28 22:57:00,2022-11-13 21:38:56,21.218,3.8191,-42.42,173.664,"1",1377716
"CP16918","RRGO","KK","M","66891_2","PTT",2022-10-28 22:57:00,2022-11-13 21:38:56,21.218,3.8191,-42.42,173.664,"1",1377716
"CP16918","RRGO","KK","M","66891_2","PTT",2022-10-28 22:57:00,2022-11-13 21:38:56,-35.662,NA,-42.42,173.664,"1",1377716
"CP16918","RRGO","KK","M","66891_2","PTT",2022-10-28 22:57:00,2022-11-14 07:16:39,21.692,3.7796,-42.429,173.696,"0",1412379
"CP16918","RRGO","KK","M","66891_2","PTT",2022-10-28 22:57:00,2022-11-14 07:16:39,23.588,3.7717,-42.429,173.696,"0",1412379
"CP16918","RRGO","KK","M","66891_2","PTT",2022-10-28 22:57:00,2022-11-14 07:16:39,-35.662,NA,-42.429,173.696,"0",1412379
"CP16918","RRGO","KK","M","66891_2","PTT",2022-10-28 22:57:00,2022-11-14 07:21:57,22.64,3.7954,-42.391,173.612,"A",1412697
"CP16918","RRGO","KK","M","66891_2","PTT",2022-10-28 22:57:00,2022-11-14 07:21:57,-35.662,NA,-42.391,173.612,"A",1412697
"CP16918","RRGO","KK","M","66891_2","PTT",2022-10-28 22:57:00,2022-11-14 08:08:46,-35.662,NA,-42.445,173.688,"B",1415506
"CP9068","RBRL","KK","F","66903","PTT",2021-10-03 19:06:00,2022-11-14 07:17:40,25.958,3.4952,-42.392,173.621,"A",35122300
"CP9068","RBRL","KK","F","66903","PTT",2021-10-03 19:06:00,2022-11-14 07:17:40,-35.662,NA,-42.392,173.621,"A",35122300
"CP9068","RBRL","KK","F","66903","PTT",2021-10-03 19:06:00,2022-11-14 07:17:40,44.444,3.2029,-42.392,173.621,"A",35122300
"CP9068","RBRL","KK","F","66903","PTT",2021-10-03 19:06:00,2022-11-14 07:20:27,-35.662,NA,-42.392,173.619,"B",35122467
"CP16918","RRGO","KK","M","66891_2","PTT",2022-10-28 22:57:00,2022-11-14 16:38:37,26.906,3.9613,-42.462,173.943,"0",1446097
"CP16918","RRGO","KK","M","66891_2","PTT",2022-10-28 22:57:00,2022-11-14 16:38:37,-35.662,NA,-42.462,173.943,"0",1446097
"CP16918","RRGO","KK","M","66891_2","PTT",2022-10-28 22:57:00,2022-11-14 16:53:09,25.958,3.9534,-42.419,173.648,"1",1446969
"CP16918","RRGO","KK","M","66891_2","PTT",2022-10-28 22:57:00,2022-11-14 16:53:09,-35.662,NA,-42.419,173.648,"1",1446969
"CP16918","RRGO","KK","M","66891_2","PTT",2022-10-28 22:57:00,2022-11-14 21:18:05,23.588,3.7954,-42.417,173.668,"2",1462865
"CP16918","RRGO","KK","M","66891_2","PTT",2022-10-28 22:57:00,2022-11-14 21:18:05,23.588,3.7954,-42.417,173.668,"2",1462865
"CP16918","RRGO","KK","M","66891_2","PTT",2022-10-28 22:57:00,2022-11-14 21:18:05,-35.662,NA,-42.417,173.668,"2",1462865
"CP16918","RRGO","KK","M","66891_2","PTT",2022-10-28 22:57:00,2022-11-15 05:57:18,-35.662,NA,-42.412,173.672,"A",1494018
"CP16918","RRGO","KK","M","66891_2","PTT",2022-10-28 22:57:00,2022-11-15 05:57:18,24.062,3.3372,-42.412,173.672,"A",1494018
"CP16918","RRGO","KK","M","66891_2","PTT",2022-10-28 22:57:00,2022-11-15 06:28:23,30.698,3.8033,-42.393,173.568,"0",1495883
"CP16918","RRGO","KK","M","66891_2","PTT",2022-10-28 22:57:00,2022-11-15 06:28:23,-35.662,NA,-42.393,173.568,"0",1495883
"CP16918","RRGO","KK","M","66891_2","PTT",2022-10-28 22:57:00,2022-11-15 07:04:57,29.75,3.7954,-42.39,173.486,"0",1498077
"CP16918","RRGO","KK","M","66891_2","PTT",2022-10-28 22:57:00,2022-11-15 07:04:57,-35.662,NA,-42.39,173.486,"0",1498077
"CP16918","RRGO","KK","M","66891_2","PTT",2022-10-28 22:57:00,2022-11-15 08:41:14,32.594,3.9534,-42.422,173.76,"0",1503854
"CP16918","RRGO","KK","M","66891_2","PTT",2022-10-28 22:57:00,2022-11-15 08:41:14,-35.662,NA,-42.422,173.76,"0",1503854
"CP16918","RRGO","KK","M","66891_2","PTT",2022-10-28 22:57:00,2022-11-15 08:41:14,31.646,3.9218,-42.422,173.76,"0",1503854
"CP9068","RBRL","KK","F","66903","PTT",2021-10-03 19:06:00,2022-11-15 08:40:45,38.282,3.7322,-42.364,173.619,"1",35213685
"CP9068","RBRL","KK","F","66903","PTT",2021-10-03 19:06:00,2022-11-15 08:40:45,-35.662,NA,-42.364,173.619,"1",35213685
"CP9068","RBRL","KK","F","66903","PTT",2021-10-03 19:06:00,2022-11-15 08:40:45,38.282,3.7322,-42.364,173.619,"1",35213685
"CP16918","RRGO","KK","M","66891_2","PTT",2022-10-28 22:57:00,2022-11-15 16:07:24,32.594,3.985,-42.452,173.694,"2",1530624
"CP16918","RRGO","KK","M","66891_2","PTT",2022-10-28 22:57:00,2022-11-15 16:07:24,-35.662,NA,-42.452,173.694,"2",1530624
"CP16918","RRGO","KK","M","66891_2","PTT",2022-10-28 22:57:00,2022-11-15 16:37:30,32.594,3.8112,-42.415,173.561,"0",1532430
"CP16918","RRGO","KK","M","66891_2","PTT",2022-10-28 22:57:00,2022-11-15 16:37:30,-35.662,NA,-42.415,173.561,"0",1532430
"CP16918","RRGO","KK","M","66891_2","PTT",2022-10-28 22:57:00,2022-11-15 17:46:21,-35.662,NA,-42.411,173.589,"B",1536561
"CP16918","RRGO","KK","M","66891_2","PTT",2022-10-28 22:57:00,2022-11-15 17:46:21,26.906,3.9613,-42.411,173.589,"B",1536561
"CP16918","RRGO","KK","M","66891_2","PTT",2022-10-28 22:57:00,2022-11-15 19:26:25,23.114,3.2661,-42.419,173.652,"A",1542565
"CP16918","RRGO","KK","M","66891_2","PTT",2022-10-28 22:57:00,2022-11-15 19:26:25,-35.662,NA,-42.419,173.652,"A",1542565
"CP16918","RRGO","KK","M","66891_2","PTT",2022-10-28 22:57:00,2022-11-15 20:57:46,23.588,3.8349,-42.416,173.678,"3",1548046
"CP16918","RRGO","KK","M","66891_2","PTT",2022-10-28 22:57:00,2022-11-15 20:57:46,23.588,3.8349,-42.416,173.678,"3",1548046
"CP16918","RRGO","KK","M","66891_2","PTT",2022-10-28 22:57:00,2022-11-15 20:57:46,-35.662,NA,-42.416,173.678,"3",1548046
"CP16918","RRGO","KK","M","66891_2","PTT",2022-10-28 22:57:00,2022-11-16 05:40:29,25.958,3.7638,-42.422,173.596,"0",1579409
"CP16918","RRGO","KK","M","66891_2","PTT",2022-10-28 22:57:00,2022-11-16 05:40:29,-35.662,NA,-42.422,173.596,"0",1579409
"CP16918","RRGO","KK","M","66891_2","PTT",2022-10-28 22:57:00,2022-11-16 05:57:29,23.114,3.7875,-42.48,173.483,"0",1580429
"CP16918","RRGO","KK","M","66891_2","PTT",2022-10-28 22:57:00,2022-11-16 05:57:29,-35.662,NA,-42.48,173.483,"0",1580429
"CP16918","RRGO","KK","M","66891_2","PTT",2022-10-28 22:57:00,2022-11-16 06:53:59,27.38,3.7717,-42.438,173.743,"0",1583819
"CP16918","RRGO","KK","M","66891_2","PTT",2022-10-28 22:57:00,2022-11-16 06:53:59,-35.662,NA,-42.438,173.743,"0",1583819
"CP16918","RRGO","KK","M","66891_2","PTT",2022-10-28 22:57:00,2022-11-16 08:22:20,32.594,3.8665,-42.272,173.303,"0",1589120
"CP16918","RRGO","KK","M","66891_2","PTT",2022-10-28 22:57:00,2022-11-16 08:22:20,-35.662,NA,-42.272,173.303,"0",1589120
"CP16918","RRGO","KK","M","66891_2","PTT",2022-10-28 22:57:00,2022-11-16 08:22:20,33.068,3.8507,-42.272,173.303,"0",1589120
"CP16918","RRGO","KK","M","66891_2","PTT",2022-10-28 22:57:00,2022-11-16 10:00:01,42.074,3.8823,-42.239,173.229,"B",1594981
"CP9068","RBRL","KK","F","66903","PTT",2021-10-03 19:06:00,2022-11-16 06:53:17,36.386,3.7559,-42.385,173.625,"0",35293637
"CP9068","RBRL","KK","F","66903","PTT",2021-10-03 19:06:00,2022-11-16 06:53:17,-35.662,NA,-42.385,173.625,"0",35293637
"CP9068","RBRL","KK","F","66903","PTT",2021-10-03 19:06:00,2022-11-16 08:21:22,35.912,3.7085,-42.318,173.41,"0",35298922
"CP9068","RBRL","KK","F","66903","PTT",2021-10-03 19:06:00,2022-11-16 08:21:22,34.016,3.7006,-42.318,173.41,"0",35298922
"CP9068","RBRL","KK","F","66903","PTT",2021-10-03 19:06:00,2022-11-16 08:21:22,-35.662,NA,-42.318,173.41,"0",35298922
"CP16918","RRGO","KK","M","66891_2","PTT",2022-10-28 22:57:00,2022-11-16 15:36:18,-35.662,NA,-41.984,173.101,"B",1615158
"CP16918","RRGO","KK","M","66891_2","PTT",2022-10-28 22:57:00,2022-11-16 16:19:35,-35.662,NA,-42.25,173.76,"Z",1617755
"CP16918","RRGO","KK","M","66891_2","PTT",2022-10-28 22:57:00,2022-11-16 16:19:35,24.536,3.9929,-42.25,173.76,"Z",1617755
"CP16918","RRGO","KK","M","66891_2","PTT",2022-10-28 22:57:00,2022-11-16 17:15:11,24.062,3.9613,-42.416,173.709,"0",1621091
"CP16918","RRGO","KK","M","66891_2","PTT",2022-10-28 22:57:00,2022-11-16 17:15:11,24.536,3.9534,-42.416,173.709,"0",1621091
"CP16918","RRGO","KK","M","66891_2","PTT",2022-10-28 22:57:00,2022-11-16 17:15:11,-35.662,NA,-42.416,173.709,"0",1621091
"CP16918","RRGO","KK","M","66891_2","PTT",2022-10-28 22:57:00,2022-11-16 20:53:38,-35.662,NA,-42.451,173.786,"B",1634198
"CP16918","RRGO","KK","M","66891_2","PTT",2022-10-28 22:57:00,2022-11-16 21:24:29,-35.662,NA,-42.44,173.796,"B",1636049
"CP16918","RRGO","KK","M","66891_2","PTT",2022-10-28 22:57:00,2022-11-16 22:17:56,-35.662,NA,-42.455,173.817,"B",1639256
"CP16918","RRGO","KK","M","66891_2","PTT",2022-10-28 22:57:00,2022-11-17 06:42:35,-35.662,NA,-42.56,174.148,"B",1669535
"CP16918","RRGO","KK","M","66891_2","PTT",2022-10-28 22:57:00,2022-11-17 07:58:43,27.854,3.7954,-42.422,173.692,"0",1674103
"CP16918","RRGO","KK","M","66891_2","PTT",2022-10-28 22:57:00,2022-11-17 07:58:43,27.38,3.7796,-42.422,173.692,"0",1674103
"CP16918","RRGO","KK","M","66891_2","PTT",2022-10-28 22:57:00,2022-11-17 07:58:43,-35.662,NA,-42.422,173.692,"0",1674103
"CP16918","RRGO","KK","M","66891_2","PTT",2022-10-28 22:57:00,2022-11-17 09:39:20,33.542,3.9929,-42.421,173.6,"B",1680140
"CP16918","RRGO","KK","M","66891_2","PTT",2022-10-28 22:57:00,2022-11-17 09:39:20,-35.662,NA,-42.421,173.6,"B",1680140
"CP16918","RRGO","KK","M","66891_2","PTT",2022-10-28 22:57:00,2022-11-17 15:01:48,24.536,3.9771,-42.352,173.351,"B",1699488
"CP16918","RRGO","KK","M","66891_2","PTT",2022-10-28 22:57:00,2022-11-17 17:36:41,-35.662,NA,-42.382,173.34,"B",1708781
"CP16918","RRGO","KK","M","66891_2","PTT",2022-10-28 22:57:00,2022-11-18 06:30:49,-35.662,NA,-42.218,173.113,"B",1755229
"CP16918","RRGO","KK","M","66891_2","PTT",2022-10-28 22:57:00,2022-11-18 06:34:11,25.01,3.748,-42.399,173.676,"0",1755431
"CP16918","RRGO","KK","M","66891_2","PTT",2022-10-28 22:57:00,2022-11-18 06:34:11,-35.662,NA,-42.399,173.676,"0",1755431
"CP16918","RRGO","KK","M","66891_2","PTT",2022-10-28 22:57:00,2022-11-18 06:34:11,24.536,3.7559,-42.399,173.676,"0",1755431
"CP16918","RRGO","KK","M","66891_2","PTT",2022-10-28 22:57:00,2022-11-18 07:39:45,32.594,3.8191,-42.412,173.708,"A",1759365
"CP16918","RRGO","KK","M","66891_2","PTT",2022-10-28 22:57:00,2022-11-18 07:39:45,-35.662,NA,-42.412,173.708,"A",1759365
"CP16918","RRGO","KK","M","66891_2","PTT",2022-10-28 22:57:00,2022-11-18 08:07:14,-35.662,NA,-42.41,173.708,"B",1761014
"CP9068","RBRL","KK","F","66903","PTT",2021-10-03 19:06:00,2022-11-18 09:18:06,32.594,3.7085,-42.387,173.649,"A",35475126
"CP9068","RBRL","KK","F","66903","PTT",2021-10-03 19:06:00,2022-11-18 09:18:06,-35.662,NA,-42.387,173.649,"A",35475126
"CP16918","RRGO","KK","M","66891_2","PTT",2022-10-28 22:57:00,2022-11-18 16:15:14,-35.662,NA,-42.473,173.816,"A",1790294
"CP16918","RRGO","KK","M","66891_2","PTT",2022-10-28 22:57:00,2022-11-18 17:20:49,-35.662,NA,-42.462,173.778,"B",1794229
"CP16918","RRGO","KK","M","66891_2","PTT",2022-10-28 22:57:00,2022-11-18 17:53:47,-35.662,NA,-42.495,173.708,"B",1796207
"CP16918","RRGO","KK","M","66891_2","PTT",2022-10-28 22:57:00,2022-11-18 17:53:47,21.692,3.7875,-42.495,173.708,"B",1796207
"CP16918","RRGO","KK","M","66891_2","PTT",2022-10-28 22:57:00,2022-11-19 17:02:31,-35.662,NA,-42.427,173.58,"B",1879531
"CP16918","RRGO","KK","M","66891_2","PTT",2022-10-28 22:57:00,2022-11-19 17:02:31,25.01,3.8428,-42.427,173.58,"B",1879531
"CP16918","RRGO","KK","M","66891_2","PTT",2022-10-28 22:57:00,2022-11-19 17:21:29,24.062,3.827,-42.402,173.658,"0",1880669
"CP16918","RRGO","KK","M","66891_2","PTT",2022-10-28 22:57:00,2022-11-19 17:21:29,21.692,3.827,-42.402,173.658,"0",1880669
"CP16918","RRGO","KK","M","66891_2","PTT",2022-10-28 22:57:00,2022-11-19 17:21:29,-35.662,NA,-42.402,173.658,"0",1880669
"CP16918","RRGO","KK","M","66891_2","PTT",2022-10-28 22:57:00,2022-11-20 07:45:03,-35.662,NA,-42.465,173.678,"B",1932483
"CP16918","RRGO","KK","M","66891_2","PTT",2022-10-28 22:57:00,2022-11-20 08:38:05,29.276,3.7322,-42.428,173.683,"0",1935665
"CP16918","RRGO","KK","M","66891_2","PTT",2022-10-28 22:57:00,2022-11-20 08:38:05,28.328,3.8823,-42.428,173.683,"0",1935665
"CP16918","RRGO","KK","M","66891_2","PTT",2022-10-28 22:57:00,2022-11-20 08:38:05,-35.662,NA,-42.428,173.683,"0",1935665
"CP16918","RRGO","KK","M","66891_2","PTT",2022-10-28 22:57:00,2022-11-20 16:45:52,26.906,3.9929,-42.419,173.692,"1",1964932
"CP16918","RRGO","KK","M","66891_2","PTT",2022-10-28 22:57:00,2022-11-20 16:45:52,-35.662,NA,-42.419,173.692,"1",1964932
"CP16918","RRGO","KK","M","66891_2","PTT",2022-10-28 22:57:00,2022-11-20 16:50:07,26.432,3.985,-42.412,173.708,"0",1965187
"CP16918","RRGO","KK","M","66891_2","PTT",2022-10-28 22:57:00,2022-11-20 16:50:07,-35.662,NA,-42.412,173.708,"0",1965187
"CP16918","RRGO","KK","M","66891_2","PTT",2022-10-28 22:57:00,2022-11-20 20:53:15,25.484,3.8349,-42.413,173.681,"3",1979775
"CP16918","RRGO","KK","M","66891_2","PTT",2022-10-28 22:57:00,2022-11-20 20:53:15,25.484,3.8349,-42.413,173.681,"3",1979775
"CP16918","RRGO","KK","M","66891_2","PTT",2022-10-28 22:57:00,2022-11-20 20:53:15,-35.662,NA,-42.413,173.681,"3",1979775
"CP16918","RRGO","KK","M","66891_2","PTT",2022-10-28 22:57:00,2022-11-21 05:50:07,27.854,3.748,-42.401,173.699,"A",2011987
"CP16918","RRGO","KK","M","66891_2","PTT",2022-10-28 22:57:00,2022-11-21 05:50:07,-35.662,NA,-42.401,173.699,"A",2011987
"CP16918","RRGO","KK","M","66891_2","PTT",2022-10-28 22:57:00,2022-11-21 05:55:44,29.75,3.7401,-42.402,173.696,"B",2012324
"CP16918","RRGO","KK","M","66891_2","PTT",2022-10-28 22:57:00,2022-11-21 06:40:53,-35.662,NA,-42.545,173.77,"A",2015033
"CP16918","RRGO","KK","M","66891_2","PTT",2022-10-28 22:57:00,2022-11-21 07:34:06,29.75,3.8112,-42.418,173.676,"1",2018226
"CP16918","RRGO","KK","M","66891_2","PTT",2022-10-28 22:57:00,2022-11-21 07:34:06,29.75,3.8033,-42.418,173.676,"1",2018226
"CP16918","RRGO","KK","M","66891_2","PTT",2022-10-28 22:57:00,2022-11-21 07:34:06,-35.662,NA,-42.418,173.676,"1",2018226
"CP16918","RRGO","KK","M","66891_2","PTT",2022-10-28 22:57:00,2022-11-21 08:18:04,34.964,3.827,-42.427,173.764,"0",2020864
"CP16918","RRGO","KK","M","66891_2","PTT",2022-10-28 22:57:00,2022-11-21 08:18:04,34.49,3.827,-42.427,173.764,"0",2020864
"CP16918","RRGO","KK","M","66891_2","PTT",2022-10-28 22:57:00,2022-11-21 08:18:04,-35.662,NA,-42.427,173.764,"0",2020864
"CP16918","RRGO","KK","M","66891_2","PTT",2022-10-28 22:57:00,2022-11-21 09:58:13,-35.662,NA,-42.416,173.762,"B",2026873
"CP9068","RBRL","KK","F","66903","PTT",2021-10-03 19:06:00,2022-11-21 05:50:32,32.594,3.7164,-42.376,173.621,"1",35721872
"CP9068","RBRL","KK","F","66903","PTT",2021-10-03 19:06:00,2022-11-21 05:50:32,-35.662,NA,-42.376,173.621,"1",35721872
"CP9068","RBRL","KK","F","66903","PTT",2021-10-03 19:06:00,2022-11-21 05:52:12,-35.662,NA,-42.368,173.662,"B",35721972
"CP9068","RBRL","KK","F","66903","PTT",2021-10-03 19:06:00,2022-11-21 06:39:24,-35.662,NA,-42.396,173.646,"B",35724804
"CP16918","RRGO","KK","M","66891_2","PTT",2022-10-28 22:57:00,2022-11-21 16:19:22,31.646,3.9297,-42.441,173.664,"0",2049742
"CP16918","RRGO","KK","M","66891_2","PTT",2022-10-28 22:57:00,2022-11-21 16:19:22,-35.662,NA,-42.441,173.664,"0",2049742
"CP16918","RRGO","KK","M","66891_2","PTT",2022-10-28 22:57:00,2022-11-21 16:19:22,33.068,3.9297,-42.441,173.664,"0",2049742
"CP16918","RRGO","KK","M","66891_2","PTT",2022-10-28 22:57:00,2022-11-21 16:29:45,-35.662,NA,-42.422,173.681,"2",2050365
"CP16918","RRGO","KK","M","66891_2","PTT",2022-10-28 22:57:00,2022-11-21 16:29:45,29.75,3.9218,-42.422,173.681,"2",2050365
"CP16918","RRGO","KK","M","66891_2","PTT",2022-10-28 22:57:00,2022-11-21 19:55:17,24.062,3.8112,-42.412,173.678,"3",2062697
"CP16918","RRGO","KK","M","66891_2","PTT",2022-10-28 22:57:00,2022-11-21 19:55:17,24.062,3.8112,-42.412,173.678,"3",2062697
"CP16918","RRGO","KK","M","66891_2","PTT",2022-10-28 22:57:00,2022-11-21 19:55:17,-35.662,NA,-42.412,173.678,"3",2062697
"CP16918","RRGO","KK","M","66891_2","PTT",2022-10-28 22:57:00,2022-11-21 20:33:12,-35.662,NA,-42.414,173.703,"B",2064972
"CP16918","RRGO","KK","M","66891_2","PTT",2022-10-28 22:57:00,2022-11-21 20:33:12,23.588,3.7875,-42.414,173.703,"B",2064972
"CP16918","RRGO","KK","M","66891_2","PTT",2022-10-28 22:57:00,2022-11-21 21:21:17,-35.662,NA,-42.404,173.713,"B",2067857
"CP16918","RRGO","KK","M","66891_2","PTT",2022-10-28 22:57:00,2022-11-22 06:10:49,31.646,3.7243,-42.371,173.671,"0",2099629
"CP16918","RRGO","KK","M","66891_2","PTT",2022-10-28 22:57:00,2022-11-22 06:10:49,-35.662,NA,-42.371,173.671,"0",2099629
"CP16918","RRGO","KK","M","66891_2","PTT",2022-10-28 22:57:00,2022-11-22 07:22:10,34.49,3.7717,-42.445,173.658,"1",2103910
"CP16918","RRGO","KK","M","66891_2","PTT",2022-10-28 22:57:00,2022-11-22 07:22:10,30.698,3.7638,-42.445,173.658,"1",2103910
"CP16918","RRGO","KK","M","66891_2","PTT",2022-10-28 22:57:00,2022-11-22 07:22:10,-35.662,NA,-42.445,173.658,"1",2103910
"CP16918","RRGO","KK","M","66891_2","PTT",2022-10-28 22:57:00,2022-11-22 07:56:11,39.23,3.8902,-42.429,173.721,"2",2105951
"CP16918","RRGO","KK","M","66891_2","PTT",2022-10-28 22:57:00,2022-11-22 07:56:11,-35.662,NA,-42.429,173.721,"2",2105951
"CP16918","RRGO","KK","M","66891_2","PTT",2022-10-28 22:57:00,2022-11-22 08:43:18,-35.662,NA,-42.463,173.679,"B",2108778
"CP9068","RBRL","KK","F","66903","PTT",2021-10-03 19:06:00,2022-11-22 07:22:18,38.756,3.7164,-42.409,173.686,"1",35813778
"CP9068","RBRL","KK","F","66903","PTT",2021-10-03 19:06:00,2022-11-22 07:22:18,-35.662,NA,-42.409,173.686,"1",35813778
"CP9068","RBRL","KK","F","66903","PTT",2021-10-03 19:06:00,2022-11-22 07:22:18,37.808,3.7164,-42.409,173.686,"1",35813778
"CP9068","RBRL","KK","F","66903","PTT",2021-10-03 19:06:00,2022-11-22 07:56:22,41.126,3.7085,-42.42,173.756,"1",35815822
"CP9068","RBRL","KK","F","66903","PTT",2021-10-03 19:06:00,2022-11-22 07:56:22,41.6,3.7006,-42.42,173.756,"1",35815822
"CP9068","RBRL","KK","F","66903","PTT",2021-10-03 19:06:00,2022-11-22 07:56:22,-35.662,NA,-42.42,173.756,"1",35815822
"CP16918","RRGO","KK","M","66891_2","PTT",2022-10-28 22:57:00,2022-11-22 15:49:44,-35.662,NA,-42.54,173.762,"B",2134364
"CP16918","RRGO","KK","M","66891_2","PTT",2022-10-28 22:57:00,2022-11-22 16:13:41,-35.662,NA,-42.425,173.718,"A",2135801
"CP16918","RRGO","KK","M","66891_2","PTT",2022-10-28 22:57:00,2022-11-22 17:28:02,25.01,3.9376,-42.428,173.733,"2",2140262
"CP16918","RRGO","KK","M","66891_2","PTT",2022-10-28 22:57:00,2022-11-22 17:28:02,-35.662,NA,-42.428,173.733,"2",2140262
"CP16918","RRGO","KK","M","66891_2","PTT",2022-10-28 22:57:00,2022-11-22 17:28:02,25.958,3.9376,-42.428,173.733,"2",2140262
"CP16918","RRGO","KK","M","66891_2","PTT",2022-10-28 22:57:00,2022-11-23 07:11:58,-35.662,NA,-42.458,173.69,"B",2189698
"CP16918","RRGO","KK","M","66891_2","PTT",2022-10-28 22:57:00,2022-11-23 07:35:33,28.328,3.7638,-42.488,173.686,"0",2191113
"CP16918","RRGO","KK","M","66891_2","PTT",2022-10-28 22:57:00,2022-11-23 07:35:33,32.594,3.7875,-42.488,173.686,"0",2191113
"CP16918","RRGO","KK","M","66891_2","PTT",2022-10-28 22:57:00,2022-11-23 07:35:33,-35.662,NA,-42.488,173.686,"0",2191113
"CP16918","RRGO","KK","M","66891_2","PTT",2022-10-28 22:57:00,2022-11-23 09:15:48,37.334,3.9929,-42.409,173.654,"1",2197128
"CP16918","RRGO","KK","M","66891_2","PTT",2022-10-28 22:57:00,2022-11-23 09:15:48,-35.662,NA,-42.409,173.654,"1",2197128
"CP9068","RBRL","KK","F","66903","PTT",2021-10-03 19:06:00,2022-11-23 08:23:06,-35.662,NA,-42.402,173.673,"B",35903826
"CP9068","RBRL","KK","F","66903","PTT",2021-10-03 19:06:00,2022-11-23 08:23:06,37.808,3.7322,-42.402,173.673,"B",35903826
"CP9068","RBRL","KK","F","66903","PTT",2021-10-03 19:06:00,2022-11-23 09:15:31,34.016,3.8112,-42.364,173.609,"1",35906971
"CP9068","RBRL","KK","F","66903","PTT",2021-10-03 19:06:00,2022-11-23 09:15:31,35.912,3.7796,-42.364,173.609,"1",35906971
"CP9068","RBRL","KK","F","66903","PTT",2021-10-03 19:06:00,2022-11-23 09:15:31,-35.662,NA,-42.364,173.609,"1",35906971
"CP16918","RRGO","KK","M","66891_2","PTT",2022-10-28 22:57:00,2022-11-23 16:56:12,25.958,3.985,-42.428,173.733,"0",2224752
"CP16918","RRGO","KK","M","66891_2","PTT",2022-10-28 22:57:00,2022-11-23 16:56:12,26.906,3.985,-42.428,173.733,"0",2224752
"CP16918","RRGO","KK","M","66891_2","PTT",2022-10-28 22:57:00,2022-11-23 16:56:12,-35.662,NA,-42.428,173.733,"0",2224752
"CP16918","RRGO","KK","M","66891_2","PTT",2022-10-28 22:57:00,2022-11-23 17:32:02,-35.662,NA,-42.415,173.727,"B",2226902
"CP16918","RRGO","KK","M","66891_2","PTT",2022-10-28 22:57:00,2022-11-23 19:29:02,-35.662,NA,-42.402,173.731,"B",2233922
"CP16918","RRGO","KK","M","66891_2","PTT",2022-10-28 22:57:00,2022-11-23 19:29:02,21.692,4.1746,-42.402,173.731,"B",2233922
"CP16918","RRGO","KK","M","66891_2","PTT",2022-10-28 22:57:00,2022-11-23 21:12:28,-35.662,NA,-42.385,173.727,"B",2240128
"CP16918","RRGO","KK","M","66891_2","PTT",2022-10-28 22:57:00,2022-11-23 21:32:50,23.588,3.8349,-42.427,173.612,"1",2241350
"CP16918","RRGO","KK","M","66891_2","PTT",2022-10-28 22:57:00,2022-11-23 21:32:50,23.588,3.8349,-42.427,173.612,"1",2241350
"CP16918","RRGO","KK","M","66891_2","PTT",2022-10-28 22:57:00,2022-11-23 21:32:50,-35.662,NA,-42.427,173.612,"1",2241350
"CP16918","RRGO","KK","M","66891_2","PTT",2022-10-28 22:57:00,2022-11-24 06:46:15,-35.662,NA,-42.338,173.74,"B",2274555
"CP16918","RRGO","KK","M","66891_2","PTT",2022-10-28 22:57:00,2022-11-24 06:58:46,-35.662,NA,-42.421,173.661,"0",2275306
"CP16918","RRGO","KK","M","66891_2","PTT",2022-10-28 22:57:00,2022-11-24 07:16:31,-35.662,NA,-42.464,173.678,"B",2276371
"CP16918","RRGO","KK","M","66891_2","PTT",2022-10-28 22:57:00,2022-11-24 08:02:50,-35.662,NA,-42.409,173.666,"B",2279150
"CP16918","RRGO","KK","M","66891_2","PTT",2022-10-28 22:57:00,2022-11-24 08:55:51,36.386,4.0403,-42.426,173.713,"0",2282331
"CP16918","RRGO","KK","M","66891_2","PTT",2022-10-28 22:57:00,2022-11-24 08:55:51,41.126,4.0245,-42.426,173.713,"0",2282331
"CP16918","RRGO","KK","M","66891_2","PTT",2022-10-28 22:57:00,2022-11-24 08:55:51,-35.662,NA,-42.426,173.713,"0",2282331
"CP9068","RBRL","KK","F","66903","PTT",2021-10-03 19:06:00,2022-11-24 08:54:11,34.49,3.7085,-42.391,173.628,"0",35992091
"CP9068","RBRL","KK","F","66903","PTT",2021-10-03 19:06:00,2022-11-24 08:54:11,39.704,3.7085,-42.391,173.628,"0",35992091
"CP9068","RBRL","KK","F","66903","PTT",2021-10-03 19:06:00,2022-11-24 08:54:11,-35.662,NA,-42.391,173.628,"0",35992091
"CP9068","RBRL","KK","F","66903","PTT",2021-10-03 19:06:00,2022-11-24 08:54:11,41.6,3.7085,-42.391,173.628,"0",35992091
"CP16918","RRGO","KK","M","66891_2","PTT",2022-10-28 22:57:00,2022-11-24 16:25:30,-35.662,NA,-42.416,173.675,"3",2309310
"CP16918","RRGO","KK","M","66891_2","PTT",2022-10-28 22:57:00,2022-11-24 16:25:30,24.536,3.9376,-42.416,173.675,"3",2309310
"CP16918","RRGO","KK","M","66891_2","PTT",2022-10-28 22:57:00,2022-11-24 17:13:05,19.322,3.906,-42.406,173.686,"B",2312165
"CP16918","RRGO","KK","M","66891_2","PTT",2022-10-28 22:57:00,2022-11-24 19:18:35,-35.662,NA,-42.398,173.667,"B",2319695
"CP16918","RRGO","KK","M","66891_2","PTT",2022-10-28 22:57:00,2022-11-24 19:18:35,21.218,3.8349,-42.398,173.667,"B",2319695
"CP16918","RRGO","KK","M","66891_2","PTT",2022-10-28 22:57:00,2022-11-25 06:15:10,26.432,3.7717,-42.439,173.65,"0",2359090
"CP16918","RRGO","KK","M","66891_2","PTT",2022-10-28 22:57:00,2022-11-25 06:15:10,24.536,3.7717,-42.439,173.65,"0",2359090
"CP16918","RRGO","KK","M","66891_2","PTT",2022-10-28 22:57:00,2022-11-25 06:15:10,-35.662,NA,-42.439,173.65,"0",2359090
"CP16918","RRGO","KK","M","66891_2","PTT",2022-10-28 22:57:00,2022-11-25 06:16:50,24.536,3.7717,-42.418,173.661,"1",2359190
"CP16918","RRGO","KK","M","66891_2","PTT",2022-10-28 22:57:00,2022-11-25 06:16:50,-35.662,NA,-42.418,173.661,"1",2359190
"CP16918","RRGO","KK","M","66891_2","PTT",2022-10-28 22:57:00,2022-11-25 06:46:44,27.38,3.748,-42.452,173.689,"0",2360984
"CP16918","RRGO","KK","M","66891_2","PTT",2022-10-28 22:57:00,2022-11-25 06:46:44,27.854,3.7559,-42.452,173.689,"0",2360984
"CP16918","RRGO","KK","M","66891_2","PTT",2022-10-28 22:57:00,2022-11-25 06:46:44,-35.662,NA,-42.452,173.689,"0",2360984
"CP16918","RRGO","KK","M","66891_2","PTT",2022-10-28 22:57:00,2022-11-25 06:46:44,23.114,3.8112,-42.452,173.689,"0",2360984
"CP16918","RRGO","KK","M","66891_2","PTT",2022-10-28 22:57:00,2022-11-25 06:53:15,26.432,3.0844,-42.452,173.689,"B",2361375
"CP16918","RRGO","KK","M","66891_2","PTT",2022-10-28 22:57:00,2022-11-25 08:25:44,-35.662,NA,-42.464,173.691,"B",2366924
"CP16918","RRGO","KK","M","66891_2","PTT",2022-10-28 22:57:00,2022-11-25 08:34:00,33.542,3.8823,-42.395,173.611,"0",2367420
"CP16918","RRGO","KK","M","66891_2","PTT",2022-10-28 22:57:00,2022-11-25 08:34:00,-35.662,NA,-42.395,173.611,"0",2367420
"CP9068","RBRL","KK","F","66903","PTT",2021-10-03 19:06:00,2022-11-25 06:15:43,25.958,3.7559,-42.38,173.616,"3",36068983
"CP9068","RBRL","KK","F","66903","PTT",2021-10-03 19:06:00,2022-11-25 06:15:43,-35.662,NA,-42.38,173.616,"3",36068983
"CP9068","RBRL","KK","F","66903","PTT",2021-10-03 19:06:00,2022-11-25 06:17:24,-35.662,NA,-42.248,173.697,"B",36069084
"CP9068","RBRL","KK","F","66903","PTT",2021-10-03 19:06:00,2022-11-25 06:46:10,33.542,3.7638,-42.389,173.666,"A",36070810
"CP9068","RBRL","KK","F","66903","PTT",2021-10-03 19:06:00,2022-11-25 06:46:10,-35.662,NA,-42.389,173.666,"A",36070810
"CP9068","RBRL","KK","F","66903","PTT",2021-10-03 19:06:00,2022-11-25 08:34:43,36.86,3.7085,-42.365,173.611,"1",36077323
"CP9068","RBRL","KK","F","66903","PTT",2021-10-03 19:06:00,2022-11-25 08:34:43,37.334,3.7006,-42.365,173.611,"1",36077323
"CP9068","RBRL","KK","F","66903","PTT",2021-10-03 19:06:00,2022-11-25 08:34:43,-35.662,NA,-42.365,173.611,"1",36077323
"CP16918","RRGO","KK","M","66891_2","PTT",2022-10-28 22:57:00,2022-11-25 15:53:48,31.172,3.985,-42.197,173.507,"A",2393808
"CP16918","RRGO","KK","M","66891_2","PTT",2022-10-28 22:57:00,2022-11-25 15:53:48,-35.662,NA,-42.197,173.507,"A",2393808
"CP16918","RRGO","KK","M","66891_2","PTT",2022-10-28 22:57:00,2022-11-25 16:56:57,28.802,4.0324,-42.436,173.697,"0",2397597
"CP16918","RRGO","KK","M","66891_2","PTT",2022-10-28 22:57:00,2022-11-25 16:56:57,-35.662,NA,-42.436,173.697,"0",2397597
"CP16918","RRGO","KK","M","66891_2","PTT",2022-10-28 22:57:00,2022-11-25 16:56:57,27.854,3.9929,-42.436,173.697,"0",2397597
"CP16918","RRGO","KK","M","66891_2","PTT",2022-10-28 22:57:00,2022-11-25 17:34:32,26.432,3.9771,-42.391,173.665,"0",2399852
"CP16918","RRGO","KK","M","66891_2","PTT",2022-10-28 22:57:00,2022-11-25 17:34:32,25.958,3.985,-42.391,173.665,"0",2399852
"CP16918","RRGO","KK","M","66891_2","PTT",2022-10-28 22:57:00,2022-11-25 17:34:32,-35.662,NA,-42.391,173.665,"0",2399852
"CP9068","RBRL","KK","F","66903","PTT",2021-10-03 19:06:00,2022-11-25 17:34:37,-35.662,NA,-42.439,173.673,"B",36109717
"CP16918","RRGO","KK","M","66891_2","PTT",2022-10-28 22:57:00,2022-11-25 19:04:35,-35.662,NA,-42.408,173.68,"B",2405255
"CP16918","RRGO","KK","M","66891_2","PTT",2022-10-28 22:57:00,2022-11-26 16:40:03,26.432,3.9218,-42.419,173.672,"1",2482983
"CP16918","RRGO","KK","M","66891_2","PTT",2022-10-28 22:57:00,2022-11-26 16:40:03,-35.662,NA,-42.419,173.672,"1",2482983
"CP16918","RRGO","KK","M","66891_2","PTT",2022-10-28 22:57:00,2022-11-26 17:02:40,26.906,3.906,-42.427,173.642,"1",2484340
"CP16918","RRGO","KK","M","66891_2","PTT",2022-10-28 22:57:00,2022-11-26 17:02:40,-35.662,NA,-42.427,173.642,"1",2484340
"CP16918","RRGO","KK","M","66891_2","PTT",2022-10-28 22:57:00,2022-11-27 08:40:28,-35.662,NA,-42.437,173.638,"B",2540608
"CP16918","RRGO","KK","M","66891_2","PTT",2022-10-28 22:57:00,2022-11-27 09:32:46,-35.662,NA,-42.455,173.694,"B",2543746
"CP16918","RRGO","KK","M","66891_2","PTT",2022-10-28 22:57:00,2022-11-27 09:32:46,31.172,3.7559,-42.455,173.694,"B",2543746
"CP16918","RRGO","KK","M","66891_2","PTT",2022-10-28 22:57:00,2022-11-28 06:12:10,-35.662,NA,-42.503,173.696,"B",2618110
"CP16918","RRGO","KK","M","66891_2","PTT",2022-10-28 22:57:00,2022-11-28 07:34:01,-35.662,NA,-42.344,173.534,"A",2623021
"CP16918","RRGO","KK","M","66891_2","PTT",2022-10-28 22:57:00,2022-11-28 07:53:10,-35.662,NA,-42.469,173.646,"B",2624170
"CP16918","RRGO","KK","M","66891_2","PTT",2022-10-28 22:57:00,2022-11-28 09:12:35,35.912,3.8981,-42.416,173.689,"0",2628935
"CP16918","RRGO","KK","M","66891_2","PTT",2022-10-28 22:57:00,2022-11-28 09:12:35,-35.662,NA,-42.416,173.689,"0",2628935
"CP9068","RBRL","KK","F","66903","PTT",2021-10-03 19:06:00,2022-11-28 07:50:04,-35.662,NA,-42.394,173.681,"A",36333844
"CP9068","RBRL","KK","F","66903","PTT",2021-10-03 19:06:00,2022-11-28 09:11:47,-35.662,NA,-42.312,173.592,"B",36338747
"CP16918","RRGO","KK","M","66891_2","PTT",2022-10-28 22:57:00,2022-11-28 16:00:52,29.276,4.0087,-42.427,173.619,"0",2653432
"CP16918","RRGO","KK","M","66891_2","PTT",2022-10-28 22:57:00,2022-11-28 16:00:52,-35.662,NA,-42.427,173.619,"0",2653432
"CP16918","RRGO","KK","M","66891_2","PTT",2022-10-28 22:57:00,2022-11-28 16:00:52,30.698,4.0087,-42.427,173.619,"0",2653432
"CP16918","RRGO","KK","M","66891_2","PTT",2022-10-28 22:57:00,2022-11-28 16:06:14,27.38,3.9929,-42.399,173.675,"A",2653754
"CP16918","RRGO","KK","M","66891_2","PTT",2022-10-28 22:57:00,2022-11-28 16:06:14,-35.662,NA,-42.399,173.675,"A",2653754
"CP16918","RRGO","KK","M","66891_2","PTT",2022-10-28 22:57:00,2022-11-28 17:40:16,-35.662,NA,-42.408,173.688,"B",2659396
"CP16918","RRGO","KK","M","66891_2","PTT",2022-10-28 22:57:00,2022-11-28 17:40:16,-35.662,NA,-42.423,173.593,"0",2659396
"CP16918","RRGO","KK","M","66891_2","PTT",2022-10-28 22:57:00,2022-11-28 17:40:16,24.062,3.9771,-42.423,173.593,"0",2659396
"CP9068","RBRL","KK","F","66903","PTT",2021-10-03 19:06:00,2022-11-28 16:00:05,-35.662,NA,-42.372,173.634,"A",36363245
"CP9068","RBRL","KK","F","66903","PTT",2021-10-03 19:06:00,2022-11-28 16:06:47,-35.662,NA,-42.37,173.632,"B",36363647
"CP16918","RRGO","KK","M","66891_2","PTT",2022-10-28 22:57:00,2022-11-28 17:40:16,-35.662,NA,-42.423,173.593,"0",2659396
"CP16918","RRGO","KK","M","66891_2","PTT",2022-10-28 22:57:00,2022-11-28 17:40:16,24.062,3.9771,-42.423,173.593,"0",2659396
"CP16918","RRGO","KK","M","66891_2","PTT",2022-10-28 22:57:00,2022-11-28 21:29:25,24.062,3.8428,-42.435,173.56,"0",2673145
"CP16918","RRGO","KK","M","66891_2","PTT",2022-10-28 22:57:00,2022-11-28 21:29:25,23.588,3.8428,-42.435,173.56,"0",2673145
"CP16918","RRGO","KK","M","66891_2","PTT",2022-10-28 22:57:00,2022-11-28 21:29:25,-35.662,NA,-42.435,173.56,"0",2673145
"CP16918","RRGO","KK","M","66891_2","PTT",2022-10-28 22:57:00,2022-11-29 07:37:25,-35.662,NA,-42.457,173.81,"0",2709625
"CP16918","RRGO","KK","M","66891_2","PTT",2022-10-28 22:57:00,2022-11-29 07:37:25,23.114,3.8112,-42.457,173.81,"0",2709625
"CP16918","RRGO","KK","M","66891_2","PTT",2022-10-28 22:57:00,2022-11-29 08:51:49,36.86,3.906,-42.422,173.656,"1",2714089
"CP16918","RRGO","KK","M","66891_2","PTT",2022-10-28 22:57:00,2022-11-29 08:51:49,-35.662,NA,-42.422,173.656,"1",2714089
"CP9068","RBRL","KK","F","66903","PTT",2021-10-03 19:06:00,2022-11-29 08:52:27,-35.662,NA,-42.373,173.671,"A",36423987
"CP9068","RBRL","KK","F","66903","PTT",2021-10-03 19:06:00,2022-11-29 08:52:27,34.49,3.7243,-42.373,173.671,"A",36423987
"CP16918","RRGO","KK","M","66891_2","PTT",2022-10-28 22:57:00,2022-11-29 17:08:54,27.38,3.9613,-42.415,173.627,"0",2743914
"CP16918","RRGO","KK","M","66891_2","PTT",2022-10-28 22:57:00,2022-11-29 17:08:54,24.536,3.9613,-42.415,173.627,"0",2743914
"CP16918","RRGO","KK","M","66891_2","PTT",2022-10-28 22:57:00,2022-11-29 17:08:54,-35.662,NA,-42.415,173.627,"0",2743914
"CP16918","RRGO","KK","M","66891_2","PTT",2022-10-28 22:57:00,2022-11-29 17:23:53,25.958,3.9534,-42.396,173.681,"A",2744813
"CP16918","RRGO","KK","M","66891_2","PTT",2022-10-28 22:57:00,2022-11-29 17:23:53,-35.662,NA,-42.396,173.681,"A",2744813
"CP16918","RRGO","KK","M","66891_2","PTT",2022-10-28 22:57:00,2022-11-29 21:07:55,23.588,3.8112,-42.418,173.668,"2",2758255
"CP16918","RRGO","KK","M","66891_2","PTT",2022-10-28 22:57:00,2022-11-29 21:07:55,23.588,3.8112,-42.418,173.668,"2",2758255
"CP16918","RRGO","KK","M","66891_2","PTT",2022-10-28 22:57:00,2022-11-29 21:07:55,-35.662,NA,-42.418,173.668,"2",2758255
"CP16918","RRGO","KK","M","66891_2","PTT",2022-10-28 22:57:00,2022-11-29 21:55:54,-35.662,NA,-42.415,173.69,"B",2761134
"CP16918","RRGO","KK","M","66891_2","PTT",2022-10-28 22:57:00,2022-11-30 05:19:02,28.328,3.7559,-42.393,173.682,"0",2787722
"CP16918","RRGO","KK","M","66891_2","PTT",2022-10-28 22:57:00,2022-11-30 05:19:02,31.172,3.7559,-42.393,173.682,"0",2787722
"CP16918","RRGO","KK","M","66891_2","PTT",2022-10-28 22:57:00,2022-11-30 05:19:02,-35.662,NA,-42.393,173.682,"0",2787722
"CP16918","RRGO","KK","M","66891_2","PTT",2022-10-28 22:57:00,2022-11-30 06:26:47,-35.662,NA,-42.39,173.676,"B",2791787
"CP16918","RRGO","KK","M","66891_2","PTT",2022-10-28 22:57:00,2022-11-30 06:59:04,-35.662,NA,-42.391,173.674,"B",2793724
"CP16918","RRGO","KK","M","66891_2","PTT",2022-10-28 22:57:00,2022-11-30 07:26:00,28.802,3.7401,-42.422,173.65,"0",2795340
"CP16918","RRGO","KK","M","66891_2","PTT",2022-10-28 22:57:00,2022-11-30 07:26:00,30.698,3.7322,-42.422,173.65,"0",2795340
"CP16918","RRGO","KK","M","66891_2","PTT",2022-10-28 22:57:00,2022-11-30 07:26:00,-35.662,NA,-42.422,173.65,"0",2795340
"CP16918","RRGO","KK","M","66891_2","PTT",2022-10-28 22:57:00,2022-11-30 08:31:31,27.854,3.7401,-42.402,173.641,"0",2799271
"CP16918","RRGO","KK","M","66891_2","PTT",2022-10-28 22:57:00,2022-11-30 08:31:31,-35.662,NA,-42.402,173.641,"0",2799271
"CP16918","RRGO","KK","M","66891_2","PTT",2022-10-28 22:57:00,2022-11-30 08:31:31,29.276,3.7401,-42.402,173.641,"0",2799271
"CP16918","RRGO","KK","M","66891_2","PTT",2022-10-28 22:57:00,2022-12-01 06:27:51,-35.662,NA,-42.437,173.665,"B",2878251
"CP9068","RBRL","KK","F","66903","PTT",2021-10-03 19:06:00,2022-12-01 08:10:03,28.328,3.7322,-42.375,173.668,"2",36594243
"CP9068","RBRL","KK","F","66903","PTT",2021-10-03 19:06:00,2022-12-01 08:10:03,29.75,3.7322,-42.375,173.668,"2",36594243
"CP9068","RBRL","KK","F","66903","PTT",2021-10-03 19:06:00,2022-12-01 08:10:03,-35.662,NA,-42.375,173.668,"2",36594243
"CP16918","RRGO","KK","M","66891_2","PTT",2022-10-28 22:57:00,2022-12-01 16:07:52,31.646,3.9929,-42.42,173.699,"2",2913052
"CP16918","RRGO","KK","M","66891_2","PTT",2022-10-28 22:57:00,2022-12-01 16:07:52,29.276,3.985,-42.42,173.699,"2",2913052
"CP16918","RRGO","KK","M","66891_2","PTT",2022-10-28 22:57:00,2022-12-01 16:07:52,-35.662,NA,-42.42,173.699,"2",2913052
"CP16918","RRGO","KK","M","66891_2","PTT",2022-10-28 22:57:00,2022-12-01 16:49:36,24.536,3.9534,-42.422,173.715,"0",2915556
"CP16918","RRGO","KK","M","66891_2","PTT",2022-10-28 22:57:00,2022-12-01 16:49:36,-35.662,NA,-42.422,173.715,"0",2915556
"CP16918","RRGO","KK","M","66891_2","PTT",2022-10-28 22:57:00,2022-12-01 17:48:19,24.536,3.9218,-42.412,173.697,"B",2919079
"CP9068","RBRL","KK","F","66903","PTT",2021-10-03 19:06:00,2022-12-01 16:10:02,-35.662,NA,-42.35,173.791,"A",36623042
"CP16918","RRGO","KK","M","66891_2","PTT",2022-10-28 22:57:00,2022-12-01 17:48:19,24.536,3.9218,-42.412,173.697,"B",2919079
"CP16918","RRGO","KK","M","66891_2","PTT",2022-10-28 22:57:00,2022-12-02 07:50:31,25.958,3.7796,-42.434,173.717,"0",2969611
"CP16918","RRGO","KK","M","66891_2","PTT",2022-10-28 22:57:00,2022-12-02 07:50:31,-35.662,NA,-42.434,173.717,"0",2969611
"CP16918","RRGO","KK","M","66891_2","PTT",2022-10-28 22:57:00,2022-12-02 17:16:14,24.062,3.8112,-42.405,173.677,"1",3003554
"CP16918","RRGO","KK","M","66891_2","PTT",2022-10-28 22:57:00,2022-12-02 17:16:14,24.062,3.8033,-42.405,173.677,"1",3003554
"CP16918","RRGO","KK","M","66891_2","PTT",2022-10-28 22:57:00,2022-12-02 17:16:14,-35.662,NA,-42.405,173.677,"1",3003554
"CP16918","RRGO","KK","M","66891_2","PTT",2022-10-28 22:57:00,2022-12-02 16:33:36,25.484,3.8349,-42.411,173.663,"1",3000996
"CP16918","RRGO","KK","M","66891_2","PTT",2022-10-28 22:57:00,2022-12-02 16:33:36,-35.662,NA,-42.411,173.663,"1",3000996
"CP16918","RRGO","KK","M","66891_2","PTT",2022-10-28 22:57:00,2022-12-03 07:06:14,-35.662,NA,-42.377,173.701,"B",3053354
"CP16918","RRGO","KK","M","66891_2","PTT",2022-10-28 22:57:00,2022-12-03 07:28:15,-35.662,NA,-42.366,173.692,"A",3054675
"CP16918","RRGO","KK","M","66891_2","PTT",2022-10-28 22:57:00,2022-12-03 09:10:03,34.49,3.9692,-42.425,173.696,"0",3060783
"CP16918","RRGO","KK","M","66891_2","PTT",2022-10-28 22:57:00,2022-12-03 09:10:03,-35.662,NA,-42.425,173.696,"0",3060783
"CP16918","RRGO","KK","M","66891_2","PTT",2022-10-28 22:57:00,2022-12-03 16:16:17,27.854,3.9534,-42.415,173.671,"3",3086357
"CP16918","RRGO","KK","M","66891_2","PTT",2022-10-28 22:57:00,2022-12-03 16:16:17,-35.662,NA,-42.415,173.671,"3",3086357
"CP16918","RRGO","KK","M","66891_2","PTT",2022-10-28 22:57:00,2022-12-03 16:44:42,25.958,3.9376,-42.442,173.785,"0",3088062
"CP16918","RRGO","KK","M","66891_2","PTT",2022-10-28 22:57:00,2022-12-03 16:44:42,25.01,3.9376,-42.442,173.785,"0",3088062
"CP16918","RRGO","KK","M","66891_2","PTT",2022-10-28 22:57:00,2022-12-03 16:44:42,-35.662,NA,-42.442,173.785,"0",3088062
"CP16918","RRGO","KK","M","66891_2","PTT",2022-10-28 22:57:00,2022-12-03 17:48:58,-35.662,NA,-42.457,173.778,"B",3091918
"CP16918","RRGO","KK","M","66891_2","PTT",2022-10-28 22:57:00,2022-12-03 19:09:33,18.374,3.8586,-42.478,173.764,"B",3096753
"CP16918","RRGO","KK","M","66891_2","PTT",2022-10-28 22:57:00,2022-12-03 20:53:21,23.114,3.7875,-42.413,173.681,"2",3102981
"CP16918","RRGO","KK","M","66891_2","PTT",2022-10-28 22:57:00,2022-12-03 20:53:21,-35.662,NA,-42.413,173.681,"2",3102981
"CP16918","RRGO","KK","M","66891_2","PTT",2022-10-28 22:57:00,2022-12-03 21:28:02,22.64,3.7717,-42.42,173.728,"0",3105062
"CP16918","RRGO","KK","M","66891_2","PTT",2022-10-28 22:57:00,2022-12-03 21:28:02,-35.662,NA,-42.42,173.728,"0",3105062
"CP16918","RRGO","KK","M","66891_2","PTT",2022-10-28 22:57:00,2022-12-04 06:34:32,29.75,3.7954,-42.501,173.729,"3",3137852
"CP16918","RRGO","KK","M","66891_2","PTT",2022-10-28 22:57:00,2022-12-04 06:34:32,-35.662,NA,-42.501,173.729,"3",3137852
"CP16918","RRGO","KK","M","66891_2","PTT",2022-10-28 22:57:00,2022-12-04 06:40:18,25.958,3.7954,-42.417,173.665,"0",3138198
"CP16918","RRGO","KK","M","66891_2","PTT",2022-10-28 22:57:00,2022-12-04 06:40:18,28.802,3.7875,-42.417,173.665,"0",3138198
"CP16918","RRGO","KK","M","66891_2","PTT",2022-10-28 22:57:00,2022-12-04 06:40:18,-35.662,NA,-42.417,173.665,"0",3138198
"CP16918","RRGO","KK","M","66891_2","PTT",2022-10-28 22:57:00,2022-12-04 06:40:18,28.328,3.7875,-42.417,173.665,"0",3138198
"CP16918","RRGO","KK","M","66891_2","PTT",2022-10-28 22:57:00,2022-12-04 06:40:18,28.802,3.8112,-42.417,173.665,"0",3138198
"CP16918","RRGO","KK","M","66891_2","PTT",2022-10-28 22:57:00,2022-12-04 06:54:08,-35.662,NA,-42.415,173.661,"B",3139028
"CP16918","RRGO","KK","M","66891_2","PTT",2022-10-28 22:57:00,2022-12-04 07:09:31,-35.662,NA,-42.4,173.65,"B",3139951
"CP16918","RRGO","KK","M","66891_2","PTT",2022-10-28 22:57:00,2022-12-04 08:48:46,34.964,3.9455,-42.481,173.605,"0",3145906
"CP16918","RRGO","KK","M","66891_2","PTT",2022-10-28 22:57:00,2022-12-04 08:48:46,-35.662,NA,-42.481,173.605,"0",3145906
"CP16918","RRGO","KK","M","66891_2","PTT",2022-10-28 22:57:00,2022-12-04 10:29:31,-35.662,NA,-42.53,173.604,"B",3151951
"CP9068","RBRL","KK","F","66903","PTT",2021-10-03 19:06:00,2022-12-04 08:46:39,37.334,3.7717,-42.354,173.595,"1",36855639
"CP9068","RBRL","KK","F","66903","PTT",2021-10-03 19:06:00,2022-12-04 08:46:39,-35.662,NA,-42.354,173.595,"1",36855639
"CP16918","RRGO","KK","M","66891_2","PTT",2022-10-28 22:57:00,2022-12-04 15:59:07,22.166,4.0087,-42.393,173.717,"B",3171727
"CP16918","RRGO","KK","M","66891_2","PTT",2022-10-28 22:57:00,2022-12-04 15:59:07,-35.662,NA,-42.393,173.717,"B",3171727
"CP16918","RRGO","KK","M","66891_2","PTT",2022-10-28 22:57:00,2022-12-04 16:13:31,35.912,3.985,-42.427,173.725,"0",3172591
"CP16918","RRGO","KK","M","66891_2","PTT",2022-10-28 22:57:00,2022-12-04 16:13:31,33.068,3.9771,-42.427,173.725,"0",3172591
"CP16918","RRGO","KK","M","66891_2","PTT",2022-10-28 22:57:00,2022-12-04 16:13:31,-35.662,NA,-42.427,173.725,"0",3172591
"CP16918","RRGO","KK","M","66891_2","PTT",2022-10-28 22:57:00,2022-12-04 17:33:34,-35.662,NA,-42.413,173.655,"B",3177394
"CP16918","RRGO","KK","M","66891_2","PTT",2022-10-28 22:57:00,2022-12-04 17:33:34,27.38,3.985,-42.413,173.655,"B",3177394
"CP16918","RRGO","KK","M","66891_2","PTT",2022-10-28 22:57:00,2022-12-04 18:59:55,22.64,4.2615,-42.42,173.637,"B",3182575
"CP16918","RRGO","KK","M","66891_2","PTT",2022-10-28 22:57:00,2022-12-04 22:42:45,-35.662,NA,-42.444,173.627,"B",3195945
"CP16918","RRGO","KK","M","66891_2","PTT",2022-10-28 22:57:00,2022-12-05 06:04:34,26.906,3.827,-42.404,173.674,"0",3222454
"CP16918","RRGO","KK","M","66891_2","PTT",2022-10-28 22:57:00,2022-12-05 06:04:34,-35.662,NA,-42.404,173.674,"0",3222454
"CP16918","RRGO","KK","M","66891_2","PTT",2022-10-28 22:57:00,2022-12-05 06:28:53,28.802,3.827,-42.439,173.617,"0",3223913
"CP16918","RRGO","KK","M","66891_2","PTT",2022-10-28 22:57:00,2022-12-05 06:28:53,29.75,3.827,-42.439,173.617,"0",3223913
"CP16918","RRGO","KK","M","66891_2","PTT",2022-10-28 22:57:00,2022-12-05 06:28:53,-35.662,NA,-42.439,173.617,"0",3223913
"CP16918","RRGO","KK","M","66891_2","PTT",2022-10-28 22:57:00,2022-12-05 06:35:06,-35.662,NA,-42.438,173.615,"B",3224286
"CP16918","RRGO","KK","M","66891_2","PTT",2022-10-28 22:57:00,2022-12-05 08:06:41,36.86,4.0245,-42.399,173.6,"A",3229781
"CP16918","RRGO","KK","M","66891_2","PTT",2022-10-28 22:57:00,2022-12-05 08:06:41,-35.662,NA,-42.399,173.6,"A",3229781
"CP16918","RRGO","KK","M","66891_2","PTT",2022-10-28 22:57:00,2022-12-05 08:06:41,34.016,3.9692,-42.399,173.6,"A",3229781
"CP16918","RRGO","KK","M","66891_2","PTT",2022-10-28 22:57:00,2022-12-05 08:28:27,37.334,3.9929,-42.388,173.459,"0",3231087
"CP16918","RRGO","KK","M","66891_2","PTT",2022-10-28 22:57:00,2022-12-05 08:28:27,39.23,4.0008,-42.388,173.459,"0",3231087
"CP16918","RRGO","KK","M","66891_2","PTT",2022-10-28 22:57:00,2022-12-05 08:28:27,-35.662,NA,-42.388,173.459,"0",3231087
"CP9068","RBRL","KK","F","66903","PTT",2021-10-03 19:06:00,2022-12-05 04:47:20,-35.662,NA,-42.518,173.435,"B",36927680
"CP9068","RBRL","KK","F","66903","PTT",2021-10-03 19:06:00,2022-12-05 05:02:38,32.12,3.7164,-42.327,173.618,"A",36928598
"CP9068","RBRL","KK","F","66903","PTT",2021-10-03 19:06:00,2022-12-05 05:02:38,-35.662,NA,-42.327,173.618,"A",36928598
"CP9068","RBRL","KK","F","66903","PTT",2021-10-03 19:06:00,2022-12-05 06:01:42,-35.662,NA,-42.331,173.622,"B",36932142
"CP16918","RRGO","KK","M","66891_2","PTT",2022-10-28 22:57:00,2022-12-05 15:46:06,-35.662,NA,-42.433,173.611,"B",3257346
"CP16918","RRGO","KK","M","66891_2","PTT",2022-10-28 22:57:00,2022-12-05 15:44:15,-35.662,NA,-42.433,173.611,"0",3257235
"CP16918","RRGO","KK","M","66891_2","PTT",2022-10-28 22:57:00,2022-12-05 21:30:45,-35.662,NA,-42.424,173.623,"B",3278025
"CP16918","RRGO","KK","M","66891_2","PTT",2022-10-28 22:57:00,2022-12-06 05:31:48,-35.662,NA,-42.375,173.643,"B",3306888
"CP16918","RRGO","KK","M","66891_2","PTT",2022-10-28 22:57:00,2022-12-06 06:15:36,30.224,3.8191,-42.49,173.689,"0",3309516
"CP16918","RRGO","KK","M","66891_2","PTT",2022-10-28 22:57:00,2022-12-06 06:15:36,-35.662,NA,-42.49,173.689,"0",3309516
"CP16918","RRGO","KK","M","66891_2","PTT",2022-10-28 22:57:00,2022-12-06 06:20:36,-35.662,NA,-42.454,173.65,"B",3309816
"CP16918","RRGO","KK","M","66891_2","PTT",2022-10-28 22:57:00,2022-12-06 07:11:39,-35.662,NA,-42.488,173.664,"B",3312879
"CP16918","RRGO","KK","M","66891_2","PTT",2022-10-28 22:57:00,2022-12-06 07:57:39,35.912,4.0245,-42.469,173.726,"A",3315639
"CP16918","RRGO","KK","M","66891_2","PTT",2022-10-28 22:57:00,2022-12-06 07:57:39,-35.662,NA,-42.469,173.726,"A",3315639
"CP16918","RRGO","KK","M","66891_2","PTT",2022-10-28 22:57:00,2022-12-06 08:07:01,40.178,4.0166,-42.426,173.703,"0",3316201
"CP16918","RRGO","KK","M","66891_2","PTT",2022-10-28 22:57:00,2022-12-06 08:07:01,42.074,3.8744,-42.426,173.703,"0",3316201
"CP16918","RRGO","KK","M","66891_2","PTT",2022-10-28 22:57:00,2022-12-06 08:07:01,-35.662,NA,-42.426,173.703,"0",3316201
"CP16918","RRGO","KK","M","66891_2","PTT",2022-10-28 22:57:00,2022-12-06 16:51:18,24.062,3.9534,-42.419,173.69,"0",3347658
"CP16918","RRGO","KK","M","66891_2","PTT",2022-10-28 22:57:00,2022-12-06 16:51:18,-35.662,NA,-42.419,173.69,"0",3347658
"CP16918","RRGO","KK","M","66891_2","PTT",2022-10-28 22:57:00,2022-12-06 16:51:18,24.062,3.9455,-42.419,173.69,"0",3347658
"CP16918","RRGO","KK","M","66891_2","PTT",2022-10-28 22:57:00,2022-12-06 16:59:27,-35.662,NA,-42.421,173.694,"2",3348147
"CP16918","RRGO","KK","M","66891_2","PTT",2022-10-28 22:57:00,2022-12-06 16:59:27,23.588,3.9455,-42.421,173.694,"2",3348147
"CP16918","RRGO","KK","M","66891_2","PTT",2022-10-28 22:57:00,2022-12-06 20:16:18,17.9,3.8191,-42.387,173.777,"1",3359958
"CP16918","RRGO","KK","M","66891_2","PTT",2022-10-28 22:57:00,2022-12-06 20:16:18,-35.662,NA,-42.387,173.777,"1",3359958
"CP16918","RRGO","KK","M","66891_2","PTT",2022-10-28 22:57:00,2022-12-06 20:24:15,-35.662,NA,-42.384,173.775,"B",3360435
"CP16918","RRGO","KK","M","66891_2","PTT",2022-10-28 22:57:00,2022-12-07 07:44:24,25.958,3.7401,-42.433,173.67,"A",3401244
"CP16918","RRGO","KK","M","66891_2","PTT",2022-10-28 22:57:00,2022-12-07 07:44:24,-35.662,NA,-42.433,173.67,"A",3401244
"CP16918","RRGO","KK","M","66891_2","PTT",2022-10-28 22:57:00,2022-12-07 07:44:15,-35.662,NA,-42.467,173.664,"A",3401235
"CP16918","RRGO","KK","M","66891_2","PTT",2022-10-28 22:57:00,2022-12-07 09:28:13,-35.662,NA,-42.4,173.733,"B",3407473
"CP16918","RRGO","KK","M","66891_2","PTT",2022-10-28 22:57:00,2022-12-07 09:28:13,26.906,3.7875,-42.4,173.733,"B",3407473
"CP16918","RRGO","KK","M","66891_2","PTT",2022-10-28 22:57:00,2022-12-07 16:19:43,24.536,4.0008,-42.418,173.71,"0",3432163
"CP16918","RRGO","KK","M","66891_2","PTT",2022-10-28 22:57:00,2022-12-07 16:19:43,-35.662,NA,-42.418,173.71,"0",3432163
"CP16918","RRGO","KK","M","66891_2","PTT",2022-10-28 22:57:00,2022-12-07 16:19:43,23.114,4.0166,-42.418,173.71,"0",3432163
"CP16918","RRGO","KK","M","66891_2","PTT",2022-10-28 22:57:00,2022-12-07 16:43:13,23.114,4.0087,-42.383,173.463,"0",3433573
"CP16918","RRGO","KK","M","66891_2","PTT",2022-10-28 22:57:00,2022-12-07 16:43:13,-35.662,NA,-42.383,173.463,"0",3433573
"CP16918","RRGO","KK","M","66891_2","PTT",2022-10-28 22:57:00,2022-12-07 16:43:13,23.114,4.0166,-42.383,173.463,"0",3433573
"CP16918","RRGO","KK","M","66891_2","PTT",2022-10-28 22:57:00,2022-12-07 21:42:18,21.692,3.8112,-42.422,173.693,"0",3451518
"CP16918","RRGO","KK","M","66891_2","PTT",2022-10-28 22:57:00,2022-12-07 21:42:18,-35.662,NA,-42.422,173.693,"0",3451518
"CP16918","RRGO","KK","M","66891_2","PTT",2022-10-28 22:57:00,2022-12-07 21:42:18,21.692,3.8112,-42.422,173.693,"0",3451518
"CP16918","RRGO","KK","M","66891_2","PTT",2022-10-28 22:57:00,2022-12-08 05:46:38,29.276,3.7401,-42.414,173.684,"1",3480578
"CP16918","RRGO","KK","M","66891_2","PTT",2022-10-28 22:57:00,2022-12-08 05:46:38,-35.662,NA,-42.414,173.684,"1",3480578
"CP16918","RRGO","KK","M","66891_2","PTT",2022-10-28 22:57:00,2022-12-08 06:10:28,30.698,3.7796,-42.417,173.679,"2",3482008
"CP16918","RRGO","KK","M","66891_2","PTT",2022-10-28 22:57:00,2022-12-08 06:10:28,-35.662,NA,-42.417,173.679,"2",3482008
"CP16918","RRGO","KK","M","66891_2","PTT",2022-10-28 22:57:00,2022-12-08 07:26:28,23.114,3.7954,-42.352,173.766,"2",3486568
"CP16918","RRGO","KK","M","66891_2","PTT",2022-10-28 22:57:00,2022-12-08 07:26:28,-35.662,NA,-42.352,173.766,"2",3486568
"CP16918","RRGO","KK","M","66891_2","PTT",2022-10-28 22:57:00,2022-12-08 07:31:53,26.906,3.7954,-42.423,173.693,"1",3486893
"CP16918","RRGO","KK","M","66891_2","PTT",2022-10-28 22:57:00,2022-12-08 07:31:53,27.854,3.7875,-42.423,173.693,"1",3486893
"CP16918","RRGO","KK","M","66891_2","PTT",2022-10-28 22:57:00,2022-12-08 07:31:53,-35.662,NA,-42.423,173.693,"1",3486893
"CP16918","RRGO","KK","M","66891_2","PTT",2022-10-28 22:57:00,2022-12-08 09:04:38,33.542,3.8981,-42.383,173.632,"0",3492458
"CP16918","RRGO","KK","M","66891_2","PTT",2022-10-28 22:57:00,2022-12-08 09:04:38,-35.662,NA,-42.383,173.632,"0",3492458
"CP16918","RRGO","KK","M","66891_2","PTT",2022-10-28 22:57:00,2022-12-08 09:04:38,27.854,3.8191,-42.383,173.632,"0",3492458
"CP9068","RBRL","KK","F","66903","PTT",2021-10-03 19:06:00,2022-12-08 05:46:10,-35.662,NA,-42.377,173.639,"A",37190410
"CP9068","RBRL","KK","F","66903","PTT",2021-10-03 19:06:00,2022-12-08 05:46:10,36.386,3.7322,-42.377,173.639,"A",37190410
"CP9068","RBRL","KK","F","66903","PTT",2021-10-03 19:06:00,2022-12-08 05:51:35,35.438,3.7322,-42.377,173.665,"1",37190735
"CP9068","RBRL","KK","F","66903","PTT",2021-10-03 19:06:00,2022-12-08 05:51:35,-35.662,NA,-42.377,173.665,"1",37190735
"CP9068","RBRL","KK","F","66903","PTT",2021-10-03 19:06:00,2022-12-08 05:51:35,36.86,3.7322,-42.377,173.665,"1",37190735
"CP9068","RBRL","KK","F","66903","PTT",2021-10-03 19:06:00,2022-12-08 06:08:19,-35.662,NA,-42.358,173.652,"B",37191739
"CP9068","RBRL","KK","F","66903","PTT",2021-10-03 19:06:00,2022-12-08 07:31:53,32.12,3.7243,-42.349,173.635,"1",37196753
"CP9068","RBRL","KK","F","66903","PTT",2021-10-03 19:06:00,2022-12-08 07:31:53,-35.662,NA,-42.349,173.635,"1",37196753
"CP9068","RBRL","KK","F","66903","PTT",2021-10-03 19:06:00,2022-12-08 08:13:17,-35.662,NA,-42.328,173.644,"B",37199237
"CP16918","RRGO","KK","M","66891_2","PTT",2022-10-28 22:57:00,2022-12-08 15:48:29,-35.662,NA,-42.372,173.634,"B",3516689
"CP16918","RRGO","KK","M","66891_2","PTT",2022-10-28 22:57:00,2022-12-08 15:48:29,32.594,3.9929,-42.372,173.634,"B",3516689
"CP16918","RRGO","KK","M","66891_2","PTT",2022-10-28 22:57:00,2022-12-08 16:25:58,34.016,3.9929,-42.43,173.725,"0",3518938
"CP16918","RRGO","KK","M","66891_2","PTT",2022-10-28 22:57:00,2022-12-08 16:25:58,-35.662,NA,-42.43,173.725,"0",3518938
"CP16918","RRGO","KK","M","66891_2","PTT",2022-10-28 22:57:00,2022-12-08 16:25:58,29.75,3.985,-42.43,173.725,"0",3518938
"CP16918","RRGO","KK","M","66891_2","PTT",2022-10-28 22:57:00,2022-12-08 17:28:14,25.01,3.9613,-42.4,173.672,"0",3522674
"CP16918","RRGO","KK","M","66891_2","PTT",2022-10-28 22:57:00,2022-12-08 17:28:14,-35.662,NA,-42.4,173.672,"0",3522674
"CP9068","RBRL","KK","F","66903","PTT",2021-10-03 19:06:00,2022-12-08 14:11:31,26.906,2.9422,-42.281,173.607,"B",37220731
"CP9068","RBRL","KK","F","66903","PTT",2021-10-03 19:06:00,2022-12-08 16:26:22,36.386,3.7243,-42.381,173.659,"0",37228822
"CP9068","RBRL","KK","F","66903","PTT",2021-10-03 19:06:00,2022-12-08 16:26:22,-35.662,NA,-42.381,173.659,"0",37228822
"CP9068","RBRL","KK","F","66903","PTT",2021-10-03 19:06:00,2022-12-08 16:26:22,37.808,3.7322,-42.381,173.659,"0",37228822
"CP16918","RRGO","KK","M","66891_2","PTT",2022-10-28 22:57:00,2022-12-08 21:23:31,22.64,3.8191,-42.41,173.701,"1",3536791
"CP16918","RRGO","KK","M","66891_2","PTT",2022-10-28 22:57:00,2022-12-08 21:23:31,22.166,3.8112,-42.41,173.701,"1",3536791
"CP16918","RRGO","KK","M","66891_2","PTT",2022-10-28 22:57:00,2022-12-08 21:23:31,-35.662,NA,-42.41,173.701,"1",3536791
"CP16918","RRGO","KK","M","66891_2","PTT",2022-10-28 22:57:00,2022-12-09 05:28:04,-35.662,NA,-42.382,173.829,"B",3565864
"CP16918","RRGO","KK","M","66891_2","PTT",2022-10-28 22:57:00,2022-12-09 08:42:02,25.958,3.6769,-42.402,173.697,"B",3577502
"CP16918","RRGO","KK","M","66891_2","PTT",2022-10-28 22:57:00,2022-12-09 16:09:17,-35.662,NA,-42.419,173.669,"2",3604337
"CP16918","RRGO","KK","M","66891_2","PTT",2022-10-28 22:57:00,2022-12-09 16:09:17,40.178,4.0166,-42.419,173.669,"2",3604337
"CP16918","RRGO","KK","M","66891_2","PTT",2022-10-28 22:57:00,2022-12-09 16:56:45,31.646,3.985,-42.415,173.683,"1",3607185
"CP16918","RRGO","KK","M","66891_2","PTT",2022-10-28 22:57:00,2022-12-09 16:56:45,-35.662,NA,-42.415,173.683,"1",3607185
"CP16918","RRGO","KK","M","66891_2","PTT",2022-10-28 22:57:00,2022-12-09 21:02:14,23.114,3.8507,-42.411,173.718,"B",3621914
"CP16918","RRGO","KK","M","66891_2","PTT",2022-10-28 22:57:00,2022-12-09 21:02:14,-35.662,NA,-42.411,173.718,"B",3621914
"CP16918","RRGO","KK","M","66891_2","PTT",2022-10-28 22:57:00,2022-12-10 06:47:22,28.328,3.7559,-42.357,173.747,"B",3657022
"CP16918","RRGO","KK","M","66891_2","PTT",2022-10-28 22:57:00,2022-12-10 07:07:53,25.958,3.7717,-42.424,173.749,"0",3658253
"CP16918","RRGO","KK","M","66891_2","PTT",2022-10-28 22:57:00,2022-12-10 07:07:53,-35.662,NA,-42.424,173.749,"0",3658253
"CP16918","RRGO","KK","M","66891_2","PTT",2022-10-28 22:57:00,2022-12-10 08:25:09,32.594,3.8112,-42.468,173.949,"0",3662889
"CP16918","RRGO","KK","M","66891_2","PTT",2022-10-28 22:57:00,2022-12-10 08:25:09,31.172,3.8112,-42.468,173.949,"0",3662889
"CP16918","RRGO","KK","M","66891_2","PTT",2022-10-28 22:57:00,2022-12-10 08:25:09,-35.662,NA,-42.468,173.949,"0",3662889
"CP16918","RRGO","KK","M","66891_2","PTT",2022-10-28 22:57:00,2022-12-10 08:25:09,33.542,4.301,-42.468,173.949,"0",3662889
"CP9068","RBRL","KK","F","66903","PTT",2021-10-03 19:06:00,2022-12-10 06:47:48,-35.662,NA,-42.363,173.616,"B",37366908
"CP9068","RBRL","KK","F","66903","PTT",2021-10-03 19:06:00,2022-12-10 06:49:54,37.334,3.748,-42.371,173.617,"B",37367034
"CP9068","RBRL","KK","F","66903","PTT",2021-10-03 19:06:00,2022-12-10 07:08:43,35.438,3.7164,-42.361,173.609,"1",37368163
"CP9068","RBRL","KK","F","66903","PTT",2021-10-03 19:06:00,2022-12-10 07:08:43,36.386,3.7164,-42.361,173.609,"1",37368163
"CP9068","RBRL","KK","F","66903","PTT",2021-10-03 19:06:00,2022-12-10 07:08:43,-35.662,NA,-42.361,173.609,"1",37368163
"CP9068","RBRL","KK","F","66903","PTT",2021-10-03 19:06:00,2022-12-10 07:08:43,33.068,3.7322,-42.361,173.609,"1",37368163
"CP9068","RBRL","KK","F","66903","PTT",2021-10-03 19:06:00,2022-12-10 08:25:14,-35.662,NA,-42.383,173.613,"B",37372754
"CP16918","RRGO","KK","M","66891_2","PTT",2022-10-28 22:57:00,2022-12-10 16:25:48,29.75,3.9534,-42.417,173.673,"1",3691728
"CP16918","RRGO","KK","M","66891_2","PTT",2022-10-28 22:57:00,2022-12-10 16:25:48,-35.662,NA,-42.417,173.673,"1",3691728
"CP16918","RRGO","KK","M","66891_2","PTT",2022-10-28 22:57:00,2022-12-10 17:24:55,32.594,3.9771,-42.437,173.688,"B",3695275
"CP16918","RRGO","KK","M","66891_2","PTT",2022-10-28 22:57:00,2022-12-10 18:06:38,-35.662,NA,-42.43,173.669,"0",3697778
"CP16918","RRGO","KK","M","66891_2","PTT",2022-10-28 22:57:00,2022-12-10 18:06:38,28.328,3.9613,-42.43,173.669,"0",3697778
"CP16918","RRGO","KK","M","66891_2","PTT",2022-10-28 22:57:00,2022-12-10 20:38:52,-35.662,NA,-42.436,173.69,"B",3706912
"CP16918","RRGO","KK","M","66891_2","PTT",2022-10-28 22:57:00,2022-12-10 21:11:03,23.114,3.8349,-42.418,173.675,"2",3708843
"CP16918","RRGO","KK","M","66891_2","PTT",2022-10-28 22:57:00,2022-12-10 21:11:03,-35.662,NA,-42.418,173.675,"2",3708843
"CP16918","RRGO","KK","M","66891_2","PTT",2022-10-28 22:57:00,2022-12-10 21:27:58,-35.662,NA,-42.423,173.678,"B",3709858
"CP16918","RRGO","KK","M","66891_2","PTT",2022-10-28 22:57:00,2022-12-10 22:22:14,-35.662,NA,-42.413,173.678,"B",3713114
"CP16918","RRGO","KK","M","66891_2","PTT",2022-10-28 22:57:00,2022-12-11 06:16:16,33.542,3.7796,-42.416,173.673,"1",3741556
"CP16918","RRGO","KK","M","66891_2","PTT",2022-10-28 22:57:00,2022-12-11 06:16:16,-35.662,NA,-42.416,173.673,"1",3741556
"CP16918","RRGO","KK","M","66891_2","PTT",2022-10-28 22:57:00,2022-12-11 06:29:38,31.646,3.827,-42.42,173.674,"B",3742358
"CP16918","RRGO","KK","M","66891_2","PTT",2022-10-28 22:57:00,2022-12-11 06:57:08,33.068,3.8191,-42.441,173.766,"0",3744008
"CP16918","RRGO","KK","M","66891_2","PTT",2022-10-28 22:57:00,2022-12-11 06:57:08,-35.662,NA,-42.441,173.766,"0",3744008
"CP16918","RRGO","KK","M","66891_2","PTT",2022-10-28 22:57:00,2022-12-11 08:03:34,31.646,3.906,-42.401,173.648,"1",3747994
"CP16918","RRGO","KK","M","66891_2","PTT",2022-10-28 22:57:00,2022-12-11 08:03:34,35.438,3.906,-42.401,173.648,"1",3747994
"CP16918","RRGO","KK","M","66891_2","PTT",2022-10-28 22:57:00,2022-12-11 08:03:34,-35.662,NA,-42.401,173.648,"1",3747994
"CP16918","RRGO","KK","M","66891_2","PTT",2022-10-28 22:57:00,2022-12-11 09:42:44,39.704,4.0324,-42.41,173.665,"B",3753944
"CP16918","RRGO","KK","M","66891_2","PTT",2022-10-28 22:57:00,2022-12-11 09:42:44,-35.662,NA,-42.41,173.665,"B",3753944
"CP16918","RRGO","KK","M","66891_2","PTT",2022-10-28 22:57:00,2022-12-11 15:54:21,-35.662,NA,-42.41,173.661,"1",3776241
"CP16918","RRGO","KK","M","66891_2","PTT",2022-10-28 22:57:00,2022-12-11 17:10:03,27.38,3.9771,-42.416,173.674,"1",3780783
"CP16918","RRGO","KK","M","66891_2","PTT",2022-10-28 22:57:00,2022-12-11 17:10:03,26.906,3.9771,-42.416,173.674,"1",3780783
"CP16918","RRGO","KK","M","66891_2","PTT",2022-10-28 22:57:00,2022-12-11 17:10:03,-35.662,NA,-42.416,173.674,"1",3780783
"CP16918","RRGO","KK","M","66891_2","PTT",2022-10-28 22:57:00,2022-12-11 17:34:42,24.536,3.9534,-42.402,173.71,"A",3782262
"CP16918","RRGO","KK","M","66891_2","PTT",2022-10-28 22:57:00,2022-12-11 17:34:42,-35.662,NA,-42.402,173.71,"A",3782262
"CP16918","RRGO","KK","M","66891_2","PTT",2022-10-28 22:57:00,2022-12-11 20:57:19,23.114,3.827,-42.41,173.669,"1",3794419
"CP16918","RRGO","KK","M","66891_2","PTT",2022-10-28 22:57:00,2022-12-11 20:57:19,-35.662,NA,-42.41,173.669,"1",3794419
"CP16918","RRGO","KK","M","66891_2","PTT",2022-10-28 22:57:00,2022-12-11 21:06:56,23.114,3.8191,-42.41,173.669,"B",3794996
"CP16918","RRGO","KK","M","66891_2","PTT",2022-10-28 22:57:00,2022-12-11 21:59:30,22.166,3.7875,-42.412,173.68,"2",3798150
"CP16918","RRGO","KK","M","66891_2","PTT",2022-10-28 22:57:00,2022-12-11 21:59:30,22.64,3.7796,-42.412,173.68,"2",3798150
"CP16918","RRGO","KK","M","66891_2","PTT",2022-10-28 22:57:00,2022-12-11 21:59:30,-35.662,NA,-42.412,173.68,"2",3798150
"CP16918","RRGO","KK","M","66891_2","PTT",2022-10-28 22:57:00,2022-12-12 05:43:43,-35.662,NA,-42.427,173.707,"B",3826003
"CP16918","RRGO","KK","M","66891_2","PTT",2022-10-28 22:57:00,2022-12-12 05:43:43,28.328,3.748,-42.427,173.707,"B",3826003
"CP16918","RRGO","KK","M","66891_2","PTT",2022-10-28 22:57:00,2022-12-12 06:11:45,-35.662,NA,-42.427,173.703,"B",3827685
"CP16918","RRGO","KK","M","66891_2","PTT",2022-10-28 22:57:00,2022-12-12 06:44:39,30.698,3.8191,-42.433,173.767,"0",3829659
"CP16918","RRGO","KK","M","66891_2","PTT",2022-10-28 22:57:00,2022-12-12 06:44:39,-35.662,NA,-42.433,173.767,"0",3829659
"CP16918","RRGO","KK","M","66891_2","PTT",2022-10-28 22:57:00,2022-12-12 07:43:15,36.386,3.9139,-42.377,173.747,"1",3833175
"CP16918","RRGO","KK","M","66891_2","PTT",2022-10-28 22:57:00,2022-12-12 07:43:15,-35.662,NA,-42.377,173.747,"1",3833175
"CP16918","RRGO","KK","M","66891_2","PTT",2022-10-28 22:57:00,2022-12-12 09:23:00,-35.662,NA,-42.34,173.637,"0",3839160
"CP16918","RRGO","KK","M","66891_2","PTT",2022-10-28 22:57:00,2022-12-12 09:23:00,37.334,4.0087,-42.34,173.637,"0",3839160
"CP9068","RBRL","KK","F","66903","PTT",2021-10-03 19:06:00,2022-12-12 06:13:25,28.802,2.5472,-42.357,173.652,"1",37537645
"CP9068","RBRL","KK","F","66903","PTT",2021-10-03 19:06:00,2022-12-12 06:13:25,-35.662,NA,-42.357,173.652,"1",37537645
"CP9068","RBRL","KK","F","66903","PTT",2021-10-03 19:06:00,2022-12-12 07:41:57,32.12,3.748,-42.37,173.655,"1",37542957
"CP9068","RBRL","KK","F","66903","PTT",2021-10-03 19:06:00,2022-12-12 07:41:57,33.068,3.7243,-42.37,173.655,"1",37542957
"CP9068","RBRL","KK","F","66903","PTT",2021-10-03 19:06:00,2022-12-12 07:41:57,-35.662,NA,-42.37,173.655,"1",37542957
"CP9068","RBRL","KK","F","66903","PTT",2021-10-03 19:06:00,2022-12-12 09:21:18,44.444,3.6927,-42.328,173.609,"0",37548918
"CP9068","RBRL","KK","F","66903","PTT",2021-10-03 19:06:00,2022-12-12 09:21:18,-35.662,NA,-42.328,173.609,"0",37548918
"CP16918","RRGO","KK","M","66891_2","PTT",2022-10-28 22:57:00,2022-12-12 16:52:55,27.38,3.9771,-42.411,173.685,"1",3866155
"CP16918","RRGO","KK","M","66891_2","PTT",2022-10-28 22:57:00,2022-12-12 16:52:55,-35.662,NA,-42.411,173.685,"1",3866155
"CP16918","RRGO","KK","M","66891_2","PTT",2022-10-28 22:57:00,2022-12-12 17:02:49,28.328,3.9692,-42.419,173.629,"1",3866749
"CP16918","RRGO","KK","M","66891_2","PTT",2022-10-28 22:57:00,2022-12-12 17:02:49,-35.662,NA,-42.419,173.629,"1",3866749
"CP16918","RRGO","KK","M","66891_2","PTT",2022-10-28 22:57:00,2022-12-12 20:45:37,24.536,3.8191,-42.421,173.716,"1",3880117
"CP16918","RRGO","KK","M","66891_2","PTT",2022-10-28 22:57:00,2022-12-12 20:45:37,-35.662,NA,-42.421,173.716,"1",3880117
"CP16918","RRGO","KK","M","66891_2","PTT",2022-10-28 22:57:00,2022-12-12 21:39:26,-35.662,NA,-42.416,173.721,"B",3883346
"CP16918","RRGO","KK","M","66891_2","PTT",2022-10-28 22:57:00,2022-12-13 05:55:48,27.854,3.7559,-42.414,173.676,"3",3913128
"CP16918","RRGO","KK","M","66891_2","PTT",2022-10-28 22:57:00,2022-12-13 05:55:48,-35.662,NA,-42.414,173.676,"3",3913128
"CP16918","RRGO","KK","M","66891_2","PTT",2022-10-28 22:57:00,2022-12-13 06:33:03,30.224,3.7638,-42.435,173.672,"0",3915363
"CP16918","RRGO","KK","M","66891_2","PTT",2022-10-28 22:57:00,2022-12-13 06:33:03,27.854,3.7638,-42.435,173.672,"0",3915363
"CP16918","RRGO","KK","M","66891_2","PTT",2022-10-28 22:57:00,2022-12-13 06:33:03,-35.662,NA,-42.435,173.672,"0",3915363
"CP16918","RRGO","KK","M","66891_2","PTT",2022-10-28 22:57:00,2022-12-13 06:53:31,-35.662,NA,-42.418,173.694,"B",3916591
"CP16918","RRGO","KK","M","66891_2","PTT",2022-10-28 22:57:00,2022-12-13 07:22:42,-35.662,NA,-42.456,173.738,"B",3918342
"CP16918","RRGO","KK","M","66891_2","PTT",2022-10-28 22:57:00,2022-12-13 08:14:37,34.964,3.8902,-42.462,173.738,"B",3921457
"CP16918","RRGO","KK","M","66891_2","PTT",2022-10-28 22:57:00,2022-12-13 08:14:37,34.964,3.8981,-42.462,173.738,"B",3921457
"CP16918","RRGO","KK","M","66891_2","PTT",2022-10-28 22:57:00,2022-12-13 09:01:57,-35.662,NA,-42.407,173.654,"0",3924297
"CP16918","RRGO","KK","M","66891_2","PTT",2022-10-28 22:57:00,2022-12-13 09:01:57,34.016,3.906,-42.407,173.654,"0",3924297
"CP9068","RBRL","KK","F","66903","PTT",2021-10-03 19:06:00,2022-12-13 08:09:54,-35.662,NA,-42.463,173.664,"B",37631034
"CP9068","RBRL","KK","F","66903","PTT",2021-10-03 19:06:00,2022-12-13 08:09:54,36.86,3.7559,-42.463,173.664,"B",37631034
"CP9068","RBRL","KK","F","66903","PTT",2021-10-03 19:06:00,2022-12-13 08:14:29,37.334,3.7401,-42.416,173.769,"B",37631309
"CP9068","RBRL","KK","F","66903","PTT",2021-10-03 19:06:00,2022-12-13 08:14:29,-35.662,NA,-42.416,173.769,"B",37631309
"CP9068","RBRL","KK","F","66903","PTT",2021-10-03 19:06:00,2022-12-13 09:00:23,39.23,3.7243,-42.348,173.55,"0",37634063
"CP9068","RBRL","KK","F","66903","PTT",2021-10-03 19:06:00,2022-12-13 09:00:23,-35.662,NA,-42.348,173.55,"0",37634063
"CP16918","RRGO","KK","M","66891_2","PTT",2022-10-28 22:57:00,2022-12-13 16:31:50,29.276,4.0087,-42.378,173.638,"0",3951290
"CP16918","RRGO","KK","M","66891_2","PTT",2022-10-28 22:57:00,2022-12-13 16:31:50,29.276,4.0166,-42.378,173.638,"0",3951290
"CP16918","RRGO","KK","M","66891_2","PTT",2022-10-28 22:57:00,2022-12-13 16:31:50,-35.662,NA,-42.378,173.638,"0",3951290
"CP16918","RRGO","KK","M","66891_2","PTT",2022-10-28 22:57:00,2022-12-13 18:13:17,25.01,3.9613,-42.355,173.662,"B",3957377
"CP16918","RRGO","KK","M","66891_2","PTT",2022-10-28 22:57:00,2022-12-13 18:13:17,-35.662,NA,-42.355,173.662,"B",3957377
"CP9068","RBRL","KK","F","66903","PTT",2021-10-03 19:06:00,2022-12-13 16:32:48,34.016,3.7164,-42.411,173.641,"0",37661208
"CP9068","RBRL","KK","F","66903","PTT",2021-10-03 19:06:00,2022-12-13 16:32:48,-35.662,NA,-42.411,173.641,"0",37661208
"CP16918","RRGO","KK","M","66891_2","PTT",2022-10-28 22:57:00,2022-12-13 16:34:23,29.276,4.0166,-42.423,173.65,"0",3951443
"CP16918","RRGO","KK","M","66891_2","PTT",2022-10-28 22:57:00,2022-12-13 16:34:23,-35.662,NA,-42.423,173.65,"0",3951443
"CP16918","RRGO","KK","M","66891_2","PTT",2022-10-28 22:57:00,2022-12-13 18:13:17,25.01,3.9613,-42.355,173.662,"B",3957377
"CP16918","RRGO","KK","M","66891_2","PTT",2022-10-28 22:57:00,2022-12-13 18:13:17,-35.662,NA,-42.355,173.662,"B",3957377
"CP16918","RRGO","KK","M","66891_2","PTT",2022-10-28 22:57:00,2022-12-13 21:18:16,24.062,3.8428,-42.405,173.728,"1",3968476
"CP16918","RRGO","KK","M","66891_2","PTT",2022-10-28 22:57:00,2022-12-13 21:18:16,-35.662,NA,-42.405,173.728,"1",3968476
"CP9068","RBRL","KK","F","66903","PTT",2021-10-03 19:06:00,2022-12-13 16:35:44,33.542,3.7164,-42.413,173.653,"3",37661384
"CP9068","RBRL","KK","F","66903","PTT",2021-10-03 19:06:00,2022-12-13 16:35:44,-35.662,NA,-42.413,173.653,"3",37661384
"CP16918","RRGO","KK","M","66891_2","PTT",2022-10-28 22:57:00,2022-12-14 05:38:12,-35.662,NA,-42.393,173.817,"0",3998472
"CP16918","RRGO","KK","M","66891_2","PTT",2022-10-28 22:57:00,2022-12-14 06:22:09,-35.662,NA,-42.519,173.738,"A",4001109
"CP16918","RRGO","KK","M","66891_2","PTT",2022-10-28 22:57:00,2022-12-14 06:22:17,-35.662,NA,-42.501,173.728,"B",4001117
"CP16918","RRGO","KK","M","66891_2","PTT",2022-10-28 22:57:00,2022-12-14 07:02:46,34.016,3.7954,-42.534,173.704,"B",4003546
"CP16918","RRGO","KK","M","66891_2","PTT",2022-10-28 22:57:00,2022-12-14 08:01:54,30.698,3.8349,-42.452,173.688,"0",4007094
"CP16918","RRGO","KK","M","66891_2","PTT",2022-10-28 22:57:00,2022-12-14 08:01:54,-35.662,NA,-42.452,173.688,"0",4007094
"CP16918","RRGO","KK","M","66891_2","PTT",2022-10-28 22:57:00,2022-12-14 16:00:45,-35.662,NA,-42.377,173.616,"1",4035825
"CP16918","RRGO","KK","M","66891_2","PTT",2022-10-28 22:57:00,2022-12-14 16:00:45,28.328,4.0324,-42.377,173.616,"1",4035825
"CP16918","RRGO","KK","M","66891_2","PTT",2022-10-28 22:57:00,2022-12-14 16:18:55,27.38,4.0087,-42.414,173.69,"1",4036915
"CP16918","RRGO","KK","M","66891_2","PTT",2022-10-28 22:57:00,2022-12-14 16:18:55,-35.662,NA,-42.414,173.69,"1",4036915
"CP16918","RRGO","KK","M","66891_2","PTT",2022-10-28 22:57:00,2022-12-14 17:42:35,25.958,3.9376,-42.289,173.124,"A",4041935
"CP16918","RRGO","KK","M","66891_2","PTT",2022-10-28 22:57:00,2022-12-14 17:42:35,-35.662,NA,-42.289,173.124,"A",4041935
"CP9068","RBRL","KK","F","66903","PTT",2021-10-03 19:06:00,2022-12-14 16:16:59,-35.662,NA,-42.42,173.653,"B",37746659
"CP16918","RRGO","KK","M","66891_2","PTT",2022-10-28 22:57:00,2022-12-14 17:52:15,-35.662,NA,-42.278,173.104,"B",4042515
"CP16918","RRGO","KK","M","66891_2","PTT",2022-10-28 22:57:00,2022-12-14 20:22:30,25.01,3.8428,-42.405,173.727,"0",4051530
"CP16918","RRGO","KK","M","66891_2","PTT",2022-10-28 22:57:00,2022-12-14 20:22:30,-35.662,NA,-42.405,173.727,"0",4051530
"CP16918","RRGO","KK","M","66891_2","PTT",2022-10-28 22:57:00,2022-12-14 20:22:30,24.536,3.8349,-42.405,173.727,"0",4051530
"CP16918","RRGO","KK","M","66891_2","PTT",2022-10-28 22:57:00,2022-12-14 20:57:06,26.906,3.8191,-42.405,173.686,"2",4053606
"CP16918","RRGO","KK","M","66891_2","PTT",2022-10-28 22:57:00,2022-12-14 20:57:06,-35.662,NA,-42.405,173.686,"2",4053606
"CP16918","RRGO","KK","M","66891_2","PTT",2022-10-28 22:57:00,2022-12-15 15:30:56,-35.662,NA,-42.255,173.168,"B",4120436
"CP16918","RRGO","KK","M","66891_2","PTT",2022-10-28 22:57:00,2022-12-15 16:00:43,-35.662,NA,-42.385,173.653,"B",4122223
"CP16918","RRGO","KK","M","66891_2","PTT",2022-10-28 22:57:00,2022-12-15 16:00:43,34.016,4.0008,-42.385,173.653,"B",4122223
"CP16918","RRGO","KK","M","66891_2","PTT",2022-10-28 22:57:00,2022-12-15 17:10:02,27.38,4.0008,-42.419,173.72,"1",4126382
"CP16918","RRGO","KK","M","66891_2","PTT",2022-10-28 22:57:00,2022-12-15 17:10:02,-35.662,NA,-42.419,173.72,"1",4126382
"CP16918","RRGO","KK","M","66891_2","PTT",2022-10-28 22:57:00,2022-12-15 17:35:12,-35.662,NA,-42.42,173.713,"B",4127892
"CP16918","RRGO","KK","M","66891_2","PTT",2022-10-28 22:57:00,2022-12-15 21:25:19,-35.662,NA,-42.413,173.688,"B",4141699
"CP16918","RRGO","KK","M","66891_2","PTT",2022-10-28 22:57:00,2022-12-15 22:15:53,24.062,3.7954,-42.418,173.671,"1",4144733
"CP16918","RRGO","KK","M","66891_2","PTT",2022-10-28 22:57:00,2022-12-15 22:15:53,-35.662,NA,-42.418,173.671,"1",4144733
"CP16918","RRGO","KK","M","66891_2","PTT",2022-10-28 22:57:00,2022-12-16 06:59:47,-35.662,NA,-42.396,173.683,"A",4176167
"CP16918","RRGO","KK","M","66891_2","PTT",2022-10-28 22:57:00,2022-12-16 07:38:04,29.75,3.8191,-42.421,173.66,"2",4178464
"CP16918","RRGO","KK","M","66891_2","PTT",2022-10-28 22:57:00,2022-12-16 07:38:04,-35.662,NA,-42.421,173.66,"2",4178464
"CP16918","RRGO","KK","M","66891_2","PTT",2022-10-28 22:57:00,2022-12-16 07:59:06,34.49,3.8191,-42.441,173.689,"0",4179726
"CP16918","RRGO","KK","M","66891_2","PTT",2022-10-28 22:57:00,2022-12-16 07:59:06,-35.662,NA,-42.441,173.689,"0",4179726
"CP16918","RRGO","KK","M","66891_2","PTT",2022-10-28 22:57:00,2022-12-16 07:59:06,28.802,3.8349,-42.441,173.689,"0",4179726
"CP9068","RBRL","KK","F","66903","PTT",2021-10-03 19:06:00,2022-12-16 07:59:10,32.594,3.7164,-42.421,173.703,"2",37889590
"CP9068","RBRL","KK","F","66903","PTT",2021-10-03 19:06:00,2022-12-16 07:59:10,-35.662,NA,-42.421,173.703,"2",37889590
"CP9068","RBRL","KK","F","66903","PTT",2021-10-03 19:06:00,2022-12-16 07:59:10,33.068,3.7164,-42.421,173.703,"2",37889590
"CP16918","RRGO","KK","M","66891_2","PTT",2022-10-28 22:57:00,2022-12-16 16:38:17,34.49,3.9929,-42.412,173.661,"1",4210877
"CP16918","RRGO","KK","M","66891_2","PTT",2022-10-28 22:57:00,2022-12-16 16:38:17,-35.662,NA,-42.412,173.661,"1",4210877
"CP16918","RRGO","KK","M","66891_2","PTT",2022-10-28 22:57:00,2022-12-16 16:38:17,34.964,3.9929,-42.412,173.661,"1",4210877
"CP16918","RRGO","KK","M","66891_2","PTT",2022-10-28 22:57:00,2022-12-16 17:18:28,-35.662,NA,-42.429,173.684,"A",4213288
"CP16918","RRGO","KK","M","66891_2","PTT",2022-10-28 22:57:00,2022-12-16 17:18:28,31.172,4.0245,-42.429,173.684,"A",4213288
"CP16918","RRGO","KK","M","66891_2","PTT",2022-10-28 22:57:00,2022-12-16 21:55:27,25.958,3.8349,-42.415,173.661,"3",4229907
"CP16918","RRGO","KK","M","66891_2","PTT",2022-10-28 22:57:00,2022-12-16 21:55:27,-35.662,NA,-42.415,173.661,"3",4229907
"CP16918","RRGO","KK","M","66891_2","PTT",2022-10-28 22:57:00,2022-12-17 07:27:01,-35.662,NA,-42.437,173.669,"B",4264201
"CP16918","RRGO","KK","M","66891_2","PTT",2022-10-28 22:57:00,2022-12-17 08:08:54,8.894,2.8474,-42.43,173.614,"B",4266714
"CP16918","RRGO","KK","M","66891_2","PTT",2022-10-28 22:57:00,2022-12-17 16:07:07,30.224,3.9455,-42.42,173.66,"A",4295407
"CP16918","RRGO","KK","M","66891_2","PTT",2022-10-28 22:57:00,2022-12-17 16:07:07,-35.662,NA,-42.42,173.66,"A",4295407
"CP16918","RRGO","KK","M","66891_2","PTT",2022-10-28 22:57:00,2022-12-17 17:01:10,28.802,3.9297,-42.414,173.679,"1",4298650
"CP16918","RRGO","KK","M","66891_2","PTT",2022-10-28 22:57:00,2022-12-17 17:01:10,-35.662,NA,-42.414,173.679,"1",4298650
"CP16918","RRGO","KK","M","66891_2","PTT",2022-10-28 22:57:00,2022-12-17 19:46:07,24.062,3.8191,-42.431,173.659,"3",4308547
"CP16918","RRGO","KK","M","66891_2","PTT",2022-10-28 22:57:00,2022-12-17 19:46:07,-35.662,NA,-42.431,173.659,"3",4308547
"CP16918","RRGO","KK","M","66891_2","PTT",2022-10-28 22:57:00,2022-12-19 16:27:00,20.744,3.8191,-42.403,173.66,"B",4469400
"CP16918","RRGO","KK","M","66891_2","PTT",2022-10-28 22:57:00,2022-12-19 16:27:00,-35.662,NA,-42.403,173.66,"B",4469400
"CP16918","RRGO","KK","M","66891_2","PTT",2022-10-28 22:57:00,2022-12-22 09:17:20,27.854,3.0765,-42.411,173.678,"2",4702820
"CP16918","RRGO","KK","M","66891_2","PTT",2022-10-28 22:57:00,2022-12-22 09:17:20,-35.662,NA,-42.411,173.678,"2",4702820
"CP16918","RRGO","KK","M","66891_2","PTT",2022-10-28 22:57:00,2022-12-22 16:51:39,-35.662,NA,-42.38,173.668,"B",4730079
"CP16918","RRGO","KK","M","66891_2","PTT",2022-10-28 22:57:00,2022-12-22 17:10:32,25.01,3.6532,-42.423,173.679,"1",4731212
"CP16918","RRGO","KK","M","66891_2","PTT",2022-10-28 22:57:00,2022-12-22 17:10:32,-35.662,NA,-42.423,173.679,"1",4731212
"CP16918","RRGO","KK","M","66891_2","PTT",2022-10-28 22:57:00,2022-12-23 07:14:27,36.386,3.7243,-42.475,173.672,"B",4781847
"CP16918","RRGO","KK","M","66891_2","PTT",2022-10-28 22:57:00,2022-12-23 07:14:27,-35.662,NA,-42.475,173.672,"B",4781847
"CP16918","RRGO","KK","M","66891_2","PTT",2022-10-28 22:57:00,2022-12-23 07:54:18,-35.662,NA,-42.427,173.705,"A",4784238
"CP16918","RRGO","KK","M","66891_2","PTT",2022-10-28 22:57:00,2022-12-23 08:02:56,-35.662,NA,-42.427,173.704,"B",4784756
"CP16918","RRGO","KK","M","66891_2","PTT",2022-10-28 22:57:00,2022-12-23 08:54:58,22.64,3.7085,-42.416,173.751,"A",4787878
"CP16918","RRGO","KK","M","66891_2","PTT",2022-10-28 22:57:00,2022-12-23 08:54:58,-35.662,NA,-42.416,173.751,"A",4787878
"CP9068","RBRL","KK","F","66903","PTT",2021-10-03 19:06:00,2022-12-23 16:52:59,-35.662,NA,-42.425,173.729,"3",38526419
"CP16918","RRGO","KK","M","66891_2","PTT",2022-10-28 22:57:00,2022-12-24 07:41:32,34.016,3.7322,-42.38,173.644,"A",4869872
"CP16918","RRGO","KK","M","66891_2","PTT",2022-10-28 22:57:00,2022-12-24 07:41:32,-35.662,NA,-42.38,173.644,"A",4869872
"CP16918","RRGO","KK","M","66891_2","PTT",2022-10-28 22:57:00,2022-12-24 08:34:50,38.756,3.7322,-42.417,173.677,"1",4873070
"CP16918","RRGO","KK","M","66891_2","PTT",2022-10-28 22:57:00,2022-12-24 08:34:50,39.23,3.7322,-42.417,173.677,"1",4873070
"CP16918","RRGO","KK","M","66891_2","PTT",2022-10-28 22:57:00,2022-12-24 08:34:50,-35.662,NA,-42.417,173.677,"1",4873070
"CP16918","RRGO","KK","M","66891_2","PTT",2022-10-28 22:57:00,2022-12-24 08:34:50,38.282,3.7322,-42.417,173.677,"1",4873070
"CP16918","RRGO","KK","M","66891_2","PTT",2022-10-28 22:57:00,2022-12-24 17:28:08,29.75,3.827,-42.428,173.704,"1",4905068
"CP16918","RRGO","KK","M","66891_2","PTT",2022-10-28 22:57:00,2022-12-24 17:28:08,-35.662,NA,-42.428,173.704,"1",4905068
"CP9068","RBRL","KK","F","66903","PTT",2021-10-03 19:06:00,2022-12-24 15:49:01,31.646,3.7164,-42.414,173.708,"3",38608981
"CP9068","RBRL","KK","F","66903","PTT",2021-10-03 19:06:00,2022-12-24 15:49:01,-35.662,NA,-42.414,173.708,"3",38608981
"CP9068","RBRL","KK","F","66903","PTT",2021-10-03 19:06:00,2022-12-24 15:49:01,31.646,3.7164,-42.414,173.708,"3",38608981
"CP16918","RRGO","KK","M","66891_2","PTT",2022-10-28 22:57:00,2022-12-24 20:01:52,-35.662,NA,-42.409,173.721,"B",4914292
"CP16918","RRGO","KK","M","66891_2","PTT",2022-10-28 22:57:00,2022-12-24 20:01:52,26.432,3.7085,-42.409,173.721,"B",4914292
"CP16918","RRGO","KK","M","66891_2","PTT",2022-10-28 22:57:00,2022-12-25 07:17:37,-35.662,NA,-42.383,173.672,"B",4954837
"CP16918","RRGO","KK","M","66891_2","PTT",2022-10-28 22:57:00,2022-12-25 07:30:09,35.438,3.7401,-42.423,173.708,"2",4955589
"CP16918","RRGO","KK","M","66891_2","PTT",2022-10-28 22:57:00,2022-12-25 07:30:09,-35.662,NA,-42.423,173.708,"2",4955589
"CP16918","RRGO","KK","M","66891_2","PTT",2022-10-28 22:57:00,2022-12-25 08:14:02,25.01,3.7638,-42.397,173.543,"A",4958222
"CP16918","RRGO","KK","M","66891_2","PTT",2022-10-28 22:57:00,2022-12-25 08:14:02,-35.662,NA,-42.397,173.543,"A",4958222
"CP9068","RBRL","KK","F","66903","PTT",2021-10-03 19:06:00,2022-12-25 07:30:02,-35.662,NA,-42.397,173.676,"0",38665442
"CP9068","RBRL","KK","F","66903","PTT",2021-10-03 19:06:00,2022-12-25 08:12:28,37.808,3.7164,-42.418,173.715,"2",38667988
"CP9068","RBRL","KK","F","66903","PTT",2021-10-03 19:06:00,2022-12-25 08:12:28,37.334,3.7164,-42.418,173.715,"2",38667988
"CP9068","RBRL","KK","F","66903","PTT",2021-10-03 19:06:00,2022-12-25 08:12:28,-35.662,NA,-42.418,173.715,"2",38667988
"CP16918","RRGO","KK","M","66891_2","PTT",2022-10-28 22:57:00,2022-12-25 16:18:51,-35.662,NA,-42.413,173.663,"B",4987311
"CP16918","RRGO","KK","M","66891_2","PTT",2022-10-28 22:57:00,2022-12-25 16:18:51,28.802,3.9297,-42.413,173.663,"B",4987311
"CP16918","RRGO","KK","M","66891_2","PTT",2022-10-28 22:57:00,2022-12-25 16:57:47,-35.662,NA,-42.4,173.642,"B",4989647
"CP16918","RRGO","KK","M","66891_2","PTT",2022-10-28 22:57:00,2022-12-25 19:52:05,24.536,3.7954,-42.431,173.732,"1",5000105
"CP16918","RRGO","KK","M","66891_2","PTT",2022-10-28 22:57:00,2022-12-25 19:52:05,-35.662,NA,-42.431,173.732,"1",5000105
"CP16918","RRGO","KK","M","66891_2","PTT",2022-10-28 22:57:00,2022-12-25 22:09:31,23.114,3.7006,-42.418,173.726,"A",5008351
"CP16918","RRGO","KK","M","66891_2","PTT",2022-10-28 22:57:00,2022-12-25 22:09:31,-35.662,NA,-42.418,173.726,"A",5008351
"CP16918","RRGO","KK","M","66891_2","PTT",2022-10-28 22:57:00,2022-12-26 06:48:12,30.698,3.7401,-42.443,173.734,"A",5039472
"CP16918","RRGO","KK","M","66891_2","PTT",2022-10-28 22:57:00,2022-12-26 06:48:12,-35.662,NA,-42.443,173.734,"A",5039472
"CP16918","RRGO","KK","M","66891_2","PTT",2022-10-28 22:57:00,2022-12-26 07:18:34,33.542,3.7796,-42.43,173.729,"0",5041294
"CP16918","RRGO","KK","M","66891_2","PTT",2022-10-28 22:57:00,2022-12-26 07:18:34,34.016,3.7875,-42.43,173.729,"0",5041294
"CP16918","RRGO","KK","M","66891_2","PTT",2022-10-28 22:57:00,2022-12-26 07:18:34,-35.662,NA,-42.43,173.729,"0",5041294
"CP16918","RRGO","KK","M","66891_2","PTT",2022-10-28 22:57:00,2022-12-26 07:52:01,34.49,3.8112,-42.413,173.689,"0",5043301
"CP16918","RRGO","KK","M","66891_2","PTT",2022-10-28 22:57:00,2022-12-26 07:52:01,34.964,3.8033,-42.413,173.689,"0",5043301
"CP16918","RRGO","KK","M","66891_2","PTT",2022-10-28 22:57:00,2022-12-26 07:52:01,-35.662,NA,-42.413,173.689,"0",5043301
"CP16918","RRGO","KK","M","66891_2","PTT",2022-10-28 22:57:00,2022-12-26 08:41:01,-35.662,NA,-42.426,173.714,"B",5046241
"CP16918","RRGO","KK","M","66891_2","PTT",2022-10-28 22:57:00,2022-12-26 09:35:49,-35.662,NA,-42.421,173.708,"B",5049529
"CP16918","RRGO","KK","M","66891_2","PTT",2022-10-28 22:57:00,2022-12-26 16:02:17,-35.662,NA,-42.372,173.638,"B",5072717
"CP16918","RRGO","KK","M","66891_2","PTT",2022-10-28 22:57:00,2022-12-26 16:25:51,-35.662,NA,-42.411,173.72,"1",5074131
"CP16918","RRGO","KK","M","66891_2","PTT",2022-10-28 22:57:00,2022-12-26 16:25:51,30.698,4.0008,-42.411,173.72,"1",5074131
"CP16918","RRGO","KK","M","66891_2","PTT",2022-10-28 22:57:00,2022-12-26 17:36:50,32.12,3.9771,-42.423,173.638,"B",5078390
"CP16918","RRGO","KK","M","66891_2","PTT",2022-10-28 22:57:00,2022-12-26 17:36:50,-35.662,NA,-42.423,173.638,"B",5078390
"CP16918","RRGO","KK","M","66891_2","PTT",2022-10-28 22:57:00,2022-12-26 18:05:46,-35.662,NA,-42.405,173.706,"B",5080126
"CP9068","RBRL","KK","F","66903","PTT",2021-10-03 19:06:00,2022-12-26 16:26:51,-35.662,NA,-42.416,173.619,"B",38784051
"CP9068","RBRL","KK","F","66903","PTT",2021-10-03 19:06:00,2022-12-26 16:26:51,34.016,3.7875,-42.416,173.619,"B",38784051
"CP16918","RRGO","KK","M","66891_2","PTT",2022-10-28 22:57:00,2022-12-26 18:05:46,-35.662,NA,-42.443,173.695,"B",5080126
"CP16918","RRGO","KK","M","66891_2","PTT",2022-10-28 22:57:00,2022-12-26 19:37:40,-35.662,NA,-42.416,173.671,"B",5085640
"CP16918","RRGO","KK","M","66891_2","PTT",2022-10-28 22:57:00,2022-12-26 21:19:31,-35.662,NA,-42.417,173.668,"B",5091751
"CP16918","RRGO","KK","M","66891_2","PTT",2022-10-28 22:57:00,2022-12-26 21:50:22,24.536,3.8112,-42.421,173.71,"1",5093602
"CP16918","RRGO","KK","M","66891_2","PTT",2022-10-28 22:57:00,2022-12-26 21:50:22,24.536,3.8033,-42.421,173.71,"1",5093602
"CP16918","RRGO","KK","M","66891_2","PTT",2022-10-28 22:57:00,2022-12-26 21:50:22,-35.662,NA,-42.421,173.71,"1",5093602
"CP16918","RRGO","KK","M","66891_2","PTT",2022-10-28 22:57:00,2022-12-27 07:04:47,33.068,2.6815,-42.452,173.706,"B",5126867
"CP16918","RRGO","KK","M","66891_2","PTT",2022-10-28 22:57:00,2022-12-27 07:31:56,24.062,3.7006,-42.434,173.605,"A",5128496
"CP16918","RRGO","KK","M","66891_2","PTT",2022-10-28 22:57:00,2022-12-27 07:31:56,-35.662,NA,-42.434,173.605,"A",5128496
"CP16918","RRGO","KK","M","66891_2","PTT",2022-10-28 22:57:00,2022-12-27 08:20:16,35.912,3.7164,-42.51,174.225,"A",5131396
"CP16918","RRGO","KK","M","66891_2","PTT",2022-10-28 22:57:00,2022-12-27 08:20:16,-35.662,NA,-42.51,174.225,"A",5131396
"CP16918","RRGO","KK","M","66891_2","PTT",2022-10-28 22:57:00,2022-12-27 09:11:40,38.756,3.7875,-42.414,173.759,"0",5134480
"CP16918","RRGO","KK","M","66891_2","PTT",2022-10-28 22:57:00,2022-12-27 09:11:40,-35.662,NA,-42.414,173.759,"0",5134480
"CP16918","RRGO","KK","M","66891_2","PTT",2022-10-28 22:57:00,2022-12-27 17:19:57,20.27,3.8033,-42.378,173.246,"B",5163777
"CP16918","RRGO","KK","M","66891_2","PTT",2022-10-28 22:57:00,2022-12-28 08:52:22,39.23,4.1746,-42.413,173.668,"1",5219722
"CP16918","RRGO","KK","M","66891_2","PTT",2022-10-28 22:57:00,2022-12-28 08:52:22,-35.662,NA,-42.413,173.668,"1",5219722
"CP16918","RRGO","KK","M","66891_2","PTT",2022-10-28 22:57:00,2022-12-28 08:52:22,37.808,3.8744,-42.413,173.668,"1",5219722
"CP9068","RBRL","KK","F","66903","PTT",2021-10-03 19:06:00,2022-12-28 15:24:25,-35.662,NA,-42.462,173.735,"B",38953105
"CP16918","RRGO","KK","M","66891_2","PTT",2022-10-28 22:57:00,2022-12-28 19:15:20,25.484,3.7796,-42.429,173.685,"A",5257100
"CP16918","RRGO","KK","M","66891_2","PTT",2022-10-28 22:57:00,2022-12-28 19:15:20,-35.662,NA,-42.429,173.685,"A",5257100
"CP16918","RRGO","KK","M","66891_2","PTT",2022-10-28 22:57:00,2022-12-28 20:55:43,24.536,3.7006,-42.421,173.679,"B",5263123
"CP16918","RRGO","KK","M","66891_2","PTT",2022-10-28 22:57:00,2022-12-28 21:07:03,24.536,3.6927,-42.414,173.675,"1",5263803
"CP16918","RRGO","KK","M","66891_2","PTT",2022-10-28 22:57:00,2022-12-28 21:07:03,-35.662,NA,-42.414,173.675,"1",5263803
"CP16918","RRGO","KK","M","66891_2","PTT",2022-10-28 22:57:00,2022-12-28 21:07:03,25.01,3.6927,-42.414,173.675,"1",5263803
"CP16918","RRGO","KK","M","66891_2","PTT",2022-10-28 22:57:00,2022-12-29 06:42:34,36.86,3.7875,-42.422,173.754,"1",5298334
"CP16918","RRGO","KK","M","66891_2","PTT",2022-10-28 22:57:00,2022-12-29 06:42:34,34.964,3.7717,-42.422,173.754,"1",5298334
"CP16918","RRGO","KK","M","66891_2","PTT",2022-10-28 22:57:00,2022-12-29 06:42:34,-35.662,NA,-42.422,173.754,"1",5298334
"CP16918","RRGO","KK","M","66891_2","PTT",2022-10-28 22:57:00,2022-12-29 06:55:29,-35.662,NA,-42.423,173.754,"B",5299109
"CP16918","RRGO","KK","M","66891_2","PTT",2022-10-28 22:57:00,2022-12-29 08:31:11,36.86,3.7717,-42.411,173.649,"0",5304851
"CP16918","RRGO","KK","M","66891_2","PTT",2022-10-28 22:57:00,2022-12-29 08:31:11,-35.662,NA,-42.411,173.649,"0",5304851
"CP16918","RRGO","KK","M","66891_2","PTT",2022-10-28 22:57:00,2022-12-29 08:31:11,34.016,3.7559,-42.411,173.649,"0",5304851
"CP9068","RBRL","KK","F","66903","PTT",2021-10-03 19:06:00,2022-12-29 06:41:34,39.23,3.7559,-42.436,173.762,"B",39008134
"CP9068","RBRL","KK","F","66903","PTT",2021-10-03 19:06:00,2022-12-29 06:41:34,-35.662,NA,-42.436,173.762,"B",39008134
"CP9068","RBRL","KK","F","66903","PTT",2021-10-03 19:06:00,2022-12-29 08:28:57,-35.662,NA,-42.447,173.795,"B",39014577
"CP16918","RRGO","KK","M","66891_2","PTT",2022-10-28 22:57:00,2022-12-29 16:45:55,31.646,3.8744,-42.386,173.538,"0",5334535
"CP16918","RRGO","KK","M","66891_2","PTT",2022-10-28 22:57:00,2022-12-29 16:45:55,-35.662,NA,-42.386,173.538,"0",5334535
"CP9068","RBRL","KK","F","66903","PTT",2021-10-03 19:06:00,2022-12-29 16:32:35,42.074,3.7322,-42.433,173.745,"0",39043595
"CP9068","RBRL","KK","F","66903","PTT",2021-10-03 19:06:00,2022-12-29 16:32:35,43.496,3.7322,-42.433,173.745,"0",39043595
"CP9068","RBRL","KK","F","66903","PTT",2021-10-03 19:06:00,2022-12-29 16:32:35,-35.662,NA,-42.433,173.745,"0",39043595
"CP9068","RBRL","KK","F","66903","PTT",2021-10-03 19:06:00,2022-12-29 16:45:58,36.86,3.7243,-42.402,173.55,"0",39044398
"CP9068","RBRL","KK","F","66903","PTT",2021-10-03 19:06:00,2022-12-29 16:45:58,-35.662,NA,-42.402,173.55,"0",39044398
"CP9068","RBRL","KK","F","66903","PTT",2021-10-03 19:06:00,2022-12-29 16:45:58,40.178,3.7164,-42.402,173.55,"0",39044398
"CP16918","RRGO","KK","M","66891_2","PTT",2022-10-28 22:57:00,2022-12-29 21:35:00,-35.662,NA,-42.465,173.59,"B",5351880
"CP16918","RRGO","KK","M","66891_2","PTT",2022-10-28 22:57:00,2022-12-31 05:51:50,-35.662,NA,-42.374,173.57,"B",5468090
"CP16918","RRGO","KK","M","66891_2","PTT",2022-10-28 22:57:00,2022-12-31 06:17:22,29.75,3.6848,-42.429,173.712,"1",5469622
"CP16918","RRGO","KK","M","66891_2","PTT",2022-10-28 22:57:00,2022-12-31 06:17:22,-35.662,NA,-42.429,173.712,"1",5469622
"CP16918","RRGO","KK","M","66891_2","PTT",2022-10-28 22:57:00,2022-12-31 06:17:22,30.224,3.6769,-42.429,173.712,"1",5469622
"CP16918","RRGO","KK","M","66891_2","PTT",2022-10-28 22:57:00,2022-12-31 07:49:47,36.86,3.7559,-42.449,173.767,"1",5475167
"CP16918","RRGO","KK","M","66891_2","PTT",2022-10-28 22:57:00,2022-12-31 07:49:47,-35.662,NA,-42.449,173.767,"1",5475167
"CP16918","RRGO","KK","M","66891_2","PTT",2022-10-28 22:57:00,2022-12-31 07:49:47,33.542,3.7401,-42.449,173.767,"1",5475167
"CP16918","RRGO","KK","M","66891_2","PTT",2022-10-28 22:57:00,2022-12-31 07:57:49,-35.662,NA,-42.32,173.818,"A",5475649
"CP16918","RRGO","KK","M","66891_2","PTT",2022-10-28 22:57:00,2022-12-31 07:57:49,32.12,3.7401,-42.32,173.818,"A",5475649
"CP16918","RRGO","KK","M","66891_2","PTT",2022-10-28 22:57:00,2022-12-31 08:36:21,-35.662,NA,-42.344,173.79,"B",5477961
"CP9068","RBRL","KK","F","66903","PTT",2021-10-03 19:06:00,2022-12-31 07:49:48,34.964,3.7164,-42.447,173.758,"3",39185028
"CP9068","RBRL","KK","F","66903","PTT",2021-10-03 19:06:00,2022-12-31 07:49:48,-35.662,NA,-42.447,173.758,"3",39185028
"CP16918","RRGO","KK","M","66891_2","PTT",2022-10-28 22:57:00,2022-12-31 17:09:34,30.224,3.8191,-42.433,173.73,"1",5508754
"CP16918","RRGO","KK","M","66891_2","PTT",2022-10-28 22:57:00,2022-12-31 17:09:34,-35.662,NA,-42.433,173.73,"1",5508754
"CP16918","RRGO","KK","M","66891_2","PTT",2022-10-28 22:57:00,2022-12-31 17:09:34,31.172,3.8191,-42.433,173.73,"1",5508754
"CP16918","RRGO","KK","M","66891_2","PTT",2022-10-28 22:57:00,2023-01-01 06:59:05,33.068,3.1397,-42.398,173.631,"B",5558525
"CP16918","RRGO","KK","M","66891_2","PTT",2022-10-28 22:57:00,2023-01-01 06:59:05,-35.662,NA,-42.398,173.631,"B",5558525
"CP16918","RRGO","KK","M","66891_2","PTT",2022-10-28 22:57:00,2023-01-01 07:28:24,-35.662,NA,-42.421,173.695,"B",5560284
"CP16918","RRGO","KK","M","66891_2","PTT",2022-10-28 22:57:00,2023-01-01 07:46:49,35.438,3.7401,-42.438,173.714,"0",5561389
"CP16918","RRGO","KK","M","66891_2","PTT",2022-10-28 22:57:00,2023-01-01 07:46:49,-35.662,NA,-42.438,173.714,"0",5561389
"CP16918","RRGO","KK","M","66891_2","PTT",2022-10-28 22:57:00,2023-01-01 07:46:49,35.438,3.7322,-42.438,173.714,"0",5561389
"CP16918","RRGO","KK","M","66891_2","PTT",2022-10-28 22:57:00,2023-01-01 09:09:21,33.542,3.8112,-42.403,173.72,"A",5566341
"CP16918","RRGO","KK","M","66891_2","PTT",2022-10-28 22:57:00,2023-01-01 09:09:21,-35.662,NA,-42.403,173.72,"A",5566341
"CP9068","RBRL","KK","F","66903","PTT",2021-10-03 19:06:00,2023-01-01 07:28:44,-35.662,NA,-42.384,173.759,"B",39270164
"CP9068","RBRL","KK","F","66903","PTT",2021-10-03 19:06:00,2023-01-01 07:47:32,38.756,3.748,-42.408,173.691,"2",39271292
"CP9068","RBRL","KK","F","66903","PTT",2021-10-03 19:06:00,2023-01-01 07:47:32,-35.662,NA,-42.408,173.691,"2",39271292
"CP9068","RBRL","KK","F","66903","PTT",2021-10-03 19:06:00,2023-01-01 08:15:30,-35.662,NA,-42.41,173.691,"B",39272970
"CP9068","RBRL","KK","F","66903","PTT",2021-10-03 19:06:00,2023-01-01 09:08:08,39.23,3.7085,-42.411,173.716,"1",39276128
"CP9068","RBRL","KK","F","66903","PTT",2021-10-03 19:06:00,2023-01-01 09:08:08,-35.662,NA,-42.411,173.716,"1",39276128
"CP16918","RRGO","KK","M","66891_2","PTT",2022-10-28 22:57:00,2023-01-01 15:54:48,29.75,3.8428,-42.386,173.649,"B",5590668
"CP16918","RRGO","KK","M","66891_2","PTT",2022-10-28 22:57:00,2023-01-01 16:38:30,30.224,3.827,-42.452,173.865,"0",5593290
"CP16918","RRGO","KK","M","66891_2","PTT",2022-10-28 22:57:00,2023-01-01 16:38:30,-35.662,NA,-42.452,173.865,"0",5593290
"CP16918","RRGO","KK","M","66891_2","PTT",2022-10-28 22:57:00,2023-01-01 16:38:30,28.328,3.8191,-42.452,173.865,"0",5593290
"CP16918","RRGO","KK","M","66891_2","PTT",2022-10-28 22:57:00,2023-01-01 17:29:45,-35.662,NA,-42.424,173.899,"B",5596365
"CP9068","RBRL","KK","F","66903","PTT",2021-10-03 19:06:00,2023-01-01 16:38:29,34.49,3.7559,-42.418,173.705,"1",39303149
"CP9068","RBRL","KK","F","66903","PTT",2021-10-03 19:06:00,2023-01-01 16:38:29,-35.662,NA,-42.418,173.705,"1",39303149
"CP16918","RRGO","KK","M","66891_2","PTT",2022-10-28 22:57:00,2023-01-01 20:08:54,25.484,3.6927,-42.424,173.737,"1",5605914
"CP16918","RRGO","KK","M","66891_2","PTT",2022-10-28 22:57:00,2023-01-01 20:08:54,24.536,3.6848,-42.424,173.737,"1",5605914
"CP16918","RRGO","KK","M","66891_2","PTT",2022-10-28 22:57:00,2023-01-01 20:08:54,-35.662,NA,-42.424,173.737,"1",5605914
"CP16918","RRGO","KK","M","66891_2","PTT",2022-10-28 22:57:00,2023-01-02 07:07:34,-35.662,NA,-42.466,173.742,"B",5645434
"CP16918","RRGO","KK","M","66891_2","PTT",2022-10-28 22:57:00,2023-01-02 08:49:22,34.016,3.7243,-42.436,173.779,"1",5651542
"CP16918","RRGO","KK","M","66891_2","PTT",2022-10-28 22:57:00,2023-01-02 08:49:22,-35.662,NA,-42.436,173.779,"1",5651542
"CP16918","RRGO","KK","M","66891_2","PTT",2022-10-28 22:57:00,2023-01-02 16:07:57,25.01,3.9139,-42.429,173.709,"1",5677857
"CP16918","RRGO","KK","M","66891_2","PTT",2022-10-28 22:57:00,2023-01-02 16:07:57,-35.662,NA,-42.429,173.709,"1",5677857
"CP16918","RRGO","KK","M","66891_2","PTT",2022-10-28 22:57:00,2023-01-02 17:11:01,-35.662,NA,-42.445,173.723,"B",5681641
"CP16918","RRGO","KK","M","66891_2","PTT",2022-10-28 22:57:00,2023-01-02 17:11:01,25.01,2.484,-42.445,173.723,"B",5681641
"CP16918","RRGO","KK","M","66891_2","PTT",2022-10-28 22:57:00,2023-01-02 19:55:52,25.484,3.7796,-42.421,173.711,"1",5691532
"CP16918","RRGO","KK","M","66891_2","PTT",2022-10-28 22:57:00,2023-01-02 19:55:52,-35.662,NA,-42.421,173.711,"1",5691532
"CP16918","RRGO","KK","M","66891_2","PTT",2022-10-28 22:57:00,2023-01-03 08:25:58,-35.662,NA,-42.414,173.724,"B",5736538
"CP16918","RRGO","KK","M","66891_2","PTT",2022-10-28 22:57:00,2023-01-03 08:25:58,32.594,3.7164,-42.414,173.724,"B",5736538
"CP9068","RBRL","KK","F","66903","PTT",2021-10-03 19:06:00,2023-01-03 08:27:04,35.438,3.7243,-42.406,173.64,"A",39446464
"CP9068","RBRL","KK","F","66903","PTT",2021-10-03 19:06:00,2023-01-03 08:27:04,-35.662,NA,-42.406,173.64,"A",39446464
"CP16918","RRGO","KK","M","66891_2","PTT",2022-10-28 22:57:00,2023-01-03 15:36:05,27.38,3.9297,-42.348,173.738,"B",5762345
"CP16918","RRGO","KK","M","66891_2","PTT",2022-10-28 22:57:00,2023-01-03 16:53:53,27.854,3.9297,-42.43,173.753,"1",5767013
"CP16918","RRGO","KK","M","66891_2","PTT",2022-10-28 22:57:00,2023-01-03 16:53:53,-35.662,NA,-42.43,173.753,"1",5767013
"CP16918","RRGO","KK","M","66891_2","PTT",2022-10-28 22:57:00,2023-01-03 16:53:53,28.802,3.9297,-42.43,173.753,"1",5767013
"CP16918","RRGO","KK","M","66891_2","PTT",2022-10-28 22:57:00,2023-01-03 17:15:09,-35.662,NA,-42.439,173.694,"A",5768289
"CP16918","RRGO","KK","M","66891_2","PTT",2022-10-28 22:57:00,2023-01-03 19:44:45,25.01,3.8112,-42.419,173.643,"1",5777265
"CP16918","RRGO","KK","M","66891_2","PTT",2022-10-28 22:57:00,2023-01-03 19:44:45,-35.662,NA,-42.419,173.643,"1",5777265
"CP16918","RRGO","KK","M","66891_2","PTT",2022-10-28 22:57:00,2023-01-03 22:23:09,25.01,3.6927,-42.437,173.671,"B",5786769
"CP16918","RRGO","KK","M","66891_2","PTT",2022-10-28 22:57:00,2023-01-03 22:23:09,-35.662,NA,-42.437,173.671,"B",5786769
"CP16918","RRGO","KK","M","66891_2","PTT",2022-10-28 22:57:00,2023-01-04 07:13:12,33.068,3.7243,-42.45,173.86,"0",5818572
"CP16918","RRGO","KK","M","66891_2","PTT",2022-10-28 22:57:00,2023-01-04 07:13:12,-35.662,NA,-42.45,173.86,"0",5818572
"CP16918","RRGO","KK","M","66891_2","PTT",2022-10-28 22:57:00,2023-01-04 08:07:15,-35.662,NA,-42.461,173.866,"B",5821815
"CP16918","RRGO","KK","M","66891_2","PTT",2022-10-28 22:57:00,2023-01-04 16:35:37,22.166,3.6927,-42.406,173.769,"B",5852317
"CP16918","RRGO","KK","M","66891_2","PTT",2022-10-28 22:57:00,2023-01-04 16:35:37,-35.662,NA,-42.406,173.769,"B",5852317
"CP16918","RRGO","KK","M","66891_2","PTT",2022-10-28 22:57:00,2023-01-05 08:33:36,27.854,3.7638,-42.483,173.892,"B",5909796
"CP16918","RRGO","KK","M","66891_2","PTT",2022-10-28 22:57:00,2023-01-05 09:26:28,-35.662,NA,-42.445,173.725,"B",5912968
"CP16918","RRGO","KK","M","66891_2","PTT",2022-10-28 22:57:00,2023-01-05 16:12:44,-35.662,NA,-42.467,173.514,"B",5937344
"CP16918","RRGO","KK","M","66891_2","PTT",2022-10-28 22:57:00,2023-01-06 08:12:25,32.594,2.9106,-42.428,173.642,"B",5994925
"CP16918","RRGO","KK","M","66891_2","PTT",2022-10-28 22:57:00,2023-01-06 08:12:25,-35.662,NA,-42.428,173.642,"B",5994925
"CP16918","RRGO","KK","M","66891_2","PTT",2022-10-28 22:57:00,2023-01-06 09:08:08,-35.662,NA,-42.459,173.702,"B",5998268
"CP16918","RRGO","KK","M","66891_2","PTT",2022-10-28 22:57:00,2023-01-06 15:43:20,-35.662,NA,-42.446,173.702,"B",6021980
"CP16918","RRGO","KK","M","66891_2","PTT",2022-10-28 22:57:00,2023-01-06 15:43:20,36.86,3.6848,-42.446,173.702,"B",6021980
"CP16918","RRGO","KK","M","66891_2","PTT",2022-10-28 22:57:00,2023-01-06 16:03:02,-35.662,NA,-42.428,173.715,"B",6023162
"CP16918","RRGO","KK","M","66891_2","PTT",2022-10-28 22:57:00,2023-01-06 16:03:02,30.698,3.6769,-42.428,173.715,"B",6023162
"CP16918","RRGO","KK","M","66891_2","PTT",2022-10-28 22:57:00,2023-01-07 15:12:00,21.218,3.7006,-42.482,173.725,"B",6106500
"CP9068","RBRL","KK","F","66903","PTT",2021-10-03 19:06:00,2023-01-08 08:23:43,30.698,3.3846,-42.469,173.975,"0",39878263
"CP9068","RBRL","KK","F","66903","PTT",2021-10-03 19:06:00,2023-01-08 08:23:43,-35.662,NA,-42.469,173.975,"0",39878263
"CP9068","RBRL","KK","F","66903","PTT",2021-10-03 19:06:00,2023-01-08 08:23:43,28.328,3.7164,-42.469,173.975,"0",39878263
"CP16918","RRGO","KK","M","66891_2","PTT",2022-10-28 22:57:00,2023-01-08 16:20:22,29.276,3.7875,-42.437,173.723,"0",6197002
"CP16918","RRGO","KK","M","66891_2","PTT",2022-10-28 22:57:00,2023-01-08 16:20:22,-35.662,NA,-42.437,173.723,"0",6197002
"CP16918","RRGO","KK","M","66891_2","PTT",2022-10-28 22:57:00,2023-01-08 16:20:22,26.906,3.7954,-42.437,173.723,"0",6197002
"CP16918","RRGO","KK","M","66891_2","PTT",2022-10-28 22:57:00,2023-01-08 17:02:18,29.276,3.7401,-42.419,173.711,"A",6199518
"CP16918","RRGO","KK","M","66891_2","PTT",2022-10-28 22:57:00,2023-01-08 17:02:18,-35.662,NA,-42.419,173.711,"A",6199518
"CP16918","RRGO","KK","M","66891_2","PTT",2022-10-28 22:57:00,2023-01-08 18:00:01,-35.662,NA,-42.411,173.703,"B",6202981
"CP9068","RBRL","KK","F","66903","PTT",2021-10-03 19:06:00,2023-01-08 16:20:59,-35.662,NA,-42.491,173.986,"B",39906899
"CP16918","RRGO","KK","M","66891_2","PTT",2022-10-28 22:57:00,2023-01-09 08:50:28,-35.662,NA,-42.441,173.687,"B",6256408
"CP16918","RRGO","KK","M","66891_2","PTT",2022-10-28 22:57:00,2023-01-09 09:41:29,-35.662,NA,-42.432,173.665,"B",6259469
"CP9068","RBRL","KK","F","66903","PTT",2021-10-03 19:06:00,2023-01-09 09:40:49,-35.662,NA,-42.439,174.082,"B",39969289
"CP16918","RRGO","KK","M","66891_2","PTT",2022-10-28 22:57:00,2023-01-09 14:13:09,-35.662,NA,-42.417,173.807,"B",6275769
"CP16918","RRGO","KK","M","66891_2","PTT",2022-10-28 22:57:00,2023-01-09 15:48:45,35.912,3.9139,-42.483,173.72,"B",6281505
"CP16918","RRGO","KK","M","66891_2","PTT",2022-10-28 22:57:00,2023-01-09 15:48:45,-35.662,NA,-42.483,173.72,"B",6281505
"CP9068","RBRL","KK","F","66903","PTT",2021-10-03 19:06:00,2023-01-09 15:47:55,34.964,3.7875,-42.35,173.65,"B",39991315
"CP9068","RBRL","KK","F","66903","PTT",2021-10-03 19:06:00,2023-01-09 15:47:55,-35.662,NA,-42.35,173.65,"B",39991315
"CP9068","RBRL","KK","F","66903","PTT",2021-10-03 19:06:00,2023-01-09 16:45:02,32.12,3.7717,-42.421,173.695,"1",39994742
"CP9068","RBRL","KK","F","66903","PTT",2021-10-03 19:06:00,2023-01-09 16:45:02,-35.662,NA,-42.421,173.695,"1",39994742
"CP16918","RRGO","KK","M","66891_2","PTT",2022-10-28 22:57:00,2023-01-09 20:12:45,-35.662,NA,-42.438,173.62,"B",6297345
"CP16918","RRGO","KK","M","66891_2","PTT",2022-10-28 22:57:00,2023-01-09 20:19:27,-35.662,NA,-42.419,173.752,"A",6297747
"CP16918","RRGO","KK","M","66891_2","PTT",2022-10-28 22:57:00,2023-01-09 22:00:23,24.536,3.7006,-42.451,173.674,"0",6303803
"CP16918","RRGO","KK","M","66891_2","PTT",2022-10-28 22:57:00,2023-01-09 22:00:23,-35.662,NA,-42.451,173.674,"0",6303803
"CP16918","RRGO","KK","M","66891_2","PTT",2022-10-28 22:57:00,2023-01-10 07:43:53,29.75,3.7322,-42.557,173.441,"B",6338813
"CP16918","RRGO","KK","M","66891_2","PTT",2022-10-28 22:57:00,2023-01-10 07:44:18,29.75,3.7322,-42.414,173.71,"B",6338838
"CP16918","RRGO","KK","M","66891_2","PTT",2022-10-28 22:57:00,2023-01-10 07:44:18,-35.662,NA,-42.414,173.71,"B",6338838
"CP16918","RRGO","KK","M","66891_2","PTT",2022-10-28 22:57:00,2023-01-10 08:31:15,23.588,3.6927,-42.433,173.791,"B",6341655
"CP16918","RRGO","KK","M","66891_2","PTT",2022-10-28 22:57:00,2023-01-10 08:31:15,-35.662,NA,-42.433,173.791,"B",6341655
"CP16918","RRGO","KK","M","66891_2","PTT",2022-10-28 22:57:00,2023-01-10 09:22:54,-35.662,NA,-42.38,173.674,"0",6344754
"CP16918","RRGO","KK","M","66891_2","PTT",2022-10-28 22:57:00,2023-01-10 09:22:54,30.224,3.6769,-42.38,173.674,"0",6344754
"CP16918","RRGO","KK","M","66891_2","PTT",2022-10-28 22:57:00,2023-01-10 15:19:31,-35.662,NA,-42.197,173.571,"B",6366151
"CP16918","RRGO","KK","M","66891_2","PTT",2022-10-28 22:57:00,2023-01-12 06:17:07,-35.662,NA,-42.418,173.716,"1",6506407
"CP16918","RRGO","KK","M","66891_2","PTT",2022-10-28 22:57:00,2023-01-13 07:04:09,-35.662,NA,-42.477,173.904,"0",6595629
"CP9068","RBRL","KK","F","66903","PTT",2021-10-03 19:06:00,2023-01-13 07:03:16,-35.662,NA,-42.431,173.802,"1",40305436
"CP9068","RBRL","KK","F","66903","PTT",2021-10-03 19:06:00,2023-01-13 08:20:02,34.964,3.7243,-42.388,173.499,"0",40310042
"CP9068","RBRL","KK","F","66903","PTT",2021-10-03 19:06:00,2023-01-13 08:20:02,-35.662,NA,-42.388,173.499,"0",40310042
"CP9068","RBRL","KK","F","66903","PTT",2021-10-03 19:06:00,2023-01-13 08:20:02,34.49,2.5156,-42.388,173.499,"0",40310042
"CP9068","RBRL","KK","F","66903","PTT",2021-10-03 19:06:00,2023-01-14 06:51:21,34.016,3.748,-42.418,173.693,"0",40391121
"CP9068","RBRL","KK","F","66903","PTT",2021-10-03 19:06:00,2023-01-14 06:51:21,-35.662,NA,-42.418,173.693,"0",40391121
"CP9068","RBRL","KK","F","66903","PTT",2021-10-03 19:06:00,2023-01-14 07:58:29,40.652,3.7954,-42.436,173.69,"1",40395149
"CP9068","RBRL","KK","F","66903","PTT",2021-10-03 19:06:00,2023-01-14 07:58:29,37.808,3.8033,-42.436,173.69,"1",40395149
"CP9068","RBRL","KK","F","66903","PTT",2021-10-03 19:06:00,2023-01-14 07:58:29,-35.662,NA,-42.436,173.69,"1",40395149
"CP9068","RBRL","KK","F","66903","PTT",2021-10-03 19:06:00,2023-01-14 07:58:29,33.542,3.8112,-42.436,173.69,"1",40395149
"CP9068","RBRL","KK","F","66903","PTT",2021-10-03 19:06:00,2023-01-14 16:30:58,34.016,3.7085,-42.459,173.781,"0",40425898
"CP9068","RBRL","KK","F","66903","PTT",2021-10-03 19:06:00,2023-01-14 16:30:58,-35.662,NA,-42.459,173.781,"0",40425898
"CP9068","RBRL","KK","F","66903","PTT",2021-10-03 19:06:00,2023-01-14 16:53:57,-35.662,NA,-42.422,173.706,"A",40427277
"CP9068","RBRL","KK","F","66903","PTT",2021-10-03 19:06:00,2023-01-14 16:53:57,38.756,3.7164,-42.422,173.706,"A",40427277
"CP9068","RBRL","KK","F","66903","PTT",2021-10-03 19:06:00,2023-01-15 06:39:47,-35.662,NA,-42.489,173.732,"B",40476827
"CP16918","RRGO","KK","M","66891_2","PTT",2022-10-28 22:57:00,2023-01-15 16:01:00,33.542,3.8902,-42.38,173.717,"A",6800640
"CP16918","RRGO","KK","M","66891_2","PTT",2022-10-28 22:57:00,2023-01-15 16:01:00,-35.662,NA,-42.38,173.717,"A",6800640
"CP16918","RRGO","KK","M","66891_2","PTT",2022-10-28 22:57:00,2023-01-15 17:39:32,-35.662,NA,-42.424,173.694,"1",6806552
"CP16918","RRGO","KK","M","66891_2","PTT",2022-10-28 22:57:00,2023-01-15 17:39:32,28.802,3.8349,-42.424,173.694,"1",6806552
"CP9068","RBRL","KK","F","66903","PTT",2021-10-03 19:06:00,2023-01-15 16:01:44,33.068,3.7717,-42.424,173.671,"1",40510544
"CP9068","RBRL","KK","F","66903","PTT",2021-10-03 19:06:00,2023-01-15 16:01:44,-35.662,NA,-42.424,173.671,"1",40510544
"CP9068","RBRL","KK","F","66903","PTT",2021-10-03 19:06:00,2023-01-15 16:01:44,33.542,3.7717,-42.424,173.671,"1",40510544
"CP9068","RBRL","KK","F","66903","PTT",2021-10-03 19:06:00,2023-01-15 16:36:29,-35.662,NA,-42.435,173.655,"B",40512629
"CP16918","RRGO","KK","M","66891_2","PTT",2022-10-28 22:57:00,2023-01-15 20:40:00,-35.662,NA,-42.424,173.686,"B",6817380
"CP16918","RRGO","KK","M","66891_2","PTT",2022-10-28 22:57:00,2023-01-16 08:57:13,39.704,3.7401,-42.419,173.719,"1",6861613
"CP16918","RRGO","KK","M","66891_2","PTT",2022-10-28 22:57:00,2023-01-16 08:57:13,-35.662,NA,-42.419,173.719,"1",6861613
"CP9068","RBRL","KK","F","66903","PTT",2021-10-03 19:06:00,2023-01-16 08:58:07,38.282,3.7243,-42.411,173.69,"1",40571527
"CP9068","RBRL","KK","F","66903","PTT",2021-10-03 19:06:00,2023-01-16 08:58:07,-35.662,NA,-42.411,173.69,"1",40571527
"CP9068","RBRL","KK","F","66903","PTT",2021-10-03 19:06:00,2023-01-16 16:20:17,37.808,3.7164,-42.419,173.707,"3",40598057
"CP9068","RBRL","KK","F","66903","PTT",2021-10-03 19:06:00,2023-01-16 16:20:17,36.86,3.7164,-42.419,173.707,"3",40598057
"CP9068","RBRL","KK","F","66903","PTT",2021-10-03 19:06:00,2023-01-16 16:20:17,-35.662,NA,-42.419,173.707,"3",40598057
"CP9068","RBRL","KK","F","66903","PTT",2021-10-03 19:06:00,2023-01-18 16:07:51,33.542,3.7954,-42.421,173.703,"1",40770111
"CP9068","RBRL","KK","F","66903","PTT",2021-10-03 19:06:00,2023-01-18 16:07:51,-35.662,NA,-42.421,173.703,"1",40770111
"CP9068","RBRL","KK","F","66903","PTT",2021-10-03 19:06:00,2023-01-18 16:07:51,33.068,3.7875,-42.421,173.703,"1",40770111
"CP9068","RBRL","KK","F","66903","PTT",2021-10-03 19:06:00,2023-01-18 17:19:02,-35.662,NA,-42.454,173.697,"B",40774382
"CP9068","RBRL","KK","F","66903","PTT",2021-10-03 19:06:00,2023-01-18 17:49:26,-35.662,NA,-42.429,173.73,"B",40776206
"CP9068","RBRL","KK","F","66903","PTT",2021-10-03 19:06:00,2023-01-18 20:04:25,24.536,3.6769,-42.39,173.704,"B",40784305
"CP16918","RRGO","KK","M","66891_2","PTT",2022-10-28 22:57:00,2023-01-19 07:30:28,-35.662,NA,-42.466,173.838,"B",7115608
"CP16918","RRGO","KK","M","66891_2","PTT",2022-10-28 22:57:00,2023-01-19 07:30:28,31.646,3.6927,-42.466,173.838,"B",7115608
"CP16918","RRGO","KK","M","66891_2","PTT",2022-10-28 22:57:00,2023-01-19 07:51:53,-35.662,NA,-42.451,173.794,"B",7116893
"CP9068","RBRL","KK","F","66903","PTT",2021-10-03 19:06:00,2023-01-19 07:02:09,33.542,3.7085,-42.328,173.833,"B",40823769
"CP9068","RBRL","KK","F","66903","PTT",2021-10-03 19:06:00,2023-01-19 07:33:52,-35.662,NA,-42.4,173.79,"B",40825672
"CP9068","RBRL","KK","F","66903","PTT",2021-10-03 19:06:00,2023-01-19 07:56:29,-35.662,NA,-42.418,173.721,"1",40827029
"CP9068","RBRL","KK","F","66903","PTT",2021-10-03 19:06:00,2023-01-19 15:35:59,-35.662,NA,-42.499,173.786,"A",40854599
"CP9068","RBRL","KK","F","66903","PTT",2021-10-03 19:06:00,2023-01-19 17:00:20,-35.662,NA,-42.523,173.803,"B",40859660
"CP9068","RBRL","KK","F","66903","PTT",2021-10-03 19:06:00,2023-01-19 17:16:19,29.276,3.7322,-42.424,173.714,"2",40860619
"CP9068","RBRL","KK","F","66903","PTT",2021-10-03 19:06:00,2023-01-19 17:16:19,28.802,3.7322,-42.424,173.714,"2",40860619
"CP9068","RBRL","KK","F","66903","PTT",2021-10-03 19:06:00,2023-01-19 17:16:19,-35.662,NA,-42.424,173.714,"2",40860619
"CP16918","RRGO","KK","M","66891_2","PTT",2022-10-28 22:57:00,2023-01-20 09:15:22,-35.662,NA,-42.327,173.745,"A",7208302
"CP16918","RRGO","KK","M","66891_2","PTT",2022-10-28 22:57:00,2023-01-20 09:15:22,39.23,3.748,-42.327,173.745,"A",7208302
"CP9068","RBRL","KK","F","66903","PTT",2021-10-03 19:06:00,2023-01-20 07:21:35,32.12,3.748,-42.417,173.698,"2",40911335
"CP9068","RBRL","KK","F","66903","PTT",2021-10-03 19:06:00,2023-01-20 07:21:35,-35.662,NA,-42.417,173.698,"2",40911335
"CP9068","RBRL","KK","F","66903","PTT",2021-10-03 19:06:00,2023-01-20 07:21:35,32.594,3.7401,-42.417,173.698,"2",40911335
"CP9068","RBRL","KK","F","66903","PTT",2021-10-03 19:06:00,2023-01-20 07:35:38,35.438,3.7243,-42.425,173.712,"1",40912178
"CP9068","RBRL","KK","F","66903","PTT",2021-10-03 19:06:00,2023-01-20 07:35:38,-35.662,NA,-42.425,173.712,"1",40912178
"CP9068","RBRL","KK","F","66903","PTT",2021-10-03 19:06:00,2023-01-20 08:23:24,36.86,3.7085,-42.391,173.707,"B",40915044
"CP9068","RBRL","KK","F","66903","PTT",2021-10-03 19:06:00,2023-01-20 09:16:20,-35.662,NA,-42.423,173.689,"1",40918220
"CP9068","RBRL","KK","F","66903","PTT",2021-10-03 19:06:00,2023-01-20 15:05:24,-35.662,NA,-42.301,173.791,"B",40939164
"CP9068","RBRL","KK","F","66903","PTT",2021-10-03 19:06:00,2023-01-22 06:05:46,36.386,3.7717,-42.452,173.669,"1",41079586
"CP9068","RBRL","KK","F","66903","PTT",2021-10-03 19:06:00,2023-01-22 06:05:46,35.912,3.7243,-42.452,173.669,"1",41079586
"CP9068","RBRL","KK","F","66903","PTT",2021-10-03 19:06:00,2023-01-22 06:05:46,-35.662,NA,-42.452,173.669,"1",41079586
"CP16918","RRGO","KK","M","66891_2","PTT",2022-10-28 22:57:00,2023-01-24 07:51:44,34.016,3.116,-42.417,173.711,"1",7548884
"CP16918","RRGO","KK","M","66891_2","PTT",2022-10-28 22:57:00,2023-01-24 07:51:44,-35.662,NA,-42.417,173.711,"1",7548884
"CP9068","RBRL","KK","F","66903","PTT",2021-10-03 19:06:00,2023-01-24 07:52:08,35.438,3.7164,-42.41,173.659,"A",41258768
"CP9068","RBRL","KK","F","66903","PTT",2021-10-03 19:06:00,2023-01-24 07:52:08,-35.662,NA,-42.41,173.659,"A",41258768
"CP16918","RRGO","KK","M","66891_2","PTT",2022-10-28 22:57:00,2023-01-25 15:49:43,34.964,3.6769,-42.413,173.673,"1",7663963
"CP16918","RRGO","KK","M","66891_2","PTT",2022-10-28 22:57:00,2023-01-25 15:49:43,-35.662,NA,-42.413,173.673,"1",7663963
"CP16918","RRGO","KK","M","66891_2","PTT",2022-10-28 22:57:00,2023-01-25 15:49:43,36.386,3.6769,-42.413,173.673,"1",7663963
"CP9068","RBRL","KK","F","66903","PTT",2021-10-03 19:06:00,2023-01-26 16:34:36,34.964,3.669,-42.444,173.804,"0",41462916
"CP9068","RBRL","KK","F","66903","PTT",2021-10-03 19:06:00,2023-01-26 16:34:36,-35.662,NA,-42.444,173.804,"0",41462916
"CP9068","RBRL","KK","F","66903","PTT",2021-10-03 19:06:00,2023-01-26 16:34:36,41.126,3.7164,-42.444,173.804,"0",41462916
"CP16918","RRGO","KK","M","66891_2","PTT",2022-10-28 22:57:00,2023-01-27 08:30:04,-35.662,NA,-42.42,173.642,"A",7810384
"CP16918","RRGO","KK","M","66891_2","PTT",2022-10-28 22:57:00,2023-01-29 09:30:35,35.438,3.6848,-42.395,173.71,"A",7986815
"CP16918","RRGO","KK","M","66891_2","PTT",2022-10-28 22:57:00,2023-01-29 09:30:35,-35.662,NA,-42.395,173.71,"A",7986815
"CP16918","RRGO","KK","M","66891_2","PTT",2022-10-28 22:57:00,2023-01-29 09:30:35,35.912,3.6769,-42.395,173.71,"A",7986815
"CP16918","RRGO","KK","M","66891_2","PTT",2022-10-28 22:57:00,2023-02-06 08:25:12,38.282,3.7085,-42.286,173.081,"1",8674092
"CP16918","RRGO","KK","M","66891_2","PTT",2022-10-28 22:57:00,2023-02-06 08:25:12,38.756,3.7006,-42.286,173.081,"1",8674092
"CP16918","RRGO","KK","M","66891_2","PTT",2022-10-28 22:57:00,2023-02-06 08:25:12,-35.662,NA,-42.286,173.081,"1",8674092
"CP16918","RRGO","KK","M","66891_2","PTT",2022-10-28 22:57:00,2023-03-06 08:43:51,-35.662,NA,-42.443,173.68,"A",11094411
"CP16918","RRGO","KK","M","66891_2","PTT",2022-10-28 22:57:00,2023-03-06 08:43:51,38.756,3.7164,-42.443,173.68,"A",11094411
"CP16918","RRGO","KK","M","66891_2","PTT",2022-10-28 22:57:00,2023-03-10 09:02:25,29.75,3.7006,-42.413,173.67,"1",11441125
"CP16918","RRGO","KK","M","66891_2","PTT",2022-10-28 22:57:00,2023-03-10 09:02:25,-35.662,NA,-42.413,173.67,"1",11441125
"CP16918","RRGO","KK","M","66891_2","PTT",2022-10-28 22:57:00,2023-03-11 08:40:25,33.542,3.6927,-42.335,173.704,"A",11526205
"CP16918","RRGO","KK","M","66891_2","PTT",2022-10-28 22:57:00,2023-03-11 08:40:25,-35.662,NA,-42.335,173.704,"A",11526205
"CP9068","RBRL","KK","F","66903","PTT",2021-10-03 19:06:00,2023-03-11 08:39:26,38.282,3.7322,-37.366,174.684,"2",45236006
"CP9068","RBRL","KK","F","66903","PTT",2021-10-03 19:06:00,2023-03-11 08:39:26,-35.662,NA,-37.366,174.684,"2",45236006
"CP9068","RBRL","KK","F","66903","PTT",2021-10-03 19:06:00,2023-03-11 08:39:26,40.178,3.7322,-37.366,174.684,"2",45236006
"CP16918","RRGO","KK","M","66891_2","PTT",2022-10-28 22:57:00,2023-03-16 08:38:36,-35.662,NA,-42.44,173.789,"B",11958096
"CP16918","RRGO","KK","M","66891_2","PTT",2022-10-28 22:57:00,2023-03-18 07:42:25,32.12,3.6769,-42.423,173.682,"1",12127525
"CP16918","RRGO","KK","M","66891_2","PTT",2022-10-28 22:57:00,2023-03-18 07:42:25,-35.662,NA,-42.423,173.682,"1",12127525
"CP9068","RBRL","KK","F","66903","PTT",2021-10-03 19:06:00,2023-03-19 09:14:56,35.438,3.7322,-37.43,174.773,"B",45929336
"CP9068","RBRL","KK","F","66903","PTT",2021-10-03 19:06:00,2023-03-19 09:14:56,-35.662,NA,-37.43,174.773,"B",45929336
"CP16918","RRGO","KK","M","66891_2","PTT",2022-10-28 22:57:00,2023-03-23 09:31:14,-35.662,NA,-42.455,173.809,"B",12566054
"CP9068","RBRL","KK","F","66903","PTT",2021-10-03 19:06:00,2023-03-25 08:49:59,39.23,3.7559,-37.383,174.731,"2",46446239
"CP9068","RBRL","KK","F","66903","PTT",2021-10-03 19:06:00,2023-03-25 08:49:59,37.334,3.748,-37.383,174.731,"2",46446239
"CP9068","RBRL","KK","F","66903","PTT",2021-10-03 19:06:00,2023-03-25 08:49:59,-35.662,NA,-37.383,174.731,"2",46446239
"CP9068","RBRL","KK","F","66903","PTT",2021-10-03 19:06:00,2023-03-25 08:49:59,37.808,3.7401,-37.383,174.731,"2",46446239
"CP9068","RBRL","KK","F","66903","PTT",2021-10-03 19:06:00,2023-04-02 06:22:39,47.762,3.748,-37.406,174.779,"0",47132199
"CP9068","RBRL","KK","F","66903","PTT",2021-10-03 19:06:00,2023-04-02 06:22:39,-35.662,NA,-37.406,174.779,"0",47132199
"CP9068","RBRL","KK","F","66903","PTT",2021-10-03 19:06:00,2023-04-03 06:03:38,-35.662,NA,-37.553,174.726,"B",47217458
"CP9068","RBRL","KK","F","66903","PTT",2021-10-03 19:06:00,2023-04-04 13:43:01,28.802,3.7559,-37.345,174.366,"B",47331421
"CP9068","RBRL","KK","F","66903","PTT",2021-10-03 19:06:00,2023-04-04 13:43:01,-35.662,NA,-37.345,174.366,"B",47331421
"CP16918","RRGO","KK","M","66891_2","PTT",2022-10-28 22:57:00,2023-04-12 04:41:04,-35.662,NA,-42.426,173.721,"B",14280244
"CP16918","RRGO","KK","M","66891_2","PTT",2022-10-28 22:57:00,2023-04-12 04:44:54,-35.662,NA,-42.426,173.715,"3",14280474
"CP9068","RBRL","KK","F","66903","PTT",2021-10-03 19:06:00,2023-04-24 05:30:42,-35.662,NA,-37.377,174.662,"1",49029882
"CP9068","RBRL","KK","F","66903","PTT",2021-10-03 19:06:00,2023-04-24 13:00:15,-35.662,NA,-37.38,174.745,"B",49056855
"CP9068","RBRL","KK","F","66903","PTT",2021-10-03 19:06:00,2023-04-24 13:47:50,-35.662,NA,-37.386,174.741,"1",49059710
"CP16918","RRGO","KK","M","66891_2","PTT",2022-10-28 22:57:00,2023-04-27 06:09:03,35.438,3.7006,-42.415,173.696,"3",15581523
"CP16918","RRGO","KK","M","66891_2","PTT",2022-10-28 22:57:00,2023-04-27 06:09:03,-35.662,NA,-42.415,173.696,"3",15581523
"CP16918","RRGO","KK","M","66891_2","PTT",2022-10-28 22:57:00,2023-10-13 09:32:01,-35.662,NA,-39.078,156.041,"A",30191701
